id,warehouse_block,mode_of_shipment,cost_of_product,prior_purchases,product_importance,gender,discount_offered,weight_gms,customer_care_calls,customer_rating,reached_on_time,weight_bucket,high_value,discount_tier,warehouse_enc,shipment_enc,importance_enc,gender_enc
1,D,Flight,177,3,low,F,44,1233,4,2,1,Light,0,High,3,0,0,0
2,F,Flight,216,2,low,M,59,3088,4,5,1,Medium,0,High,4,0,0,1
3,A,Flight,183,4,low,M,48,3374,2,2,1,Medium,0,High,0,0,0,1
4,B,Flight,176,4,medium,M,10,1177,3,3,1,Light,0,Low,1,0,1,1
5,C,Flight,184,3,medium,F,46,2484,2,2,1,Medium,0,High,2,0,1,0
6,F,Flight,162,3,medium,F,12,1417,3,1,1,Light,0,Medium,4,0,1,0
7,D,Flight,250,3,low,F,3,2371,3,4,1,Medium,0,Low,3,0,0,0
8,F,Flight,233,2,low,F,48,2804,4,1,1,Medium,0,High,4,0,0,0
9,A,Flight,150,3,low,F,11,1861,3,4,1,Light,0,Medium,0,0,0,0
10,B,Flight,164,3,medium,F,29,1187,3,2,1,Light,0,Medium,1,0,1,0
11,C,Flight,189,2,medium,M,12,2888,3,4,1,Medium,0,Medium,2,0,1,1
12,F,Flight,232,3,medium,F,32,3253,4,5,1,Medium,0,High,4,0,1,0
13,D,Flight,198,3,medium,F,1,3667,3,5,1,Medium,0,Low,3,0,1,0
14,F,Flight,275,3,high,M,29,2602,4,4,1,Medium,1,Medium,4,0,2,1
15,A,Flight,152,3,low,M,43,1009,4,3,1,Light,0,High,0,0,0,1
16,B,Flight,227,3,low,F,45,2707,4,3,1,Medium,0,High,1,0,0,0
17,C,Flight,143,2,medium,F,6,1194,3,4,1,Light,0,Low,2,0,1,0
18,F,Ship,227,3,medium,M,36,3952,5,5,1,Medium,0,High,4,2,1,1
19,D,Ship,239,3,high,M,18,2495,5,5,1,Medium,0,Medium,3,2,2,1
20,F,Ship,145,3,medium,M,45,1059,4,5,1,Light,0,High,4,2,1,1
21,A,Ship,161,2,medium,F,38,1521,3,3,1,Light,0,High,0,2,1,0
22,B,Ship,232,4,medium,F,51,2899,3,1,1,Medium,0,High,1,2,1,0
23,C,Ship,156,2,low,M,2,1750,2,5,1,Light,0,Low,2,2,0,1
24,F,Ship,211,3,high,M,12,3922,4,3,1,Medium,0,Medium,4,2,2,1
25,D,Ship,251,2,medium,F,28,3561,4,5,1,Medium,1,Medium,3,2,1,0
26,F,Ship,225,4,low,M,29,3496,3,1,1,Medium,0,Medium,4,2,0,1
27,A,Ship,172,3,high,F,24,1066,4,1,1,Light,0,Medium,0,2,2,0
28,B,Ship,162,3,medium,M,31,1435,5,1,1,Light,0,High,1,2,1,1
29,C,Ship,234,4,low,M,44,3134,2,3,1,Medium,0,High,2,2,0,1
30,F,Ship,183,2,low,F,36,3819,5,4,1,Medium,0,High,4,2,0,0
31,D,Ship,266,2,medium,F,38,2741,3,4,1,Medium,1,High,3,2,1,0
32,F,Ship,257,2,low,F,61,3341,5,3,1,Medium,1,High,4,2,0,0
33,A,Ship,223,3,low,F,22,3795,3,1,1,Medium,0,Medium,0,2,0,0
34,B,Ship,234,3,medium,M,4,3261,4,2,1,Medium,0,Low,1,2,1,1
35,C,Ship,227,4,medium,F,22,2460,4,2,1,Medium,0,Medium,2,2,1,0
36,F,Ship,149,3,medium,F,44,1811,5,4,1,Light,0,High,4,2,1,0
37,D,Ship,137,4,high,F,62,1477,3,5,1,Light,0,High,3,2,2,0
38,F,Ship,181,6,medium,F,16,3605,2,4,1,Medium,0,Medium,4,2,1,0
39,A,Ship,215,4,low,F,56,3905,5,1,1,Medium,0,High,0,2,0,0
40,B,Ship,269,5,low,F,45,2383,4,2,1,Medium,1,High,1,2,0,0
41,C,Ship,227,2,low,M,15,3798,5,1,1,Medium,0,Medium,2,2,0,1
42,F,Ship,139,4,medium,M,61,1265,5,5,1,Light,0,High,4,2,1,1
43,D,Ship,137,2,medium,M,38,1647,3,5,1,Light,0,High,3,2,1,1
44,F,Ship,174,2,low,M,44,1556,3,1,1,Light,0,High,4,2,0,1
45,A,Ship,151,2,low,M,29,1328,3,1,1,Light,0,Medium,0,2,0,1
46,B,Ship,210,3,low,F,9,2944,5,1,1,Medium,0,Low,1,2,0,0
47,C,Ship,169,4,medium,F,32,1245,3,4,1,Light,0,High,2,2,1,0
48,F,Ship,160,2,low,M,32,1576,5,1,1,Light,0,High,4,2,0,1
49,D,Ship,190,2,medium,M,9,3753,5,4,1,Medium,0,Low,3,2,1,1
50,F,Ship,216,3,low,F,40,2146,5,3,1,Medium,0,High,4,2,0,0
51,A,Ship,183,3,low,M,37,2042,4,1,1,Medium,0,High,0,2,0,1
52,B,Ship,141,3,low,M,22,1735,4,4,1,Light,0,Medium,1,2,0,1
53,C,Ship,165,3,low,F,44,1320,4,3,1,Light,0,High,2,2,0,0
54,F,Ship,170,3,low,M,41,1128,2,1,1,Light,0,High,4,2,0,1
55,D,Ship,203,3,high,M,12,3539,4,3,1,Medium,0,Medium,3,2,2,1
56,F,Ship,246,5,low,M,46,2437,2,5,1,Medium,0,High,4,2,0,1
57,A,Ship,238,3,low,F,61,3096,3,3,1,Medium,0,High,0,2,0,0
58,B,Ship,193,3,medium,F,29,3453,3,3,1,Medium,0,Medium,1,2,1,0
59,C,Ship,141,3,high,M,41,1367,5,5,1,Light,0,High,2,2,2,1
60,F,Ship,150,3,high,F,17,1923,4,1,1,Light,0,Medium,4,2,2,0
61,D,Ship,221,3,low,F,64,2794,3,1,1,Medium,0,High,3,2,0,0
62,F,Ship,179,3,medium,M,52,1158,3,3,1,Light,0,High,4,2,1,1
63,A,Ship,105,6,medium,M,62,1292,5,1,1,Light,0,High,0,2,1,1
64,B,Ship,177,3,medium,M,61,1880,3,1,1,Light,0,High,1,2,1,1
65,C,Ship,261,2,high,M,49,3045,4,5,1,Medium,1,High,2,2,2,1
66,F,Ship,202,3,low,M,49,2881,3,2,1,Medium,0,High,4,2,0,1
67,D,Ship,109,3,medium,F,15,1710,3,2,1,Light,0,Medium,3,2,1,0
68,F,Ship,158,3,low,F,6,1878,3,3,1,Light,0,Low,4,2,0,0
69,A,Ship,231,4,medium,F,6,2512,4,2,1,Medium,0,Low,0,2,1,0
70,B,Ship,206,3,medium,M,39,2929,3,5,1,Medium,0,High,1,2,1,1
71,C,Ship,187,4,high,M,14,3849,5,1,1,Medium,0,Medium,2,2,2,1
72,F,Ship,230,2,low,F,2,2229,5,5,1,Medium,0,Low,4,2,0,0
73,D,Ship,232,3,medium,F,33,2998,5,5,1,Medium,0,High,3,2,1,0
74,F,Ship,215,3,medium,F,21,3984,4,5,1,Medium,0,Medium,4,2,1,0
75,A,Ship,238,6,low,F,13,2442,6,1,1,Medium,0,Medium,0,2,0,0
76,B,Ship,266,3,low,F,23,3775,4,1,1,Medium,1,Medium,1,2,0,0
77,C,Ship,158,2,medium,F,36,1788,2,3,1,Light,0,High,2,2,1,0
78,F,Ship,113,3,low,F,43,1518,3,3,1,Light,0,High,4,2,0,0
79,D,Ship,223,3,low,M,18,3959,3,4,1,Medium,0,Medium,3,2,0,1
80,F,Ship,257,2,medium,F,56,3711,3,5,1,Medium,1,High,4,2,1,0
81,A,Ship,180,2,medium,F,49,1942,3,4,1,Light,0,High,0,2,1,0
82,B,Ship,132,3,low,M,18,1759,2,5,1,Light,0,Medium,1,2,0,1
83,C,Ship,217,3,high,F,26,2875,4,4,1,Medium,0,Medium,2,2,2,0
84,F,Ship,162,3,high,F,31,1364,5,5,1,Light,0,High,4,2,2,0
85,D,Ship,197,2,medium,F,40,2710,4,5,1,Medium,0,High,3,2,1,0
86,F,Ship,197,3,medium,M,13,2148,3,4,1,Medium,0,Medium,4,2,1,1
87,A,Ship,185,2,low,M,44,2910,4,1,1,Medium,0,High,0,2,0,1
88,B,Ship,278,3,medium,F,3,2974,6,2,1,Medium,1,Low,1,2,1,0
89,C,Ship,229,3,low,M,49,2339,3,3,1,Medium,0,High,2,2,0,1
90,F,Ship,186,4,medium,F,57,3880,4,1,1,Medium,0,High,4,2,1,0
91,D,Ship,174,6,high,F,41,1085,5,3,1,Light,0,High,3,2,2,0
92,F,Ship,286,3,low,F,18,3163,5,5,1,Medium,1,Medium,4,2,0,0
93,A,Ship,175,2,medium,F,7,1188,4,4,1,Light,0,Low,0,2,1,0
94,B,Ship,219,3,medium,F,17,3387,3,3,1,Medium,0,Medium,1,2,1,0
95,C,Ship,213,4,high,F,35,2343,4,1,1,Medium,0,High,2,2,2,0
96,F,Ship,235,3,low,M,57,2034,2,3,1,Medium,0,High,4,2,0,1
97,D,Ship,149,2,medium,M,18,1225,3,3,1,Light,0,Medium,3,2,1,1
98,F,Ship,271,2,medium,F,8,2401,4,1,1,Medium,1,Low,4,2,1,0
99,A,Ship,144,4,medium,M,5,1104,3,5,1,Light,0,Low,0,2,1,1
100,B,Ship,145,2,medium,M,21,1617,4,2,1,Light,0,Medium,1,2,1,1
101,C,Ship,143,2,medium,M,59,1837,5,3,1,Light,0,High,2,2,1,1
102,F,Ship,227,4,low,M,53,2624,5,5,1,Medium,0,High,4,2,0,1
103,D,Ship,213,3,low,M,29,2732,2,1,1,Medium,0,Medium,3,2,0,1
104,F,Ship,144,4,low,M,37,1658,5,1,1,Light,0,High,4,2,0,1
105,A,Ship,218,3,low,M,3,2255,3,3,1,Medium,0,Low,0,2,0,1
106,B,Ship,144,3,medium,M,59,1588,4,2,1,Light,0,High,1,2,1,1
107,C,Ship,238,3,low,M,17,2624,3,1,1,Medium,0,Medium,2,2,0,1
108,F,Ship,216,3,high,M,26,2053,4,5,1,Medium,0,Medium,4,2,2,1
109,D,Ship,238,3,high,F,55,3257,4,5,1,Medium,0,High,3,2,2,0
110,F,Ship,141,3,medium,M,47,1250,4,1,1,Light,0,High,4,2,1,1
111,A,Road,158,2,low,M,2,1284,3,1,1,Light,0,Low,0,1,0,1
112,B,Road,239,3,low,F,65,3679,4,2,1,Medium,0,High,1,1,0,0
113,C,Road,175,2,low,M,25,1816,4,3,1,Light,0,Medium,2,1,0,1
114,F,Road,263,3,low,M,41,2817,3,2,1,Medium,1,High,4,1,0,1
115,D,Road,168,2,high,M,50,1616,3,5,1,Light,0,High,3,1,2,1
116,F,Road,176,3,high,M,36,1779,3,4,1,Light,0,High,4,1,2,1
117,A,Road,150,4,high,M,60,1024,4,1,1,Light,0,High,0,1,2,1
118,B,Road,265,2,medium,F,31,2326,4,3,1,Medium,1,High,1,1,1,0
119,C,Road,263,3,low,F,5,2947,2,5,1,Medium,1,Low,2,1,0,0
120,F,Road,145,3,low,M,20,1387,5,1,1,Light,0,Medium,4,1,0,1
121,D,Road,183,3,low,F,33,2741,4,2,1,Medium,0,High,3,1,0,0
122,F,Road,205,3,medium,F,19,2167,3,3,1,Medium,0,Medium,4,1,1,0
123,A,Road,160,3,low,M,64,1714,4,2,1,Light,0,High,0,1,0,1
124,B,Road,252,2,medium,F,48,2102,3,3,1,Medium,1,High,1,1,1,0
125,C,Road,222,3,low,M,10,2280,5,5,1,Medium,0,Low,2,1,0,1
126,F,Road,203,2,low,M,25,3607,3,3,1,Medium,0,Medium,4,1,0,1
127,D,Road,220,3,medium,M,40,3516,4,5,1,Medium,0,High,3,1,1,1
128,F,Road,147,4,low,F,60,1722,3,3,1,Light,0,High,4,1,0,0
129,A,Road,200,4,medium,M,16,2060,4,4,1,Medium,0,Medium,0,1,1,1
130,B,Road,224,4,medium,M,21,2026,4,5,1,Medium,0,Medium,1,1,1,1
131,C,Road,179,2,low,F,17,1364,3,5,1,Light,0,Medium,2,1,0,0
132,F,Road,144,3,low,M,50,1865,3,4,1,Light,0,High,4,1,0,1
133,D,Flight,247,3,low,M,17,3889,5,2,1,Medium,0,Medium,3,0,0,1
134,F,Flight,280,6,medium,F,51,3582,5,4,1,Medium,1,High,4,0,1,0
135,A,Flight,168,2,medium,F,1,1829,3,3,1,Light,0,Low,0,0,1,0
136,B,Flight,157,3,medium,F,4,1889,3,5,1,Light,0,Low,1,0,1,0
137,C,Flight,189,4,medium,F,51,2208,3,3,1,Medium,0,High,2,0,1,0
138,F,Flight,162,2,medium,M,7,1739,3,5,1,Light,0,Low,4,0,1,1
139,D,Flight,207,5,low,M,48,2399,4,1,1,Medium,0,High,3,0,0,1
140,F,Flight,237,2,low,F,10,3860,5,1,1,Medium,0,Low,4,0,0,0
141,A,Flight,264,3,high,M,59,2020,4,4,1,Medium,1,High,0,0,2,1
142,B,Flight,149,3,low,M,51,1645,5,4,1,Light,0,High,1,0,0,1
143,C,Flight,162,3,low,M,41,1462,5,5,1,Light,0,High,2,0,0,1
144,F,Flight,205,4,medium,F,63,2156,2,1,1,Medium,0,High,4,0,1,0
145,D,Flight,158,3,medium,F,51,1540,2,1,1,Light,0,High,3,0,1,0
146,F,Flight,248,2,low,M,46,3707,2,2,1,Medium,0,High,4,0,0,1
147,A,Flight,191,3,low,M,23,3750,3,5,1,Medium,0,Medium,0,0,0,1
148,B,Flight,146,4,medium,F,24,1844,4,3,1,Light,0,Medium,1,0,1,0
149,C,Flight,135,3,low,M,56,1490,3,3,1,Light,0,High,2,0,0,1
150,F,Flight,149,3,low,M,40,1062,5,1,1,Light,0,High,4,0,0,1
151,D,Flight,220,2,medium,F,7,2551,4,4,1,Medium,0,Low,3,0,1,0
152,F,Flight,98,5,medium,M,44,1269,5,3,1,Light,0,High,4,0,1,1
153,A,Flight,97,4,low,M,32,1238,3,4,1,Light,0,High,0,0,0,1
154,B,Flight,183,2,low,M,53,3932,3,3,1,Medium,0,High,1,0,0,1
155,C,Ship,162,3,medium,F,8,1869,3,3,1,Light,0,Low,2,2,1,0
156,F,Ship,114,4,low,F,47,1443,5,1,1,Light,0,High,4,2,0,0
157,D,Ship,275,5,low,M,41,2491,6,3,1,Medium,1,High,3,2,0,1
158,F,Ship,203,2,medium,F,39,3845,3,2,1,Medium,0,High,4,2,1,0
159,A,Ship,205,2,high,M,65,3671,5,5,1,Medium,0,High,0,2,2,1
160,B,Ship,149,3,low,F,63,1946,3,3,1,Light,0,High,1,2,0,0
161,C,Ship,112,4,medium,M,56,1138,2,2,1,Light,0,High,2,2,1,1
162,F,Ship,207,3,medium,F,56,3482,3,1,1,Medium,0,High,4,2,1,0
163,D,Ship,261,4,low,F,58,3427,4,1,1,Medium,1,High,3,2,0,0
164,F,Ship,274,3,medium,M,6,3375,5,2,1,Medium,1,Low,4,2,1,1
165,A,Ship,141,2,low,M,52,1692,3,5,1,Light,0,High,0,2,0,1
166,B,Ship,166,4,medium,F,17,1498,3,3,1,Light,0,Medium,1,2,1,0
167,C,Ship,141,3,high,F,34,1020,5,2,1,Light,0,High,2,2,2,0
168,F,Ship,152,3,low,M,43,1709,4,5,1,Light,0,High,4,2,0,1
169,D,Ship,250,3,low,F,53,2478,4,2,1,Medium,0,High,3,2,0,0
170,F,Ship,161,3,medium,F,28,1809,4,3,1,Light,0,Medium,4,2,1,0
171,A,Ship,185,3,medium,F,10,2263,4,3,1,Medium,0,Low,0,2,1,0
172,B,Ship,176,4,high,F,52,1096,4,4,1,Light,0,High,1,2,2,0
173,C,Ship,148,3,low,M,56,1550,3,4,1,Light,0,High,2,2,0,1
174,F,Ship,270,3,low,F,63,2751,3,2,1,Medium,1,High,4,2,0,0
175,D,Ship,242,3,low,F,51,3935,3,3,1,Medium,0,High,3,2,0,0
176,F,Ship,150,2,medium,M,3,1285,4,4,1,Light,0,Low,4,2,1,1
177,A,Ship,192,3,high,M,20,3872,4,5,1,Medium,0,Medium,0,2,2,1
178,B,Ship,116,3,medium,M,54,1314,4,5,1,Light,0,High,1,2,1,1
179,C,Ship,192,3,medium,F,2,3995,3,3,1,Medium,0,Low,2,2,1,0
180,F,Ship,255,4,medium,M,3,3440,5,5,1,Medium,1,Low,4,2,1,1
181,D,Ship,161,7,medium,F,18,1294,4,1,1,Light,0,Medium,3,2,1,0
182,F,Ship,157,3,low,M,20,1487,4,5,1,Light,0,Medium,4,2,0,1
183,A,Ship,164,10,high,F,28,1940,3,2,1,Light,0,Medium,0,2,2,0
184,B,Ship,162,7,medium,F,16,1052,3,5,1,Light,0,Medium,1,2,1,0
185,C,Ship,146,2,low,M,50,1486,3,3,1,Light,0,High,2,2,0,1
186,F,Ship,209,3,medium,M,54,3001,3,2,1,Medium,0,High,4,2,1,1
187,D,Ship,134,2,medium,F,55,1386,5,4,1,Light,0,High,3,2,1,0
188,F,Ship,222,2,medium,M,5,3778,2,1,1,Medium,0,Low,4,2,1,1
189,A,Ship,139,3,low,F,27,1233,2,5,1,Light,0,Medium,0,2,0,0
190,B,Ship,134,3,low,F,42,1415,2,4,1,Light,0,High,1,2,0,0
191,C,Ship,130,3,low,M,16,1092,2,5,1,Light,0,Medium,2,2,0,1
192,F,Ship,133,3,low,F,62,1596,2,5,1,Light,0,High,4,2,0,0
193,D,Ship,140,3,low,F,7,1411,2,4,1,Light,0,Low,3,2,0,0
194,F,Ship,158,3,low,M,28,1968,2,2,1,Light,0,Medium,4,2,0,1
195,A,Ship,270,4,low,F,46,1736,4,2,1,Light,1,High,0,2,0,0
196,B,Ship,140,3,low,F,30,1030,2,5,1,Light,0,Medium,1,2,0,0
197,C,Ship,135,3,low,M,15,1339,2,2,1,Light,0,Medium,2,2,0,1
198,F,Ship,136,3,low,F,19,1568,2,3,1,Light,0,Medium,4,2,0,0
199,D,Ship,142,3,medium,F,38,7640,2,3,1,Very Heavy,0,High,3,2,1,0
200,F,Ship,154,3,medium,M,38,7846,2,2,1,Very Heavy,0,High,4,2,1,1
201,A,Ship,139,3,low,M,9,1471,2,3,1,Light,0,Low,0,2,0,1
202,B,Ship,160,3,low,F,43,1251,2,3,1,Light,0,High,1,2,0,0
203,C,Ship,134,3,low,M,58,1067,2,4,1,Light,0,High,2,2,0,1
204,F,Ship,161,5,high,M,48,1883,5,3,1,Light,0,High,4,2,2,1
205,D,Ship,155,3,low,M,23,1602,2,5,1,Light,0,Medium,3,2,0,1
206,F,Ship,145,3,medium,F,24,7588,2,3,1,Very Heavy,0,Medium,4,2,1,0
207,A,Ship,157,3,low,M,1,1477,2,2,1,Light,0,Low,0,2,0,1
208,B,Ship,160,3,low,M,48,1691,2,2,1,Light,0,High,1,2,0,1
209,C,Ship,152,3,low,M,55,1498,2,4,1,Light,0,High,2,2,0,1
210,F,Ship,148,3,high,F,11,1502,2,5,1,Light,0,Medium,4,2,2,0
211,D,Ship,127,3,low,F,15,1522,2,1,1,Light,0,Medium,3,2,0,0
212,F,Ship,154,3,low,F,21,1113,2,5,1,Light,0,Medium,4,2,0,0
213,A,Ship,127,3,low,M,44,1341,2,5,1,Light,0,High,0,2,0,1
214,B,Ship,160,3,medium,F,31,7401,2,5,1,Very Heavy,0,High,1,2,1,0
215,C,Ship,129,3,low,F,48,1219,2,4,1,Light,0,High,2,2,0,0
216,F,Ship,158,3,low,F,40,1722,2,5,1,Light,0,High,4,2,0,0
217,D,Ship,185,3,medium,M,3,3131,4,3,1,Medium,0,Low,3,2,1,1
218,F,Ship,176,4,high,F,63,1293,4,4,1,Light,0,High,4,2,2,0
219,A,Ship,148,3,low,M,37,1523,3,4,1,Light,0,High,0,2,0,1
220,B,Ship,270,3,low,M,60,3885,3,5,1,Medium,1,High,1,2,0,1
221,C,Ship,242,3,low,M,29,2381,3,4,1,Medium,0,Medium,2,2,0,1
222,F,Ship,150,2,medium,M,31,1588,4,3,1,Light,0,High,4,2,1,1
223,D,Ship,192,3,high,M,4,2061,4,2,1,Medium,0,Low,3,2,2,1
224,F,Ship,116,3,medium,F,9,1314,4,5,1,Light,0,Low,4,2,1,0
225,A,Ship,192,3,medium,F,31,3331,3,4,1,Medium,0,High,0,2,1,0
226,B,Ship,255,4,medium,F,38,2771,5,4,1,Medium,1,High,1,2,1,0
227,C,Ship,161,7,medium,M,63,1496,4,3,1,Light,0,High,2,2,1,1
228,F,Ship,157,3,low,F,48,1393,4,2,1,Light,0,High,4,2,0,0
229,D,Ship,164,10,high,M,14,1375,3,2,1,Light,0,Medium,3,2,2,1
230,F,Ship,162,7,medium,F,42,1278,3,3,1,Light,0,High,4,2,1,0
231,A,Ship,146,2,low,F,54,1528,3,1,1,Light,0,High,0,2,0,0
232,B,Ship,209,3,medium,F,60,2240,3,4,1,Medium,0,High,1,2,1,0
233,C,Ship,134,2,medium,M,53,1088,5,5,1,Light,0,High,2,2,1,1
234,F,Ship,222,2,medium,M,58,3626,2,1,1,Medium,0,High,4,2,1,1
235,D,Ship,139,3,low,F,39,1582,2,1,1,Light,0,High,3,2,0,0
236,F,Ship,134,3,low,M,38,1352,2,2,1,Light,0,High,4,2,0,1
237,A,Ship,130,3,low,F,48,1801,2,3,1,Light,0,High,0,2,0,0
238,B,Ship,133,3,low,M,5,1268,2,2,1,Light,0,Low,1,2,0,1
239,C,Ship,140,3,low,F,23,1372,2,3,1,Light,0,Medium,2,2,0,0
240,F,Ship,158,3,low,M,10,1515,2,3,1,Light,0,Low,4,2,0,1
241,D,Ship,270,4,low,M,65,1818,4,5,1,Light,1,High,3,2,0,1
242,F,Ship,140,3,low,F,33,1278,2,4,1,Light,0,High,4,2,0,0
243,A,Ship,135,3,low,M,58,1734,2,2,1,Light,0,High,0,2,0,1
244,B,Ship,136,3,low,M,43,1958,2,4,1,Light,0,High,1,2,0,1
245,C,Ship,142,3,medium,F,8,6064,2,1,1,Very Heavy,0,Low,2,2,1,0
246,F,Ship,154,3,medium,F,48,7684,2,4,1,Very Heavy,0,High,4,2,1,0
247,D,Ship,139,3,low,F,3,1788,2,3,1,Light,0,Low,3,2,0,0
248,F,Road,160,3,low,F,50,1030,2,4,1,Light,0,High,4,1,0,0
249,A,Road,134,3,low,F,38,1530,2,2,1,Light,0,High,0,1,0,0
250,B,Road,161,5,high,F,54,1511,5,5,1,Light,0,High,1,1,2,0
251,C,Road,155,3,low,F,45,1639,2,3,1,Light,0,High,2,1,0,0
252,F,Road,145,3,medium,F,5,6102,2,2,1,Very Heavy,0,Low,4,1,1,0
253,D,Road,157,3,low,M,58,1930,2,1,1,Light,0,High,3,1,0,1
254,F,Road,160,3,low,F,19,1399,2,5,1,Light,0,Medium,4,1,0,0
255,A,Road,152,3,low,F,61,1800,2,2,1,Light,0,High,0,1,0,0
256,B,Road,148,3,high,F,35,1349,2,2,1,Light,0,High,1,1,2,0
257,C,Road,127,3,low,M,13,1128,2,2,1,Light,0,Medium,2,1,0,1
258,F,Road,129,3,medium,F,22,6614,2,2,1,Very Heavy,0,Medium,4,1,1,0
259,D,Road,158,3,low,F,13,1245,2,3,1,Light,0,Medium,3,1,0,0
260,F,Road,147,3,low,M,5,1920,2,4,1,Light,0,Low,4,1,0,1
261,A,Road,159,3,low,F,49,1621,2,5,1,Light,0,High,0,1,0,0
262,B,Road,151,3,low,F,23,1930,2,3,1,Light,0,Medium,1,1,0,0
263,C,Road,294,4,low,F,52,1089,3,1,1,Light,1,High,2,1,0,0
264,F,Road,226,2,medium,M,45,1446,3,2,1,Light,0,High,4,1,1,1
265,D,Road,271,5,high,M,9,1813,5,3,1,Light,1,Low,3,1,2,1
266,F,Road,203,5,medium,F,61,1856,7,2,1,Light,0,High,4,1,1,0
267,A,Road,264,4,low,F,10,1648,2,3,1,Light,1,Low,0,1,0,0
268,B,Road,258,3,medium,M,36,2211,4,1,1,Medium,1,High,1,1,1,1
269,C,Road,241,3,low,F,21,3078,3,5,1,Medium,0,Medium,2,1,0,0
270,F,Flight,208,3,medium,M,23,2056,4,5,1,Medium,0,Medium,4,0,1,1
271,D,Flight,209,5,medium,F,12,3054,3,2,1,Medium,0,Medium,3,0,1,0
272,F,Flight,182,2,medium,F,23,2707,5,1,1,Medium,0,Medium,4,0,1,0
273,A,Flight,148,2,medium,F,43,1087,4,5,1,Light,0,High,0,0,1,0
274,B,Flight,183,2,medium,F,52,3199,2,3,1,Medium,0,High,1,0,1,0
275,C,Flight,229,6,medium,M,22,2717,3,5,1,Medium,0,Medium,2,0,1,1
276,F,Flight,115,5,low,F,26,1692,5,5,1,Light,0,Medium,4,0,0,0
277,D,Flight,136,3,low,F,65,1962,4,2,1,Light,0,High,3,0,0,0
278,F,Flight,212,3,low,M,21,3307,4,4,1,Medium,0,Medium,4,0,0,1
279,A,Flight,171,3,low,F,24,1304,4,3,1,Light,0,Medium,0,0,0,0
280,B,Flight,151,2,low,M,60,1925,3,1,1,Light,0,High,1,0,0,1
281,C,Flight,205,3,medium,M,39,3062,3,1,1,Medium,0,High,2,0,1,1
282,F,Flight,147,3,medium,M,23,1132,5,4,1,Light,0,Medium,4,0,1,1
283,D,Flight,155,3,low,F,29,1712,3,3,1,Light,0,Medium,3,0,0,0
284,F,Flight,165,3,low,F,20,1150,5,4,1,Light,0,Medium,4,0,0,0
285,A,Flight,230,3,low,F,32,3249,5,5,1,Medium,0,High,0,0,0,0
286,B,Flight,181,4,medium,M,13,2309,2,4,1,Medium,0,Medium,1,0,1,1
287,C,Flight,234,2,low,F,55,3308,5,3,1,Medium,0,High,2,0,0,0
288,F,Flight,149,3,low,M,34,1977,4,4,1,Light,0,High,4,0,0,1
289,D,Flight,156,2,low,M,44,1561,5,5,1,Light,0,High,3,0,0,1
290,F,Flight,172,3,medium,F,59,1858,4,2,1,Light,0,High,4,0,1,0
291,A,Flight,270,3,low,M,12,3279,4,4,1,Medium,1,Medium,0,0,0,1
292,B,Ship,206,3,medium,M,23,3807,4,1,1,Medium,0,Medium,1,2,1,1
293,C,Ship,211,4,medium,M,40,3106,4,3,1,Medium,0,High,2,2,1,1
294,F,Ship,136,4,low,M,62,1090,3,2,1,Light,0,High,4,2,0,1
295,D,Ship,186,2,high,F,52,3981,5,1,1,Medium,0,High,3,2,2,0
296,F,Ship,202,2,medium,M,62,3398,3,1,1,Medium,0,High,4,2,1,1
297,A,Ship,183,3,medium,F,12,3646,4,2,1,Medium,0,Medium,0,2,1,0
298,B,Ship,232,2,low,M,36,2861,4,4,1,Medium,0,High,1,2,0,1
299,C,Ship,147,4,medium,M,52,1129,4,2,1,Light,0,High,2,2,1,1
300,F,Ship,136,3,medium,M,20,1531,4,3,1,Light,0,Medium,4,2,1,1
301,D,Ship,127,3,low,F,43,1446,5,3,1,Light,0,High,3,2,0,0
302,F,Ship,202,2,medium,M,35,3695,4,5,1,Medium,0,High,4,2,1,1
303,A,Ship,241,2,low,M,57,3671,3,4,1,Medium,0,High,0,2,0,1
304,B,Ship,222,2,medium,M,55,3833,4,3,1,Medium,0,High,1,2,1,1
305,C,Ship,183,4,medium,F,12,2777,3,2,1,Medium,0,Medium,2,2,1,0
306,F,Ship,249,3,medium,F,36,3769,4,4,1,Medium,0,High,4,2,1,0
307,D,Ship,243,4,high,M,59,3838,3,1,1,Medium,0,High,3,2,2,1
308,F,Ship,163,3,medium,M,9,1257,3,3,1,Light,0,Low,4,2,1,1
309,A,Ship,165,2,high,M,11,1596,4,2,1,Light,0,Medium,0,2,2,1
310,B,Ship,266,3,medium,F,53,3089,5,5,1,Medium,1,High,1,2,1,0
311,C,Ship,193,2,medium,M,48,3909,3,4,1,Medium,0,High,2,2,1,1
312,F,Ship,154,3,low,F,56,1136,3,2,1,Light,0,High,4,2,0,0
313,D,Ship,140,3,medium,M,51,1046,3,3,1,Light,0,High,3,2,1,1
314,F,Ship,272,3,medium,M,38,3705,4,3,1,Medium,1,High,4,2,1,1
315,A,Ship,143,6,medium,M,20,1654,4,2,1,Light,0,Medium,0,2,1,1
316,B,Ship,138,3,low,F,30,1805,4,2,1,Light,0,Medium,1,2,0,0
317,C,Ship,238,2,high,M,17,3358,4,2,1,Medium,0,Medium,2,2,2,1
318,F,Ship,273,4,medium,F,31,2373,4,5,1,Medium,1,High,4,2,1,0
319,D,Ship,200,2,medium,M,27,2551,3,1,1,Medium,0,Medium,3,2,1,1
320,F,Ship,213,4,low,M,39,2381,4,5,1,Medium,0,High,4,2,0,1
321,A,Ship,224,2,medium,F,15,2701,3,4,1,Medium,0,Medium,0,2,1,0
322,B,Ship,141,3,medium,M,12,1672,4,5,1,Light,0,Medium,1,2,1,1
323,C,Ship,150,3,low,M,46,1040,3,3,1,Light,0,High,2,2,0,1
324,F,Ship,192,2,low,M,33,2818,3,1,1,Medium,0,High,4,2,0,1
325,D,Ship,279,4,medium,F,24,3440,5,1,1,Medium,1,Medium,3,2,1,0
326,F,Ship,246,3,medium,M,30,3748,3,4,1,Medium,0,Medium,4,2,1,1
327,A,Ship,173,3,medium,M,52,1587,3,4,1,Light,0,High,0,2,1,1
328,B,Ship,233,4,medium,F,59,2358,4,4,1,Medium,0,High,1,2,1,0
329,C,Ship,274,2,medium,M,24,2423,5,1,1,Medium,1,Medium,2,2,1,1
330,F,Ship,243,4,medium,F,41,2782,4,5,1,Medium,0,High,4,2,1,0
331,D,Ship,197,3,medium,F,56,3427,3,4,1,Medium,0,High,3,2,1,0
332,F,Ship,140,3,high,F,46,1072,4,3,1,Light,0,High,4,2,2,0
333,A,Ship,215,3,medium,F,22,2585,3,5,1,Medium,0,Medium,0,2,1,0
334,B,Ship,211,3,medium,M,8,3710,3,4,1,Medium,0,Low,1,2,1,1
335,C,Ship,220,5,low,M,33,2854,4,2,1,Medium,0,High,2,2,0,1
336,F,Ship,194,4,low,M,64,2026,3,1,1,Medium,0,High,4,2,0,1
337,D,Ship,262,3,medium,F,58,3599,5,1,1,Medium,1,High,3,2,1,0
338,F,Ship,201,2,low,F,1,3147,4,4,1,Medium,0,Low,4,2,0,0
339,A,Ship,261,3,medium,M,15,2989,3,5,1,Medium,1,Medium,0,2,1,1
340,B,Ship,191,6,low,F,60,3425,4,4,1,Medium,0,High,1,2,0,0
341,C,Ship,255,5,medium,F,53,3775,2,5,1,Medium,1,High,2,2,1,0
342,F,Ship,169,2,high,M,30,1698,3,2,1,Light,0,Medium,4,2,2,1
343,D,Ship,162,2,medium,M,64,1918,4,5,1,Light,0,High,3,2,1,1
344,F,Ship,248,6,low,F,62,2750,2,5,1,Medium,0,High,4,2,0,0
345,A,Ship,197,4,low,F,2,2222,5,3,1,Medium,0,Low,0,2,0,0
346,B,Ship,264,3,low,M,6,2882,5,1,1,Medium,1,Low,1,2,0,1
347,C,Ship,260,2,medium,F,55,2791,5,5,1,Medium,1,High,2,2,1,0
348,F,Ship,186,2,medium,F,58,2259,5,3,1,Medium,0,High,4,2,1,0
349,D,Ship,233,4,low,F,44,2551,4,5,1,Medium,0,High,3,2,0,0
350,F,Ship,161,3,low,M,47,1954,5,1,1,Light,0,High,4,2,0,1
351,A,Ship,188,3,low,F,13,2409,4,5,1,Medium,0,Medium,0,2,0,0
352,B,Ship,171,2,medium,F,22,1695,5,5,1,Light,0,Medium,1,2,1,0
353,C,Ship,267,3,medium,M,15,2481,2,2,1,Medium,1,Medium,2,2,1,1
354,F,Ship,255,2,high,M,47,2956,4,3,1,Medium,1,High,4,2,2,1
355,D,Ship,132,3,low,F,56,1303,3,2,1,Light,0,High,3,2,0,0
356,F,Ship,266,3,low,F,31,3157,5,1,1,Medium,1,High,4,2,0,0
357,A,Ship,198,2,low,M,25,2774,3,4,1,Medium,0,Medium,0,2,0,1
358,B,Ship,247,2,medium,F,62,3127,2,3,1,Medium,0,High,1,2,1,0
359,C,Ship,140,3,medium,F,65,1291,3,1,1,Light,0,High,2,2,1,0
360,F,Ship,131,5,low,M,6,1659,4,3,1,Light,0,Low,4,2,0,1
361,D,Ship,246,3,medium,M,49,3236,5,2,1,Medium,0,High,3,2,1,1
362,F,Ship,159,3,medium,F,4,1681,3,2,1,Light,0,Low,4,2,1,0
363,A,Ship,203,2,medium,M,61,3642,3,5,1,Medium,0,High,0,2,1,1
364,B,Ship,187,4,high,F,29,3141,4,3,1,Medium,0,Medium,1,2,2,0
365,C,Ship,146,3,low,F,62,1936,6,2,1,Light,0,High,2,2,0,0
366,F,Ship,234,3,medium,M,39,2099,3,2,1,Medium,0,High,4,2,1,1
367,D,Ship,122,3,high,F,15,1354,3,4,1,Light,0,Medium,3,2,2,0
368,F,Ship,135,3,low,M,8,1074,3,3,1,Light,0,Low,4,2,0,1
369,A,Ship,103,3,low,M,3,1403,3,5,1,Light,0,Low,0,2,0,1
370,B,Ship,257,3,medium,F,19,2173,3,5,1,Medium,1,Medium,1,2,1,0
371,C,Ship,169,2,low,M,2,1399,4,3,1,Light,0,Low,2,2,0,1
372,F,Ship,159,3,medium,M,18,1808,4,5,1,Light,0,Medium,4,2,1,1
373,D,Ship,188,3,low,M,38,3031,4,5,1,Medium,0,High,3,2,0,1
374,F,Ship,136,3,medium,M,19,1420,5,1,1,Light,0,Medium,4,2,1,1
375,A,Ship,227,3,low,F,19,3007,5,1,1,Medium,0,Medium,0,2,0,0
376,B,Ship,262,2,low,F,53,3275,3,5,1,Medium,1,High,1,2,0,0
377,C,Ship,157,2,low,M,45,1965,2,3,1,Light,0,High,2,2,0,1
378,F,Ship,238,2,medium,F,21,2053,5,3,1,Medium,0,Medium,4,2,1,0
379,D,Ship,152,3,low,M,43,1282,3,5,1,Light,0,High,3,2,0,1
380,F,Ship,201,3,medium,M,5,2040,3,2,1,Medium,0,Low,4,2,1,1
381,A,Ship,148,2,low,M,54,1778,3,4,1,Light,0,High,0,2,0,1
382,B,Ship,199,4,low,F,59,2885,5,2,1,Medium,0,High,1,2,0,0
383,C,Ship,215,2,low,F,45,3501,5,4,1,Medium,0,High,2,2,0,0
384,F,Ship,175,2,low,M,40,1270,4,5,1,Light,0,High,4,2,0,1
385,D,Road,236,2,high,M,23,3123,4,3,1,Medium,0,Medium,3,1,2,1
386,F,Road,182,2,medium,F,57,2896,2,5,1,Medium,0,High,4,1,1,0
387,A,Road,251,3,medium,M,42,3698,3,1,1,Medium,1,High,0,1,1,1
388,B,Road,173,3,low,F,7,1855,5,2,1,Light,0,Low,1,1,0,0
389,C,Road,225,3,low,F,62,2587,4,3,1,Medium,0,High,2,1,0,0
390,F,Road,167,4,low,F,20,1705,4,2,1,Light,0,Medium,4,1,0,0
391,D,Road,259,3,low,M,20,2154,4,1,1,Medium,1,Medium,3,1,0,1
392,F,Road,178,3,medium,F,63,1573,4,1,1,Light,0,High,4,1,1,0
393,A,Road,178,4,medium,F,13,1614,4,4,1,Light,0,Medium,0,1,1,0
394,B,Road,169,2,low,F,20,1765,5,4,1,Light,0,Medium,1,1,0,0
395,C,Road,272,2,low,M,33,2321,3,2,1,Medium,1,High,2,1,0,1
396,F,Road,183,3,low,M,29,3251,4,4,1,Medium,0,Medium,4,1,0,1
397,D,Road,205,3,low,F,10,2728,3,4,1,Medium,0,Low,3,1,0,0
398,F,Road,123,4,low,F,53,1036,2,1,1,Light,0,High,4,1,0,0
399,A,Road,152,3,low,M,58,1453,4,3,1,Light,0,High,0,1,0,1
400,B,Road,220,2,high,F,40,3773,3,1,1,Medium,0,High,1,1,2,0
401,C,Road,134,3,low,M,51,1965,4,3,1,Light,0,High,2,1,0,1
402,F,Road,217,2,high,M,19,2992,3,2,1,Medium,0,Medium,4,1,2,1
403,D,Road,265,3,low,F,49,2791,3,2,1,Medium,1,High,3,1,0,0
404,F,Road,249,5,medium,M,36,3836,4,2,1,Medium,0,High,4,1,1,1
405,A,Road,213,4,medium,F,50,2003,5,3,1,Medium,0,High,0,1,1,0
406,B,Road,124,3,low,F,56,1494,2,2,1,Light,0,High,1,1,0,0
407,C,Flight,180,2,low,M,23,1193,4,1,1,Light,0,Medium,2,0,0,1
408,F,Flight,193,3,medium,M,65,2267,4,5,1,Medium,0,High,4,0,1,1
409,D,Flight,192,3,medium,M,43,3339,3,2,1,Medium,0,High,3,0,1,1
410,F,Flight,166,3,medium,M,3,1832,2,5,1,Light,0,Low,4,0,1,1
411,A,Flight,264,3,medium,M,5,3861,3,2,1,Medium,1,Low,0,0,1,1
412,B,Flight,200,2,medium,M,14,3528,3,4,1,Medium,0,Medium,1,0,1,1
413,C,Flight,142,4,medium,M,12,1396,4,3,1,Light,0,Medium,2,0,1,1
414,F,Flight,215,2,low,M,32,3066,4,1,1,Medium,0,High,4,0,0,1
415,D,Flight,218,2,low,M,15,2745,2,1,1,Medium,0,Medium,3,0,0,1
416,F,Flight,115,3,low,F,27,1814,3,2,1,Light,0,Medium,4,0,0,0
417,A,Flight,159,3,low,M,33,1330,4,3,1,Light,0,High,0,0,0,1
418,B,Flight,133,3,low,M,63,1218,5,5,1,Light,0,High,1,0,0,1
419,C,Flight,178,3,low,M,48,1517,5,2,1,Light,0,High,2,0,0,1
420,F,Flight,134,2,low,F,43,1714,4,2,1,Light,0,High,4,0,0,0
421,D,Flight,184,5,medium,F,58,2544,3,1,1,Medium,0,High,3,0,1,0
422,F,Flight,251,2,medium,M,24,2405,4,2,1,Medium,1,Medium,4,0,1,1
423,A,Flight,141,3,low,M,7,1933,3,2,1,Light,0,Low,0,0,0,1
424,B,Flight,229,2,medium,M,45,3776,4,4,1,Medium,0,High,1,0,1,1
425,C,Flight,203,4,low,M,34,3813,4,1,1,Medium,0,High,2,0,0,1
426,F,Flight,158,3,medium,F,57,1911,4,3,1,Light,0,High,4,0,1,0
427,D,Flight,167,3,medium,M,52,1755,3,4,1,Light,0,High,3,0,1,1
428,F,Flight,197,4,low,F,40,3303,5,4,1,Medium,0,High,4,0,0,0
429,A,Ship,140,3,low,F,19,1806,2,2,1,Light,0,Medium,0,2,0,0
430,B,Ship,205,2,medium,M,27,3569,5,1,1,Medium,0,Medium,1,2,1,1
431,C,Ship,208,3,low,F,45,2018,5,5,1,Medium,0,High,2,2,0,0
432,F,Ship,96,3,low,M,22,1294,4,2,1,Light,0,Medium,4,2,0,1
433,D,Ship,205,3,low,F,44,2064,6,4,1,Medium,0,High,3,2,0,0
434,F,Ship,215,3,medium,F,48,2953,4,2,1,Medium,0,High,4,2,1,0
435,A,Ship,216,3,low,F,43,2643,4,1,1,Medium,0,High,0,2,0,0
436,B,Ship,112,2,high,M,22,1846,3,1,1,Light,0,Medium,1,2,2,1
437,C,Ship,222,3,low,F,20,3632,5,4,1,Medium,0,Medium,2,2,0,0
438,F,Ship,186,3,medium,F,15,2153,5,2,1,Medium,0,Medium,4,2,1,0
439,D,Ship,241,3,medium,M,48,2841,3,5,1,Medium,0,High,3,2,1,1
440,F,Ship,172,3,low,F,58,1269,3,3,1,Light,0,High,4,2,0,0
441,A,Ship,251,2,high,M,23,2426,3,5,1,Medium,1,Medium,0,2,2,1
442,B,Ship,190,3,high,M,45,2628,5,3,1,Medium,0,High,1,2,2,1
443,C,Ship,186,2,medium,F,48,2805,4,3,1,Medium,0,High,2,2,1,0
444,F,Ship,207,2,medium,M,35,2596,4,4,1,Medium,0,High,4,2,1,1
445,D,Ship,135,3,low,F,19,1366,3,3,1,Light,0,Medium,3,2,0,0
446,F,Ship,189,2,medium,F,18,2955,4,4,1,Medium,0,Medium,4,2,1,0
447,A,Ship,173,5,medium,F,51,1691,4,4,1,Light,0,High,0,2,1,0
448,B,Ship,194,3,medium,M,3,2169,3,4,1,Medium,0,Low,1,2,1,1
449,C,Ship,183,3,low,M,19,3018,3,1,1,Medium,0,Medium,2,2,0,1
450,F,Ship,140,2,low,F,22,1248,4,3,1,Light,0,Medium,4,2,0,0
451,D,Ship,244,3,medium,F,55,2782,4,4,1,Medium,0,High,3,2,1,0
452,F,Ship,189,4,low,M,34,3355,2,3,1,Medium,0,High,4,2,0,1
453,A,Ship,157,2,medium,M,53,1390,3,2,1,Light,0,High,0,2,1,1
454,B,Ship,275,10,medium,F,23,2726,4,1,1,Medium,1,Medium,1,2,1,0
455,C,Ship,133,3,low,F,53,1467,4,5,1,Light,0,High,2,2,0,0
456,F,Ship,149,3,medium,M,54,1178,4,1,1,Light,0,High,4,2,1,1
457,D,Ship,254,2,high,M,17,3153,3,3,1,Medium,1,Medium,3,2,2,1
458,F,Ship,145,8,low,F,15,1429,3,4,1,Light,0,Medium,4,2,0,0
459,A,Ship,179,5,low,F,52,1991,3,2,1,Light,0,High,0,2,0,0
460,B,Ship,168,3,low,M,26,1526,5,2,1,Light,0,Medium,1,2,0,1
461,C,Ship,202,3,medium,F,18,3940,4,1,1,Medium,0,Medium,2,2,1,0
462,F,Ship,220,7,low,M,43,2620,3,4,1,Medium,0,High,4,2,0,1
463,D,Ship,244,8,low,M,1,2703,3,4,1,Medium,0,Low,3,2,0,1
464,F,Ship,186,7,medium,F,40,3111,4,2,1,Medium,0,High,4,2,1,0
465,A,Ship,263,8,medium,M,24,3139,5,2,1,Medium,1,Medium,0,2,1,1
466,B,Ship,294,4,low,F,15,1318,3,2,1,Light,1,Medium,1,2,0,0
467,C,Ship,226,2,medium,F,2,1043,3,5,1,Light,0,Low,2,2,1,0
468,F,Ship,173,5,medium,F,2,1175,4,4,1,Light,0,Low,4,2,1,0
469,D,Ship,194,3,medium,F,10,2277,3,5,1,Medium,0,Low,3,2,1,0
470,F,Ship,183,3,low,F,2,3459,3,5,1,Medium,0,Low,4,2,0,0
471,A,Ship,140,2,low,M,61,1770,4,1,1,Light,0,High,0,2,0,1
472,B,Ship,244,3,medium,M,8,3318,4,3,1,Medium,0,Low,1,2,1,1
473,C,Ship,189,4,low,M,9,3413,2,2,1,Medium,0,Low,2,2,0,1
474,F,Ship,157,2,medium,F,39,1525,3,1,1,Light,0,High,4,2,1,0
475,D,Ship,275,10,medium,M,10,2093,4,3,1,Medium,1,Low,3,2,1,1
476,F,Ship,133,3,low,M,59,1092,4,5,1,Light,0,High,4,2,0,1
477,A,Ship,149,3,medium,M,26,1863,4,2,1,Light,0,Medium,0,2,1,1
478,B,Ship,254,2,high,F,41,3973,3,4,1,Medium,1,High,1,2,2,0
479,C,Ship,145,8,low,F,24,1594,3,4,1,Light,0,Medium,2,2,0,0
480,F,Ship,179,5,low,M,56,1113,3,5,1,Light,0,High,4,2,0,1
481,D,Ship,168,3,low,F,13,1317,5,4,1,Light,0,Medium,3,2,0,0
482,F,Ship,202,3,medium,F,46,3181,4,5,1,Medium,0,High,4,2,1,0
483,A,Ship,220,7,low,M,25,2141,3,3,1,Medium,0,Medium,0,2,0,1
484,B,Ship,244,8,low,F,50,3562,3,2,1,Medium,0,High,1,2,0,0
485,C,Ship,186,7,medium,F,30,2062,4,3,1,Medium,0,Medium,2,2,1,0
486,F,Ship,263,8,medium,F,9,2236,5,5,1,Medium,1,Low,4,2,1,0
487,D,Ship,294,4,low,F,25,1498,3,1,1,Light,1,Medium,3,2,0,0
488,F,Ship,139,3,low,F,56,1811,4,1,1,Light,0,High,4,2,0,0
489,A,Ship,192,3,low,M,46,1550,7,5,1,Light,0,High,0,2,0,1
490,B,Ship,235,3,low,M,5,3065,3,3,1,Medium,0,Low,1,2,0,1
491,C,Ship,176,3,low,F,15,1996,2,1,1,Light,0,Medium,2,2,0,0
492,F,Ship,224,3,low,F,34,2627,5,4,1,Medium,0,High,4,2,0,0
493,D,Ship,128,3,medium,F,51,1524,3,4,1,Light,0,High,3,2,1,0
494,F,Ship,226,5,low,M,47,2240,5,4,1,Medium,0,High,4,2,0,1
495,A,Ship,160,5,medium,F,16,1526,5,1,1,Light,0,Medium,0,2,1,0
496,B,Ship,197,5,low,M,45,2224,3,1,1,Medium,0,High,1,2,0,1
497,C,Ship,216,3,low,F,12,2273,4,2,1,Medium,0,Medium,2,2,0,0
498,F,Ship,199,2,low,M,9,3075,4,4,1,Medium,0,Low,4,2,0,1
499,D,Ship,271,2,low,M,27,3957,5,5,1,Medium,1,Medium,3,2,0,1
500,F,Ship,201,3,low,F,47,2657,5,1,1,Medium,0,High,4,2,0,0
501,A,Ship,212,2,low,M,33,2021,3,4,1,Medium,0,High,0,2,0,1
502,B,Ship,177,3,low,M,10,1641,3,2,1,Light,0,Low,1,2,0,1
503,C,Ship,191,4,medium,F,43,2903,3,4,1,Medium,0,High,2,2,1,0
504,F,Ship,174,3,low,M,30,1986,3,2,1,Light,0,Medium,4,2,0,1
505,D,Ship,162,2,low,F,14,1045,5,3,1,Light,0,Medium,3,2,0,0
506,F,Ship,219,2,low,F,39,2696,3,1,1,Medium,0,High,4,2,0,0
507,A,Ship,155,3,medium,F,35,1421,4,4,1,Light,0,High,0,2,1,0
508,B,Ship,230,3,medium,F,3,2923,5,3,1,Medium,0,Low,1,2,1,0
509,C,Ship,192,2,medium,F,36,2497,4,5,1,Medium,0,High,2,2,1,0
510,F,Ship,235,3,low,M,14,2984,5,2,1,Medium,0,Medium,4,2,0,1
511,D,Ship,200,3,low,M,46,3642,3,2,1,Medium,0,High,3,2,0,1
512,F,Ship,172,3,medium,M,65,1667,5,2,1,Light,0,High,4,2,1,1
513,A,Ship,160,4,low,F,6,1603,5,4,1,Light,0,Low,0,2,0,0
514,B,Ship,250,5,low,M,12,2722,5,3,1,Medium,0,Medium,1,2,0,1
515,C,Ship,174,3,low,M,9,1682,4,2,1,Light,0,Low,2,2,0,1
516,F,Ship,204,3,high,F,54,3608,3,2,1,Medium,0,High,4,2,2,0
517,D,Ship,274,3,medium,F,51,3476,3,5,1,Medium,1,High,3,2,1,0
518,F,Ship,262,2,medium,F,62,3744,5,5,1,Medium,1,High,4,2,1,0
519,A,Ship,138,3,medium,M,23,1785,4,5,1,Light,0,Medium,0,2,1,1
520,B,Ship,215,3,medium,F,2,3873,3,1,1,Medium,0,Low,1,2,1,0
521,C,Ship,145,2,low,F,34,1773,3,1,1,Light,0,High,2,2,0,0
522,F,Road,149,2,medium,M,56,1141,4,5,1,Light,0,High,4,1,1,1
523,D,Road,212,2,medium,M,38,2359,6,5,1,Medium,0,High,3,1,1,1
524,F,Road,155,3,medium,F,47,1193,3,1,1,Light,0,High,4,1,1,0
525,A,Road,154,3,low,M,40,1238,5,2,1,Light,0,High,0,1,0,1
526,B,Road,249,3,medium,M,51,2173,3,3,1,Medium,0,High,1,1,1,1
527,C,Road,206,2,low,M,2,3490,5,1,1,Medium,0,Low,2,1,0,1
528,F,Road,235,3,medium,F,22,2015,4,5,1,Medium,0,Medium,4,1,1,0
529,D,Road,261,3,medium,F,8,3257,5,5,1,Medium,1,Low,3,1,1,0
530,F,Road,243,4,high,F,22,3537,6,1,1,Medium,0,Medium,4,1,2,0
531,A,Road,237,2,high,M,26,3103,3,2,1,Medium,0,Medium,0,1,2,1
532,B,Road,179,2,low,F,19,1900,2,4,1,Light,0,Medium,1,1,0,0
533,C,Road,192,3,low,F,43,3498,4,3,1,Medium,0,High,2,1,0,0
534,F,Road,141,3,medium,F,39,1838,3,1,1,Light,0,High,4,1,1,0
535,D,Road,245,3,low,F,61,2188,3,2,1,Medium,0,High,3,1,0,0
536,F,Road,177,4,medium,F,32,1774,4,4,1,Light,0,High,4,1,1,0
537,A,Road,154,4,high,F,17,1897,2,3,1,Light,0,Medium,0,1,2,0
538,B,Road,228,3,medium,F,12,3359,4,4,1,Medium,0,Medium,1,1,1,0
539,C,Road,207,6,high,F,24,3702,3,3,1,Medium,0,Medium,2,1,2,0
540,F,Road,266,4,medium,F,33,2701,4,4,1,Medium,1,High,4,1,1,0
541,D,Road,172,3,medium,F,42,1707,3,3,1,Light,0,High,3,1,1,0
542,F,Road,142,3,low,F,35,1512,4,3,1,Light,0,High,4,1,0,0
543,A,Road,218,3,low,F,40,3200,4,5,1,Medium,0,High,0,1,0,0
544,B,Flight,231,2,low,M,46,2962,3,3,1,Medium,0,High,1,0,0,1
545,C,Flight,180,3,low,F,47,1434,4,2,1,Light,0,High,2,0,0,0
546,F,Flight,168,3,low,M,46,1886,3,1,1,Light,0,High,4,0,0,1
547,D,Flight,147,4,high,F,42,1642,5,5,1,Light,0,High,3,0,2,0
548,F,Flight,245,5,low,M,6,3592,5,4,1,Medium,0,Low,4,0,0,1
549,A,Flight,182,3,medium,M,47,3792,2,4,1,Medium,0,High,0,0,1,1
550,B,Flight,176,3,medium,F,8,1567,3,4,1,Light,0,Low,1,0,1,0
551,C,Flight,197,4,medium,F,51,2917,5,3,1,Medium,0,High,2,0,1,0
552,F,Flight,233,3,medium,M,52,3519,3,5,1,Medium,0,High,4,0,1,1
553,D,Flight,156,2,low,M,8,1145,3,4,1,Light,0,Low,3,0,0,1
554,F,Flight,257,4,medium,F,52,2073,2,3,1,Medium,1,High,4,0,1,0
555,A,Flight,250,3,low,F,11,3373,5,4,1,Medium,0,Medium,0,0,0,0
556,B,Flight,189,5,low,M,3,3301,5,4,1,Medium,0,Low,1,0,0,1
557,C,Flight,255,2,high,M,7,3311,3,3,1,Medium,1,Low,2,0,2,1
558,F,Flight,198,2,medium,M,28,3514,2,3,1,Medium,0,Medium,4,0,1,1
559,D,Flight,164,3,medium,M,15,1489,4,2,1,Light,0,Medium,3,0,1,1
560,F,Flight,271,3,medium,M,32,3785,5,2,1,Medium,1,High,4,0,1,1
561,A,Flight,185,2,medium,F,34,3299,3,1,1,Medium,0,High,0,0,1,0
562,B,Flight,157,6,high,F,17,1764,2,5,1,Light,0,Medium,1,0,2,0
563,C,Flight,137,2,medium,M,17,1673,3,2,1,Light,0,Medium,2,0,1,1
564,F,Flight,229,3,low,M,14,2164,3,3,1,Medium,0,Medium,4,0,0,1
565,D,Flight,234,2,medium,F,39,2449,3,3,1,Medium,0,High,3,0,1,0
566,F,Ship,216,2,low,M,52,3578,4,3,1,Medium,0,High,4,2,0,1
567,A,Ship,163,4,low,F,20,1940,3,1,1,Light,0,Medium,0,2,0,0
568,B,Ship,268,3,low,M,19,2526,5,2,1,Medium,1,Medium,1,2,0,1
569,C,Ship,205,5,medium,M,35,2988,3,3,1,Medium,0,High,2,2,1,1
570,F,Ship,265,2,medium,F,18,2969,4,5,1,Medium,1,Medium,4,2,1,0
571,D,Ship,236,3,medium,M,3,3416,2,2,1,Medium,0,Low,3,2,1,1
572,F,Ship,132,3,low,M,63,1901,4,1,1,Light,0,High,4,2,0,1
573,A,Ship,234,2,medium,M,46,3108,3,4,1,Medium,0,High,0,2,1,1
574,B,Ship,108,6,low,F,22,1745,4,3,1,Light,0,Medium,1,2,0,0
575,C,Ship,276,2,low,M,54,3706,4,2,1,Medium,1,High,2,2,0,1
576,F,Ship,179,4,low,M,1,1063,4,2,1,Light,0,Low,4,2,0,1
577,D,Ship,230,3,medium,M,40,2225,4,1,1,Medium,0,High,3,2,1,1
578,F,Ship,210,3,medium,F,43,2096,3,2,1,Medium,0,High,4,2,1,0
579,A,Ship,173,3,low,F,15,1992,3,2,1,Light,0,Medium,0,2,0,0
580,B,Ship,201,3,medium,F,29,3894,2,5,1,Medium,0,Medium,1,2,1,0
581,C,Ship,214,2,low,M,21,3342,3,3,1,Medium,0,Medium,2,2,0,1
582,F,Ship,216,2,medium,F,22,3024,4,2,1,Medium,0,Medium,4,2,1,0
583,D,Ship,144,3,medium,M,61,1313,2,5,1,Light,0,High,3,2,1,1
584,F,Ship,182,3,medium,F,27,3039,5,5,1,Medium,0,Medium,4,2,1,0
585,A,Ship,163,2,medium,F,48,1369,3,3,1,Light,0,High,0,2,1,0
586,B,Ship,234,3,medium,F,8,2334,3,3,1,Medium,0,Low,1,2,1,0
587,C,Ship,158,3,high,F,59,1307,3,2,1,Light,0,High,2,2,2,0
588,F,Ship,194,2,medium,M,4,3496,3,5,1,Medium,0,Low,4,2,1,1
589,D,Ship,201,6,medium,F,3,2497,3,1,1,Medium,0,Low,3,2,1,0
590,F,Ship,178,2,medium,F,59,1933,3,2,1,Light,0,High,4,2,1,0
591,A,Ship,214,5,medium,M,51,2669,4,1,1,Medium,0,High,0,2,1,1
592,B,Ship,281,2,medium,M,55,3047,3,3,1,Medium,1,High,1,2,1,1
593,C,Ship,260,3,medium,F,2,2176,3,2,1,Medium,1,Low,2,2,1,0
594,F,Ship,200,2,medium,F,46,3174,3,2,1,Medium,0,High,4,2,1,0
595,D,Ship,209,2,high,F,49,2581,5,3,1,Medium,0,High,3,2,2,0
596,F,Ship,185,3,low,M,61,3280,3,1,1,Medium,0,High,4,2,0,1
597,A,Ship,230,3,low,F,62,2236,4,3,1,Medium,0,High,0,2,0,0
598,B,Ship,134,3,medium,F,31,1540,3,4,1,Light,0,High,1,2,1,0
599,C,Ship,270,2,low,F,34,2821,4,5,1,Medium,1,High,2,2,0,0
600,F,Ship,140,3,medium,F,1,1464,4,1,1,Light,0,Low,4,2,1,0
601,D,Ship,133,5,medium,M,32,1367,6,3,1,Light,0,High,3,2,1,1
602,F,Ship,145,3,medium,M,44,1218,3,4,1,Light,0,High,4,2,1,1
603,A,Ship,206,3,medium,M,58,2135,4,3,1,Medium,0,High,0,2,1,1
604,B,Ship,162,2,low,F,52,1125,3,1,1,Light,0,High,1,2,0,0
605,C,Ship,187,2,low,F,58,3665,4,3,1,Medium,0,High,2,2,0,0
606,F,Ship,166,5,low,F,54,1203,4,4,1,Light,0,High,4,2,0,0
607,D,Ship,178,3,low,F,48,1819,4,5,1,Light,0,High,3,2,0,0
608,F,Ship,167,2,high,F,34,1967,3,1,1,Light,0,High,4,2,2,0
609,A,Ship,224,3,high,M,60,3145,4,4,1,Medium,0,High,0,2,2,1
610,B,Ship,158,3,medium,M,11,1224,4,4,1,Light,0,Medium,1,2,1,1
611,C,Ship,134,2,medium,M,43,1198,3,4,1,Light,0,High,2,2,1,1
612,F,Ship,147,2,medium,F,20,1387,4,2,1,Light,0,Medium,4,2,1,0
613,D,Ship,187,3,low,M,61,2207,4,3,1,Medium,0,High,3,2,0,1
614,F,Ship,247,2,medium,F,18,2404,4,5,1,Medium,0,Medium,4,2,1,0
615,A,Ship,182,4,high,M,20,2212,5,4,1,Medium,0,Medium,0,2,2,1
616,B,Ship,177,4,medium,F,33,1049,4,1,1,Light,0,High,1,2,1,0
617,C,Ship,143,2,high,F,18,1066,5,5,1,Light,0,Medium,2,2,2,0
618,F,Ship,245,2,medium,F,8,3231,5,3,1,Medium,0,Low,4,2,1,0
619,D,Ship,133,4,medium,M,64,1834,4,1,1,Light,0,High,3,2,1,1
620,F,Ship,224,2,low,M,13,3891,3,5,1,Medium,0,Medium,4,2,0,1
621,A,Ship,265,2,low,F,50,3859,2,5,1,Medium,1,High,0,2,0,0
622,B,Ship,138,2,low,M,28,1528,4,1,1,Light,0,Medium,1,2,0,1
623,C,Ship,253,3,low,M,6,3788,3,4,1,Medium,1,Low,2,2,0,1
624,F,Ship,165,3,medium,M,51,1293,4,1,1,Light,0,High,4,2,1,1
625,D,Ship,265,3,low,F,65,3578,4,3,1,Medium,1,High,3,2,0,0
626,F,Ship,238,3,high,F,54,3142,3,2,1,Medium,0,High,4,2,2,0
627,A,Ship,236,3,low,F,51,3402,5,2,1,Medium,0,High,0,2,0,0
628,B,Ship,190,5,high,F,38,3022,4,2,1,Medium,0,High,1,2,2,0
629,C,Ship,104,4,medium,F,23,1442,6,1,1,Light,0,Medium,2,2,1,0
630,F,Ship,245,2,low,F,19,2616,4,5,1,Medium,0,Medium,4,2,0,0
631,D,Ship,155,3,medium,F,27,1022,3,1,1,Light,0,Medium,3,2,1,0
632,F,Ship,233,3,low,M,63,2143,3,2,1,Medium,0,High,4,2,0,1
633,A,Ship,171,4,low,F,55,1539,4,3,1,Light,0,High,0,2,0,0
634,B,Ship,164,2,low,M,56,1491,2,3,1,Light,0,High,1,2,0,1
635,C,Ship,141,3,low,M,6,1361,3,1,1,Light,0,Low,2,2,0,1
636,F,Ship,266,2,low,F,61,2118,5,3,1,Medium,1,High,4,2,0,0
637,D,Ship,192,2,low,F,56,3765,3,4,1,Medium,0,High,3,2,0,0
638,F,Ship,229,6,medium,F,61,2298,3,3,1,Medium,0,High,4,2,1,0
639,A,Ship,269,4,medium,M,38,3171,6,2,1,Medium,1,High,0,2,1,1
640,B,Ship,247,4,low,M,59,2939,3,4,1,Medium,0,High,1,2,0,1
641,C,Ship,157,2,low,F,2,1087,4,4,1,Light,0,Low,2,2,0,0
642,F,Ship,148,3,medium,F,64,1280,3,2,1,Light,0,High,4,2,1,0
643,D,Ship,240,2,low,M,14,2437,4,1,1,Medium,0,Medium,3,2,0,1
644,F,Ship,197,4,medium,M,58,3617,4,3,1,Medium,0,High,4,2,1,1
645,A,Ship,121,5,low,M,23,1734,6,4,1,Light,0,Medium,0,2,0,1
646,B,Ship,124,3,high,M,60,1107,4,2,1,Light,0,High,1,2,2,1
647,C,Ship,153,3,medium,F,53,1185,4,2,1,Light,0,High,2,2,1,0
648,F,Ship,105,4,high,M,1,1622,5,2,1,Light,0,Low,4,2,2,1
649,D,Ship,202,3,medium,M,2,3962,4,3,1,Medium,0,Low,3,2,1,1
650,F,Ship,162,2,low,F,54,1635,5,4,1,Light,0,High,4,2,0,0
651,A,Ship,164,3,medium,M,13,1158,3,4,1,Light,0,Medium,0,2,1,1
652,B,Ship,231,4,medium,M,48,3370,3,2,1,Medium,0,High,1,2,1,1
653,C,Ship,209,4,medium,F,12,2933,5,2,1,Medium,0,Medium,2,2,1,0
654,F,Ship,157,2,high,M,19,1898,3,1,1,Light,0,Medium,4,2,2,1
655,D,Ship,249,2,low,M,4,2725,4,5,1,Medium,0,Low,3,2,0,1
656,F,Ship,264,2,low,F,63,2896,2,3,1,Medium,1,High,4,2,0,0
657,A,Ship,111,4,low,M,61,1844,3,1,1,Light,0,High,0,2,0,1
658,B,Ship,242,3,medium,F,10,3606,3,1,1,Medium,0,Low,1,2,1,0
659,C,Road,169,3,low,M,23,1058,4,4,1,Light,0,Medium,2,1,0,1
660,F,Road,138,2,low,M,13,1056,5,3,1,Light,0,Medium,4,1,0,1
661,D,Road,158,3,low,M,9,1483,5,1,1,Light,0,Low,3,1,0,1
662,F,Road,146,4,low,M,5,1718,5,3,1,Light,0,Low,4,1,0,1
663,A,Road,218,5,medium,F,36,2995,4,4,1,Medium,0,High,0,1,1,0
664,B,Road,178,2,medium,F,22,1247,3,2,1,Light,0,Medium,1,1,1,0
665,C,Road,197,3,low,F,34,3784,4,5,1,Medium,0,High,2,1,0,0
666,F,Road,243,2,medium,M,17,3230,3,3,1,Medium,0,Medium,4,1,1,1
667,D,Road,254,4,high,M,37,2608,5,2,1,Medium,1,High,3,1,2,1
668,F,Road,237,4,low,M,33,2782,3,1,1,Medium,0,High,4,1,0,1
669,A,Road,179,3,low,F,62,1945,5,1,1,Light,0,High,0,1,0,0
670,B,Road,189,3,medium,M,38,2108,3,2,1,Medium,0,High,1,1,1,1
671,C,Road,244,3,medium,M,1,3982,4,3,1,Medium,0,Low,2,1,1,1
672,F,Road,266,2,medium,M,46,3594,3,3,1,Medium,1,High,4,1,1,1
673,D,Road,263,3,high,M,10,2538,5,4,1,Medium,1,Low,3,1,2,1
674,F,Road,247,2,medium,M,39,3189,3,2,1,Medium,0,High,4,1,1,1
675,A,Road,202,3,low,F,6,2616,4,5,1,Medium,0,Low,0,1,0,0
676,B,Road,227,3,medium,F,1,2761,4,4,1,Medium,0,Low,1,1,1,0
677,C,Road,189,2,low,F,15,2457,4,5,1,Medium,0,Medium,2,1,0,0
678,F,Road,160,2,low,F,31,1689,6,4,1,Light,0,High,4,1,0,0
679,D,Road,117,3,medium,M,56,1618,3,3,1,Light,0,High,3,1,1,1
680,F,Road,202,2,high,M,52,2312,3,1,1,Medium,0,High,4,1,2,1
681,A,Flight,201,3,medium,F,54,2487,4,3,1,Medium,0,High,0,0,1,0
682,B,Flight,273,2,medium,F,39,2651,3,4,1,Medium,1,High,1,0,1,0
683,C,Flight,143,2,medium,M,58,1038,4,4,1,Light,0,High,2,0,1,1
684,F,Flight,137,4,high,M,29,1262,4,5,1,Light,0,Medium,4,0,2,1
685,D,Flight,236,3,high,M,34,3455,5,5,1,Medium,0,High,3,0,2,1
686,F,Flight,241,2,low,M,17,3844,4,2,1,Medium,0,Medium,4,0,0,1
687,A,Flight,187,2,low,F,6,3625,4,2,1,Medium,0,Low,0,0,0,0
688,B,Flight,273,2,high,M,63,3516,4,5,1,Medium,1,High,1,0,2,1
689,C,Flight,170,3,low,M,15,1314,5,2,1,Light,0,Medium,2,0,0,1
690,F,Flight,138,3,low,F,37,1266,3,5,1,Light,0,High,4,0,0,0
691,D,Flight,150,2,low,M,60,1034,5,4,1,Light,0,High,3,0,0,1
692,F,Flight,140,3,high,F,42,1384,5,5,1,Light,0,High,4,0,2,0
693,A,Flight,250,2,low,M,17,3544,4,1,1,Medium,0,Medium,0,0,0,1
694,B,Flight,207,7,medium,M,19,2182,3,3,1,Medium,0,Medium,1,0,1,1
695,C,Flight,214,3,low,M,36,2684,4,4,1,Medium,0,High,2,0,0,1
696,F,Flight,179,3,low,M,63,1215,4,1,1,Light,0,High,4,0,0,1
697,D,Flight,149,4,medium,F,20,1110,5,1,1,Light,0,Medium,3,0,1,0
698,F,Flight,151,2,low,F,16,1422,3,5,1,Light,0,Medium,4,0,0,0
699,A,Flight,264,3,medium,M,23,2376,4,3,1,Medium,1,Medium,0,0,1,1
700,B,Flight,113,3,high,M,31,1037,6,5,1,Light,0,High,1,0,2,1
701,C,Flight,281,3,medium,F,36,2536,6,1,1,Medium,1,High,2,0,1,0
702,F,Flight,197,7,medium,M,43,3730,4,2,1,Medium,0,High,4,0,1,1
703,D,Ship,265,8,low,F,35,3299,3,4,1,Medium,1,High,3,2,0,0
704,F,Ship,259,3,low,F,47,3764,4,2,1,Medium,1,High,4,2,0,0
705,A,Ship,200,8,low,F,18,3806,5,1,1,Medium,0,Medium,0,2,0,0
706,B,Ship,111,2,high,M,60,1787,2,4,1,Light,0,High,1,2,2,1
707,C,Ship,223,3,medium,M,53,3670,3,5,1,Medium,0,High,2,2,1,1
708,F,Ship,241,3,low,M,5,2713,3,3,1,Medium,0,Low,4,2,0,1
709,D,Ship,139,3,low,F,25,1152,4,1,1,Light,0,Medium,3,2,0,0
710,F,Ship,192,3,low,M,38,1372,7,1,1,Light,0,High,4,2,0,1
711,A,Ship,117,3,medium,M,23,1527,3,4,1,Light,0,Medium,0,2,1,1
712,B,Ship,202,2,high,F,21,3120,3,1,1,Medium,0,Medium,1,2,2,0
713,C,Ship,201,3,medium,F,39,2066,4,2,1,Medium,0,High,2,2,1,0
714,F,Ship,273,2,medium,F,16,2466,3,3,1,Medium,1,Medium,4,2,1,0
715,D,Ship,143,2,medium,F,64,1910,4,3,1,Light,0,High,3,2,1,0
716,F,Ship,137,4,high,M,15,1391,4,1,1,Light,0,Medium,4,2,2,1
717,A,Ship,236,3,high,F,47,3519,5,3,1,Medium,0,High,0,2,2,0
718,B,Ship,241,2,low,F,39,2935,4,1,1,Medium,0,High,1,2,0,0
719,C,Ship,187,2,low,M,44,3218,4,5,1,Medium,0,High,2,2,0,1
720,F,Ship,273,2,high,M,43,3462,4,3,1,Medium,1,High,4,2,2,1
721,D,Ship,170,3,low,F,12,1018,5,3,1,Light,0,Medium,3,2,0,0
722,F,Ship,138,3,low,F,54,1648,3,4,1,Light,0,High,4,2,0,0
723,A,Ship,150,2,low,M,2,1682,5,3,1,Light,0,Low,0,2,0,1
724,B,Ship,140,3,high,F,56,1332,5,4,1,Light,0,High,1,2,2,0
725,C,Ship,250,2,low,F,46,2878,4,3,1,Medium,0,High,2,2,0,0
726,F,Ship,207,7,medium,F,46,2670,3,4,1,Medium,0,High,4,2,1,0
727,D,Ship,214,3,low,F,18,2574,4,2,1,Medium,0,Medium,3,2,0,0
728,F,Ship,179,3,low,M,45,1903,4,3,1,Light,0,High,4,2,0,1
729,A,Ship,149,4,medium,M,48,1068,5,2,1,Light,0,High,0,2,1,1
730,B,Ship,151,2,low,F,4,1748,3,1,1,Light,0,Low,1,2,0,0
731,C,Ship,264,3,medium,M,16,2245,4,5,1,Medium,1,Medium,2,2,1,1
732,F,Ship,113,3,high,F,35,1402,6,5,1,Light,0,High,4,2,2,0
733,D,Ship,281,3,medium,M,11,2135,6,3,1,Medium,1,Medium,3,2,1,1
734,F,Ship,197,7,medium,F,22,2065,4,4,1,Medium,0,Medium,4,2,1,0
735,A,Ship,265,8,low,M,2,3622,3,4,1,Medium,1,Low,0,2,0,1
736,B,Ship,259,3,low,M,39,2427,4,1,1,Medium,1,High,1,2,0,1
737,C,Ship,200,8,low,F,9,2741,5,3,1,Medium,0,Low,2,2,0,0
738,F,Ship,111,2,high,F,10,1920,2,1,1,Light,0,Low,4,2,2,0
739,D,Ship,223,3,medium,F,6,2127,3,2,1,Medium,0,Low,3,2,1,0
740,F,Ship,241,3,low,M,22,3030,3,2,1,Medium,0,Medium,4,2,0,1
741,A,Ship,139,3,low,F,65,1277,4,5,1,Light,0,High,0,2,0,0
742,B,Ship,192,3,low,F,33,1694,7,4,1,Light,0,High,1,2,0,0
743,C,Ship,180,4,medium,F,59,1481,3,5,1,Light,0,High,2,2,1,0
744,F,Ship,153,5,low,M,35,1089,3,3,1,Light,0,High,4,2,0,1
745,D,Ship,280,4,low,M,48,1463,2,4,1,Light,1,High,3,2,0,1
746,F,Ship,243,5,medium,M,28,1100,7,5,1,Light,0,Medium,4,2,1,1
747,A,Ship,214,2,low,M,50,3881,3,4,1,Medium,0,High,0,2,0,1
748,B,Ship,177,2,low,M,6,1112,4,4,1,Light,0,Low,1,2,0,1
749,C,Ship,182,3,medium,F,39,3828,3,2,1,Medium,0,High,2,2,1,0
750,F,Ship,185,3,medium,M,17,2824,4,5,1,Medium,0,Medium,4,2,1,1
751,D,Ship,143,3,medium,M,23,1281,3,3,1,Light,0,Medium,3,2,1,1
752,F,Ship,162,3,medium,M,7,1901,3,3,1,Light,0,Low,4,2,1,1
753,A,Ship,171,2,low,M,34,1999,3,1,1,Light,0,High,0,2,0,1
754,B,Ship,227,3,low,F,14,2589,5,1,1,Medium,0,Medium,1,2,0,0
755,C,Ship,205,6,low,F,25,2232,3,5,1,Medium,0,Medium,2,2,0,0
756,F,Ship,258,3,low,M,17,3033,3,5,1,Medium,1,Medium,4,2,0,1
757,D,Ship,195,5,medium,F,10,3537,4,5,1,Medium,0,Low,3,2,1,0
758,F,Ship,224,2,low,M,8,3638,4,1,1,Medium,0,Low,4,2,0,1
759,A,Ship,192,6,low,F,41,2673,2,5,1,Medium,0,High,0,2,0,0
760,B,Ship,202,3,medium,F,35,3986,3,3,1,Medium,0,High,1,2,1,0
761,C,Ship,235,2,medium,F,12,3358,5,3,1,Medium,0,Medium,2,2,1,0
762,F,Ship,218,3,low,M,22,3818,3,4,1,Medium,0,Medium,4,2,0,1
763,D,Ship,176,4,medium,M,31,1262,6,5,1,Light,0,High,3,2,1,1
764,F,Ship,221,2,medium,F,26,3120,3,3,1,Medium,0,Medium,4,2,1,0
765,A,Ship,157,3,low,F,32,1370,3,4,1,Light,0,High,0,2,0,0
766,B,Ship,259,4,low,F,13,2495,4,2,1,Medium,1,Medium,1,2,0,0
767,C,Ship,249,3,low,M,11,2534,2,1,1,Medium,0,Medium,2,2,0,1
768,F,Ship,263,5,low,F,62,2292,4,1,1,Medium,1,High,4,2,0,0
769,D,Ship,141,3,low,F,2,1915,4,3,1,Light,0,Low,3,2,0,0
770,F,Ship,114,3,medium,F,9,1240,4,1,1,Light,0,Low,4,2,1,0
771,A,Ship,179,4,low,F,44,1004,3,4,1,Light,0,High,0,2,0,0
772,B,Ship,179,3,medium,M,40,1584,4,3,1,Light,0,High,1,2,1,1
773,C,Ship,193,3,low,F,47,3523,3,5,1,Medium,0,High,2,2,0,0
774,F,Ship,137,3,medium,F,23,1246,3,2,1,Light,0,Medium,4,2,1,0
775,D,Ship,110,3,low,M,55,1875,3,5,1,Light,0,High,3,2,0,1
776,F,Ship,270,3,medium,F,61,3582,3,1,1,Medium,1,High,4,2,1,0
777,A,Ship,175,3,medium,F,64,1110,5,1,1,Light,0,High,0,2,1,0
778,B,Ship,234,2,low,M,12,2372,5,1,1,Medium,0,Medium,1,2,0,1
779,C,Ship,177,3,medium,M,48,1113,2,4,1,Light,0,High,2,2,1,1
780,F,Ship,153,2,low,F,24,1442,3,4,1,Light,0,Medium,4,2,0,0
781,D,Ship,252,3,low,M,16,2332,4,5,1,Medium,1,Medium,3,2,0,1
782,F,Ship,122,2,low,F,32,1213,2,4,1,Light,0,High,4,2,0,0
783,A,Ship,215,2,medium,F,34,2258,4,5,1,Medium,0,High,0,2,1,0
784,B,Ship,140,4,low,F,47,1207,3,3,1,Light,0,High,1,2,0,0
785,C,Ship,209,2,low,M,43,2237,3,1,1,Medium,0,High,2,2,0,1
786,F,Ship,144,3,high,M,40,1500,2,3,1,Light,0,High,4,2,2,1
787,D,Ship,210,3,low,M,16,2046,4,2,1,Medium,0,Medium,3,2,0,1
788,F,Ship,160,3,medium,F,22,1693,5,1,1,Light,0,Medium,4,2,1,0
789,A,Ship,134,2,low,F,20,1549,5,4,1,Light,0,Medium,0,2,0,0
790,B,Ship,138,3,medium,F,34,1159,3,2,1,Light,0,High,1,2,1,0
791,C,Ship,200,2,medium,M,65,3485,4,3,1,Medium,0,High,2,2,1,1
792,F,Ship,133,2,medium,M,30,1161,5,4,1,Light,0,Medium,4,2,1,1
793,D,Ship,121,5,low,M,32,1788,2,4,1,Light,0,High,3,2,0,1
794,F,Ship,257,3,medium,M,5,2489,4,3,1,Medium,1,Low,4,2,1,1
795,A,Ship,255,4,low,M,14,3099,4,5,1,Medium,1,Medium,0,2,0,1
796,B,Road,158,3,low,F,32,1061,4,1,1,Light,0,High,1,1,0,0
797,C,Road,248,4,low,F,49,2322,4,4,1,Medium,0,High,2,1,0,0
798,F,Road,194,4,medium,M,65,3795,2,3,1,Medium,0,High,4,1,1,1
799,D,Road,184,3,medium,F,19,2774,4,3,1,Medium,0,Medium,3,1,1,0
800,F,Road,249,4,medium,F,38,2797,5,5,1,Medium,0,High,4,1,1,0
801,A,Road,170,2,medium,F,36,1278,5,5,1,Light,0,High,0,1,1,0
802,B,Road,261,2,medium,F,1,3398,3,4,1,Medium,1,Low,1,1,1,0
803,C,Road,262,2,low,F,26,2370,3,2,1,Medium,1,Medium,2,1,0,0
804,F,Road,224,3,medium,M,9,2952,4,4,1,Medium,0,Low,4,1,1,1
805,D,Road,130,2,medium,F,42,1213,3,4,1,Light,0,High,3,1,1,0
806,F,Road,133,3,low,M,57,1379,4,1,1,Light,0,High,4,1,0,1
807,A,Road,145,4,low,F,58,1751,3,1,1,Light,0,High,0,1,0,0
808,B,Road,136,6,low,F,53,1213,2,4,1,Light,0,High,1,1,0,0
809,C,Road,163,5,low,M,24,1658,4,5,1,Light,0,Medium,2,1,0,1
810,F,Road,183,3,low,F,45,2181,3,3,1,Medium,0,High,4,1,0,0
811,D,Road,216,3,medium,F,1,2434,5,3,1,Medium,0,Low,3,1,1,0
812,F,Road,182,3,medium,M,28,2005,4,1,1,Medium,0,Medium,4,1,1,1
813,A,Road,191,3,low,F,19,2392,4,5,1,Medium,0,Medium,0,1,0,0
814,B,Road,140,2,high,F,7,1401,3,2,1,Light,0,Low,1,1,2,0
815,C,Road,161,3,high,F,59,1165,4,4,1,Light,0,High,2,1,2,0
816,F,Road,200,4,low,M,43,2747,4,2,1,Medium,0,High,4,1,0,1
817,D,Road,176,3,medium,F,36,1891,4,1,1,Light,0,High,3,1,1,0
818,F,Flight,247,3,low,M,32,3645,5,2,1,Medium,0,High,4,0,0,1
819,A,Flight,262,2,low,M,15,3287,3,4,1,Medium,1,Medium,0,0,0,1
820,B,Flight,154,2,low,F,49,1532,4,5,1,Light,0,High,1,0,0,0
821,C,Flight,186,3,medium,F,11,3800,3,1,1,Medium,0,Medium,2,0,1,0
822,F,Flight,98,3,low,F,29,1806,2,1,1,Light,0,Medium,4,0,0,0
823,D,Flight,268,3,low,F,33,3872,3,3,1,Medium,1,High,3,0,0,0
824,F,Flight,178,2,medium,F,60,1830,5,3,1,Light,0,High,4,0,1,0
825,A,Flight,142,2,high,M,18,1428,3,1,1,Light,0,Medium,0,0,2,1
826,B,Flight,160,3,low,M,33,1837,4,5,1,Light,0,High,1,0,0,1
827,C,Flight,232,2,medium,M,24,2174,5,2,1,Medium,0,Medium,2,0,1,1
828,F,Flight,209,2,low,F,23,2533,4,2,1,Medium,0,Medium,4,0,0,0
829,D,Flight,230,3,medium,M,33,3602,4,2,1,Medium,0,High,3,0,1,1
830,F,Flight,223,3,low,F,40,2074,5,4,1,Medium,0,High,4,0,0,0
831,A,Flight,201,3,high,F,7,2644,4,4,1,Medium,0,Low,0,0,2,0
832,B,Flight,224,3,medium,F,20,2937,3,5,1,Medium,0,Medium,1,0,1,0
833,C,Flight,251,3,low,F,2,3351,2,3,1,Medium,1,Low,2,0,0,0
834,F,Flight,145,6,medium,M,57,1949,3,4,1,Light,0,High,4,0,1,1
835,D,Flight,271,3,medium,F,16,2563,5,4,1,Medium,1,Medium,3,0,1,0
836,F,Flight,218,4,medium,M,60,3048,3,5,1,Medium,0,High,4,0,1,1
837,A,Flight,229,2,low,M,51,2628,3,4,1,Medium,0,High,0,0,0,1
838,B,Flight,278,2,low,F,17,2493,5,2,1,Medium,1,Medium,1,0,0,0
839,C,Flight,168,3,low,F,15,1886,2,4,1,Light,0,Medium,2,0,0,0
840,F,Ship,151,6,medium,M,12,1920,5,2,1,Light,0,Medium,4,2,1,1
841,D,Ship,232,3,low,M,9,2958,3,1,1,Medium,0,Low,3,2,0,1
842,F,Ship,140,2,low,F,16,1685,3,2,1,Light,0,Medium,4,2,0,0
843,A,Ship,141,3,low,M,34,1619,4,2,1,Light,0,High,0,2,0,1
844,B,Ship,182,5,medium,F,23,3398,5,4,1,Medium,0,Medium,1,2,1,0
845,C,Ship,139,5,low,F,52,1977,4,2,1,Light,0,High,2,2,0,0
846,F,Ship,145,5,medium,F,22,1818,5,2,1,Light,0,Medium,4,2,1,0
847,D,Ship,140,3,medium,M,11,1911,4,4,1,Light,0,Medium,3,2,1,1
848,F,Ship,267,3,medium,F,62,3589,3,4,1,Medium,1,High,4,2,1,0
849,A,Ship,191,3,high,F,60,2069,3,1,1,Medium,0,High,0,2,2,0
850,B,Ship,133,4,medium,F,52,1401,4,2,1,Light,0,High,1,2,1,0
851,C,Ship,170,2,low,F,1,1446,4,2,1,Light,0,Low,2,2,0,0
852,F,Ship,170,2,low,F,57,1533,4,5,1,Light,0,High,4,2,0,0
853,D,Ship,149,4,medium,F,21,1636,3,2,1,Light,0,Medium,3,2,1,0
854,F,Ship,279,2,medium,F,1,3933,5,4,1,Medium,1,Low,4,2,1,0
855,A,Ship,121,2,medium,M,11,1906,4,3,1,Light,0,Medium,0,2,1,1
856,B,Ship,139,2,low,M,63,1767,3,2,1,Light,0,High,1,2,0,1
857,C,Ship,265,2,high,F,64,2493,3,4,1,Medium,1,High,2,2,2,0
858,F,Ship,239,5,medium,M,24,2472,5,2,1,Medium,0,Medium,4,2,1,1
859,D,Ship,119,5,medium,M,5,1841,4,3,1,Light,0,Low,3,2,1,1
860,F,Ship,265,4,low,F,30,3896,4,1,1,Medium,1,Medium,4,2,0,0
861,A,Ship,144,6,medium,F,35,1009,5,3,1,Light,0,High,0,2,1,0
862,B,Ship,148,2,low,F,58,1537,3,2,1,Light,0,High,1,2,0,0
863,C,Ship,269,2,medium,M,38,2770,5,4,1,Medium,1,High,2,2,1,1
864,F,Ship,188,3,medium,F,51,3191,2,3,1,Medium,0,High,4,2,1,0
865,D,Ship,187,2,high,M,8,3725,3,4,1,Medium,0,Low,3,2,2,1
866,F,Ship,168,5,high,F,65,1601,6,1,1,Light,0,High,4,2,2,0
867,A,Ship,199,2,low,F,46,3371,4,1,1,Medium,0,High,0,2,0,0
868,B,Ship,261,3,low,F,10,2802,4,3,1,Medium,1,Low,1,2,0,0
869,C,Ship,218,3,low,M,4,2304,3,1,1,Medium,0,Low,2,2,0,1
870,F,Ship,196,3,low,F,64,2911,3,1,1,Medium,0,High,4,2,0,0
871,D,Ship,147,3,medium,F,46,1469,4,5,1,Light,0,High,3,2,1,0
872,F,Ship,208,3,high,M,17,2777,4,2,1,Medium,0,Medium,4,2,2,1
873,A,Ship,178,5,low,F,15,1242,3,1,1,Light,0,Medium,0,2,0,0
874,B,Ship,197,3,medium,M,20,3080,4,4,1,Medium,0,Medium,1,2,1,1
875,C,Ship,206,2,low,F,30,3955,2,4,1,Medium,0,Medium,2,2,0,0
876,F,Ship,222,3,medium,M,45,3158,4,1,1,Medium,0,High,4,2,1,1
877,D,Ship,247,2,medium,M,55,3461,3,3,1,Medium,0,High,3,2,1,1
878,F,Ship,222,3,medium,M,25,2582,4,1,1,Medium,0,Medium,4,2,1,1
879,A,Ship,205,5,low,M,14,3213,6,1,1,Medium,0,Medium,0,2,0,1
880,B,Ship,244,3,low,M,8,3571,5,2,1,Medium,0,Low,1,2,0,1
881,C,Ship,194,6,medium,F,39,3770,2,4,1,Medium,0,High,2,2,1,0
882,F,Ship,190,2,low,M,36,3548,4,5,1,Medium,0,High,4,2,0,1
883,D,Ship,169,2,low,M,17,1242,3,4,1,Light,0,Medium,3,2,0,1
884,F,Ship,251,2,low,F,5,3443,3,2,1,Medium,1,Low,4,2,0,0
885,A,Ship,161,2,medium,F,1,1642,2,2,1,Light,0,Low,0,2,1,0
886,B,Ship,252,4,low,M,29,2353,3,2,1,Medium,1,Medium,1,2,0,1
887,C,Ship,271,3,low,F,19,2693,4,2,1,Medium,1,Medium,2,2,0,0
888,F,Ship,150,3,medium,M,21,1187,5,3,1,Light,0,Medium,4,2,1,1
889,D,Ship,212,3,high,M,6,2069,3,5,1,Medium,0,Low,3,2,2,1
890,F,Ship,198,4,high,M,65,3407,5,3,1,Medium,0,High,4,2,2,1
891,A,Ship,266,2,high,F,33,3798,3,4,1,Medium,1,High,0,2,2,0
892,B,Ship,255,4,low,F,12,2266,3,4,1,Medium,1,Medium,1,2,0,0
893,C,Ship,166,3,high,F,3,1453,4,1,1,Light,0,Low,2,2,2,0
894,F,Ship,232,2,low,F,39,2139,3,2,1,Medium,0,High,4,2,0,0
895,D,Ship,198,2,medium,F,62,3015,3,5,1,Medium,0,High,3,2,1,0
896,F,Ship,170,3,low,F,21,1588,4,3,1,Light,0,Medium,4,2,0,0
897,A,Ship,162,2,low,M,16,1014,4,2,1,Light,0,Medium,0,2,0,1
898,B,Ship,135,3,low,M,22,1378,3,4,1,Light,0,Medium,1,2,0,1
899,C,Ship,242,3,medium,M,19,3753,3,5,1,Medium,0,Medium,2,2,1,1
900,F,Ship,206,3,medium,F,20,2247,4,3,1,Medium,0,Medium,4,2,1,0
901,D,Ship,253,6,medium,M,59,2627,5,5,1,Medium,1,High,3,2,1,1
902,F,Ship,208,3,medium,M,35,3884,5,3,1,Medium,0,High,4,2,1,1
903,A,Ship,250,3,low,F,33,3463,3,3,1,Medium,0,High,0,2,0,0
904,B,Ship,143,2,medium,M,3,1996,4,1,1,Light,0,Low,1,2,1,1
905,C,Ship,236,3,medium,F,62,3365,5,5,1,Medium,0,High,2,2,1,0
906,F,Ship,147,3,low,M,13,1145,4,4,1,Light,0,Medium,4,2,0,1
907,D,Ship,113,5,low,M,43,1638,2,5,1,Light,0,High,3,2,0,1
908,F,Ship,165,2,high,M,54,1190,5,1,1,Light,0,High,4,2,2,1
909,A,Ship,235,4,low,M,22,2066,4,1,1,Medium,0,Medium,0,2,0,1
910,B,Ship,186,10,low,F,42,3521,4,5,1,Medium,0,High,1,2,0,0
911,C,Ship,274,10,medium,F,29,2949,4,2,1,Medium,1,Medium,2,2,1,0
912,F,Ship,163,3,medium,F,37,1079,2,5,1,Light,0,High,4,2,1,0
913,D,Ship,161,3,low,F,6,1386,4,4,1,Light,0,Low,3,2,0,0
914,F,Ship,264,2,low,M,35,2336,4,4,1,Medium,1,High,4,2,0,1
915,A,Ship,255,2,medium,M,42,3459,3,1,1,Medium,1,High,0,2,1,1
916,B,Ship,258,3,medium,M,3,3928,4,1,1,Medium,1,Low,1,2,1,1
917,C,Ship,261,8,medium,M,39,2103,5,5,1,Medium,1,High,2,2,1,1
918,F,Ship,188,7,medium,M,3,3637,5,3,1,Medium,0,Low,4,2,1,1
919,D,Ship,188,3,high,M,11,3072,3,4,1,Medium,0,Medium,3,2,2,1
920,F,Ship,160,10,medium,M,25,1548,3,2,1,Light,0,Medium,4,2,1,1
921,A,Ship,214,2,low,M,26,3503,3,2,1,Medium,0,Medium,0,2,0,1
922,B,Ship,209,8,medium,F,46,3345,4,4,1,Medium,0,High,1,2,1,0
923,C,Ship,208,7,high,M,8,2193,4,1,1,Medium,0,Low,2,2,2,1
924,F,Ship,265,4,low,M,47,2557,3,3,1,Medium,1,High,4,2,0,1
925,D,Ship,161,2,high,F,41,1992,4,1,1,Light,0,High,3,2,2,0
926,F,Ship,217,3,high,F,61,3067,5,3,1,Medium,0,High,4,2,2,0
927,A,Ship,210,2,low,F,52,2444,3,1,1,Medium,0,High,0,2,0,0
928,B,Ship,179,2,low,F,60,1808,3,3,1,Light,0,High,1,2,0,0
929,C,Ship,180,4,medium,M,55,1165,3,2,1,Light,0,High,2,2,1,1
930,F,Ship,153,5,low,F,12,1972,3,3,1,Light,0,Medium,4,2,0,0
931,D,Ship,162,2,low,M,2,1714,4,3,1,Light,0,Low,3,2,0,1
932,F,Ship,135,3,low,M,27,1898,3,2,1,Light,0,Medium,4,2,0,1
933,A,Road,242,3,medium,F,3,2268,3,5,1,Medium,0,Low,0,1,1,0
934,B,Road,206,3,medium,F,33,2804,4,4,1,Medium,0,High,1,1,1,0
935,C,Road,253,6,medium,M,12,2486,5,1,1,Medium,1,Medium,2,1,1,1
936,F,Road,208,3,medium,M,8,3442,5,2,1,Medium,0,Low,4,1,1,1
937,D,Road,250,3,low,F,49,3798,3,2,1,Medium,0,High,3,1,0,0
938,F,Road,143,2,medium,F,20,1360,4,5,1,Light,0,Medium,4,1,1,0
939,A,Road,236,3,medium,M,7,3589,5,3,1,Medium,0,Low,0,1,1,1
940,B,Road,147,3,low,F,15,1956,4,1,1,Light,0,Medium,1,1,0,0
941,C,Road,113,5,low,F,9,1957,2,1,1,Light,0,Low,2,1,0,0
942,F,Road,165,2,high,M,46,1482,5,4,1,Light,0,High,4,1,2,1
943,D,Road,235,4,low,M,50,2020,4,4,1,Medium,0,High,3,1,0,1
944,F,Road,186,10,low,M,45,3722,4,2,1,Medium,0,High,4,1,0,1
945,A,Road,274,10,medium,F,5,3910,4,5,1,Medium,1,Low,0,1,1,0
946,B,Road,163,3,medium,M,35,1547,2,2,1,Light,0,High,1,1,1,1
947,C,Road,161,3,low,F,22,1819,4,2,1,Light,0,Medium,2,1,0,0
948,F,Road,264,2,low,M,8,2436,4,1,1,Medium,1,Low,4,1,0,1
949,D,Road,255,2,medium,M,3,2894,3,3,1,Medium,1,Low,3,1,1,1
950,F,Road,258,3,medium,M,53,2428,4,1,1,Medium,1,High,4,1,1,1
951,A,Road,261,8,medium,F,1,3308,5,2,1,Medium,1,Low,0,1,1,0
952,B,Road,188,7,medium,F,48,2466,5,4,1,Medium,0,High,1,1,1,0
953,C,Road,188,3,high,F,9,3206,3,5,1,Medium,0,Low,2,1,2,0
954,F,Road,160,10,medium,F,29,1952,3,1,1,Light,0,Medium,4,1,1,0
955,D,Flight,214,2,low,F,50,2720,3,1,1,Medium,0,High,3,0,0,0
956,F,Flight,209,8,medium,F,59,2948,4,5,1,Medium,0,High,4,0,1,0
957,A,Flight,208,7,high,F,65,2674,4,1,1,Medium,0,High,0,0,2,0
958,B,Flight,265,4,low,M,50,2249,3,1,1,Medium,1,High,1,0,0,1
959,C,Flight,161,2,high,F,21,1075,4,1,1,Light,0,Medium,2,0,2,0
960,F,Flight,217,3,high,M,21,2600,5,2,1,Medium,0,Medium,4,0,2,1
961,D,Flight,210,2,low,F,35,2741,3,4,1,Medium,0,High,3,0,0,0
962,F,Flight,179,2,low,F,62,1765,3,3,1,Light,0,High,4,0,0,0
963,A,Flight,180,4,medium,M,52,1329,3,2,1,Light,0,High,0,0,1,1
964,B,Flight,158,5,medium,F,55,1936,4,5,1,Light,0,High,1,0,1,0
965,C,Flight,291,5,medium,F,53,1682,6,1,1,Light,1,High,2,0,1,0
966,F,Flight,231,2,medium,F,55,3894,5,2,1,Medium,0,High,4,0,1,0
967,D,Flight,163,4,low,F,49,1470,4,5,1,Light,0,High,3,0,0,0
968,F,Flight,146,3,low,M,41,1204,5,3,1,Light,0,High,4,0,0,1
969,A,Flight,272,2,low,M,24,3638,2,5,1,Medium,1,Medium,0,0,0,1
970,B,Flight,121,2,medium,F,18,1839,2,1,1,Light,0,Medium,1,0,1,0
971,C,Flight,118,2,low,M,40,1014,6,2,1,Light,0,High,2,0,0,1
972,F,Flight,173,2,low,M,14,1638,3,5,1,Light,0,Medium,4,0,0,1
973,D,Flight,243,2,low,M,23,2686,4,5,1,Medium,0,Medium,3,0,0,1
974,F,Flight,229,3,medium,M,29,2505,5,4,1,Medium,0,Medium,4,0,1,1
975,A,Flight,96,4,medium,F,12,1655,5,3,1,Light,0,Medium,0,0,1,0
976,B,Flight,249,3,medium,M,55,3558,5,5,1,Medium,0,High,1,0,1,1
977,C,Ship,165,2,low,F,24,1966,3,2,1,Light,0,Medium,2,2,0,0
978,F,Ship,223,3,medium,F,63,2427,4,5,1,Medium,0,High,4,2,1,0
979,D,Ship,267,2,low,F,52,2949,3,3,1,Medium,1,High,3,2,0,0
980,F,Ship,140,2,low,F,47,1831,4,4,1,Light,0,High,4,2,0,0
981,A,Ship,209,3,low,F,44,2075,4,4,1,Medium,0,High,0,2,0,0
982,B,Ship,243,3,medium,M,4,3189,3,5,1,Medium,0,Low,1,2,1,1
983,C,Ship,175,4,medium,F,17,1276,3,2,1,Light,0,Medium,2,2,1,0
984,F,Ship,133,3,low,M,9,1051,5,4,1,Light,0,Low,4,2,0,1
985,D,Ship,167,3,medium,F,24,1111,3,3,1,Light,0,Medium,3,2,1,0
986,F,Ship,172,6,high,F,50,1052,6,1,1,Light,0,High,4,2,2,0
987,A,Ship,257,2,low,M,55,2257,5,4,1,Medium,1,High,0,2,0,1
988,B,Ship,202,2,medium,M,39,3857,3,3,1,Medium,0,High,1,2,1,1
989,C,Ship,223,3,medium,F,31,3942,3,1,1,Medium,0,High,2,2,1,0
990,F,Ship,182,2,low,F,40,2592,3,2,1,Medium,0,High,4,2,0,0
991,D,Ship,234,3,medium,M,33,2789,3,2,1,Medium,0,High,3,2,1,1
992,F,Ship,140,3,low,F,30,1035,3,5,1,Light,0,Medium,4,2,0,0
993,A,Ship,136,3,medium,M,9,1548,4,3,1,Light,0,Low,0,2,1,1
994,B,Ship,210,3,medium,F,6,2568,4,3,1,Medium,0,Low,1,2,1,0
995,C,Ship,259,3,high,F,37,3023,5,1,1,Medium,1,High,2,2,2,0
996,F,Ship,141,2,medium,M,52,1012,4,2,1,Light,0,High,4,2,1,1
997,D,Ship,151,4,medium,M,13,1583,4,3,1,Light,0,Medium,3,2,1,1
998,F,Ship,164,3,medium,F,43,1423,3,5,1,Light,0,High,4,2,1,0
999,A,Ship,141,2,medium,F,48,1758,3,3,1,Light,0,High,0,2,1,0
1000,B,Ship,271,2,medium,M,15,3542,3,3,1,Medium,1,Medium,1,2,1,1
1001,C,Ship,191,4,low,F,15,2544,4,3,1,Medium,0,Medium,2,2,0,0
1002,F,Ship,181,3,medium,M,22,3266,3,1,1,Medium,0,Medium,4,2,1,1
1003,D,Ship,241,5,low,M,8,2182,3,3,1,Medium,0,Low,3,2,0,1
1004,F,Ship,254,3,medium,M,3,2837,3,3,1,Medium,1,Low,4,2,1,1
1005,A,Ship,146,6,medium,F,62,1162,3,2,1,Light,0,High,0,2,1,0
1006,B,Ship,271,2,high,M,46,2744,5,1,1,Medium,1,High,1,2,2,1
1007,C,Ship,185,2,medium,F,42,2803,3,1,1,Medium,0,High,2,2,1,0
1008,F,Ship,170,3,low,F,9,1138,4,5,1,Light,0,Low,4,2,0,0
1009,D,Ship,265,2,medium,M,18,3327,4,1,1,Medium,1,Medium,3,2,1,1
1010,F,Ship,142,4,low,F,8,1777,4,4,1,Light,0,Low,4,2,0,0
1011,A,Ship,228,2,low,F,49,3024,2,5,1,Medium,0,High,0,2,0,0
1012,B,Ship,262,4,low,M,16,2871,4,5,1,Medium,1,Medium,1,2,0,1
1013,C,Ship,205,2,medium,F,54,2427,3,3,1,Medium,0,High,2,2,1,0
1014,F,Ship,178,2,high,M,39,1362,4,1,1,Light,0,High,4,2,2,1
1015,D,Ship,153,2,low,M,46,1130,2,2,1,Light,0,High,3,2,0,1
1016,F,Ship,186,2,low,M,63,3447,3,4,1,Medium,0,High,4,2,0,1
1017,A,Ship,167,3,high,F,22,1403,4,1,1,Light,0,Medium,0,2,2,0
1018,B,Ship,148,2,low,M,42,1950,3,3,1,Light,0,High,1,2,0,1
1019,C,Ship,167,2,low,M,2,1010,3,2,1,Light,0,Low,2,2,0,1
1020,F,Ship,261,5,medium,M,45,2488,3,2,1,Medium,1,High,4,2,1,1
1021,D,Ship,166,3,medium,M,43,1095,3,4,1,Light,0,High,3,2,1,1
1022,F,Ship,226,2,low,M,18,2319,3,1,1,Medium,0,Medium,4,2,0,1
1023,A,Ship,260,3,low,F,21,2003,3,4,1,Medium,1,Medium,0,2,0,0
1024,B,Ship,246,3,medium,F,44,3993,5,1,1,Medium,0,High,1,2,1,0
1025,C,Ship,221,3,low,F,21,3686,3,2,1,Medium,0,Medium,2,2,0,0
1026,F,Ship,191,4,medium,M,63,2039,5,4,1,Medium,0,High,4,2,1,1
1027,D,Ship,138,5,medium,F,8,1349,3,1,1,Light,0,Low,3,2,1,0
1028,F,Ship,146,3,medium,M,16,1714,3,1,1,Light,0,Medium,4,2,1,1
1029,A,Ship,193,3,medium,M,11,3188,3,3,1,Medium,0,Medium,0,2,1,1
1030,B,Ship,229,2,medium,F,12,3111,3,1,1,Medium,0,Medium,1,2,1,0
1031,C,Ship,239,2,high,M,16,2504,4,1,1,Medium,0,Medium,2,2,2,1
1032,F,Ship,103,4,medium,M,37,1093,6,2,1,Light,0,High,4,2,1,1
1033,D,Ship,254,5,low,F,36,2039,5,4,1,Medium,1,High,3,2,0,0
1034,F,Ship,198,2,low,M,11,3686,2,2,1,Medium,0,Medium,4,2,0,1
1035,A,Ship,208,3,medium,M,61,3783,3,3,1,Medium,0,High,0,2,1,1
1036,B,Ship,253,2,medium,M,17,2205,3,5,1,Medium,1,Medium,1,2,1,1
1037,C,Ship,261,2,high,M,47,2336,4,3,1,Medium,1,High,2,2,2,1
1038,F,Ship,156,3,medium,M,49,1253,3,1,1,Light,0,High,4,2,1,1
1039,D,Ship,97,2,low,M,26,1598,4,3,1,Light,0,Medium,3,2,0,1
1040,F,Ship,275,2,low,M,41,2546,2,5,1,Medium,1,High,4,2,0,1
1041,A,Ship,189,2,high,M,48,2429,2,1,1,Medium,0,High,0,2,2,1
1042,B,Ship,236,3,medium,M,28,3290,3,1,1,Medium,0,Medium,1,2,1,1
1043,C,Ship,170,3,medium,F,60,1883,5,1,1,Light,0,High,2,2,1,0
1044,F,Ship,251,2,low,M,53,2673,4,2,1,Medium,1,High,4,2,0,1
1045,D,Ship,205,2,medium,F,58,2187,3,3,1,Medium,0,High,3,2,1,0
1046,F,Ship,135,3,medium,F,53,1744,4,5,1,Light,0,High,4,2,1,0
1047,A,Ship,231,2,medium,F,24,2177,3,3,1,Medium,0,Medium,0,2,1,0
1048,B,Ship,257,3,medium,M,56,2941,3,4,1,Medium,1,High,1,2,1,1
1049,C,Ship,162,3,high,M,57,1233,5,2,1,Light,0,High,2,2,2,1
1050,F,Ship,237,5,high,F,63,2573,6,5,1,Medium,0,High,4,2,2,0
1051,D,Ship,134,4,medium,M,53,1887,3,4,1,Light,0,High,3,2,1,1
1052,F,Ship,163,3,medium,F,24,1119,2,1,1,Light,0,Medium,4,2,1,0
1053,A,Ship,264,3,medium,F,27,2019,5,5,1,Medium,1,Medium,0,2,1,0
1054,B,Ship,173,4,low,M,21,1674,5,2,1,Light,0,Medium,1,2,0,1
1055,C,Ship,191,3,low,F,58,2586,2,4,1,Medium,0,High,2,2,0,0
1056,F,Ship,152,3,medium,M,5,1385,3,3,1,Light,0,Low,4,2,1,1
1057,D,Ship,272,4,low,F,23,2048,3,4,1,Medium,1,Medium,3,2,0,0
1058,F,Ship,198,2,low,M,60,3368,4,2,1,Medium,0,High,4,2,0,1
1059,A,Ship,260,4,medium,M,40,3668,4,3,1,Medium,1,High,0,2,1,1
1060,B,Ship,158,6,medium,M,43,1478,4,3,1,Light,0,High,1,2,1,1
1061,C,Ship,252,4,medium,M,63,3729,5,3,1,Medium,1,High,2,2,1,1
1062,F,Ship,199,3,low,M,64,2470,4,2,1,Medium,0,High,4,2,0,1
1063,D,Ship,272,4,low,M,62,2307,4,2,1,Medium,1,High,3,2,0,1
1064,F,Ship,209,3,low,M,37,2215,3,4,1,Medium,0,High,4,2,0,1
1065,A,Ship,147,4,low,M,13,1657,3,2,1,Light,0,Medium,0,2,0,1
1066,B,Ship,166,4,low,F,63,1759,4,2,1,Light,0,High,1,2,0,0
1067,C,Ship,165,2,low,M,48,1706,3,4,1,Light,0,High,2,2,0,1
1068,F,Ship,162,2,medium,F,57,1715,4,5,1,Light,0,High,4,2,1,0
1069,D,Ship,255,3,medium,M,23,3764,3,3,1,Medium,1,Medium,3,2,1,1
1070,F,Road,179,5,low,M,38,1437,5,5,1,Light,0,High,4,1,0,1
1071,A,Road,250,2,high,M,61,3207,3,4,1,Medium,0,High,0,1,2,1
1072,B,Road,251,2,low,F,28,3936,3,5,1,Medium,1,Medium,1,1,0,0
1073,C,Road,198,2,low,F,5,2270,4,4,1,Medium,0,Low,2,1,0,0
1074,F,Road,148,2,medium,M,34,1053,3,1,1,Light,0,High,4,1,1,1
1075,D,Road,268,3,medium,F,3,2758,4,5,1,Medium,1,Low,3,1,1,0
1076,F,Road,239,3,low,F,47,3673,5,2,1,Medium,0,High,4,1,0,0
1077,A,Road,195,3,medium,M,10,2021,3,4,1,Medium,0,Low,0,1,1,1
1078,B,Road,252,2,medium,F,51,2658,4,3,1,Medium,1,High,1,1,1,0
1079,C,Road,272,3,medium,M,48,3780,3,5,1,Medium,1,High,2,1,1,1
1080,F,Road,141,3,medium,F,27,1628,2,4,1,Light,0,Medium,4,1,1,0
1081,D,Road,224,3,low,F,45,3624,3,1,1,Medium,0,High,3,1,0,0
1082,F,Road,270,3,low,F,56,3251,6,3,1,Medium,1,High,4,1,0,0
1083,A,Road,236,3,medium,M,6,2639,6,3,1,Medium,0,Low,0,1,1,1
1084,B,Road,227,3,medium,F,47,3512,3,1,1,Medium,0,High,1,1,1,0
1085,C,Road,262,3,low,M,7,2424,3,4,1,Medium,1,Low,2,1,0,1
1086,F,Road,228,2,low,M,45,2257,3,1,1,Medium,0,High,4,1,0,1
1087,D,Road,176,3,low,M,23,1909,4,2,1,Light,0,Medium,3,1,0,1
1088,F,Road,147,3,medium,M,44,1873,4,2,1,Light,0,High,4,1,1,1
1089,A,Road,196,3,medium,M,44,2085,5,2,1,Medium,0,High,0,1,1,1
1090,B,Road,112,5,medium,F,41,1249,3,1,1,Light,0,High,1,1,1,0
1091,C,Road,221,2,medium,M,54,3065,4,2,1,Medium,0,High,2,1,1,1
1092,F,Flight,154,3,medium,M,46,1312,3,5,1,Light,0,High,4,0,1,1
1093,D,Flight,200,3,low,M,19,2976,4,4,1,Medium,0,Medium,3,0,0,1
1094,F,Flight,216,2,medium,F,57,3807,2,5,1,Medium,0,High,4,0,1,0
1095,A,Flight,185,3,medium,M,3,3051,3,1,1,Medium,0,Low,0,0,1,1
1096,B,Flight,199,3,low,M,23,2994,4,2,1,Medium,0,Medium,1,0,0,1
1097,C,Flight,265,3,low,F,12,2892,5,2,1,Medium,1,Medium,2,0,0,0
1098,F,Flight,263,3,low,F,57,2113,3,2,1,Medium,1,High,4,0,0,0
1099,D,Flight,181,2,low,F,28,2815,4,2,1,Medium,0,Medium,3,0,0,0
1100,F,Flight,163,2,low,F,12,1092,4,3,1,Light,0,Medium,4,0,0,0
1101,A,Flight,260,2,medium,M,23,3962,5,2,1,Medium,1,Medium,0,0,1,1
1102,B,Flight,159,5,medium,F,22,1247,6,2,1,Light,0,Medium,1,0,1,0
1103,C,Flight,227,3,medium,M,54,3043,4,1,1,Medium,0,High,2,0,1,1
1104,F,Flight,104,5,medium,F,41,1936,3,3,1,Light,0,High,4,0,1,0
1105,D,Flight,188,4,low,F,49,3067,3,4,1,Medium,0,High,3,0,0,0
1106,F,Flight,202,3,high,M,41,3536,5,3,1,Medium,0,High,4,0,2,1
1107,A,Flight,213,6,low,F,17,2424,3,3,1,Medium,0,Medium,0,0,0,0
1108,B,Flight,211,2,low,F,45,3332,3,1,1,Medium,0,High,1,0,0,0
1109,C,Flight,232,3,medium,F,61,2484,4,4,1,Medium,0,High,2,0,1,0
1110,F,Flight,143,2,high,M,39,1727,4,3,1,Light,0,High,4,0,2,1
1111,D,Flight,196,3,medium,M,24,2957,5,1,1,Medium,0,Medium,3,0,1,1
1112,F,Flight,150,6,medium,F,42,1070,4,1,1,Light,0,High,4,0,1,0
1113,A,Flight,222,3,high,M,21,2351,5,1,1,Medium,0,Medium,0,0,2,1
1114,B,Ship,203,3,high,M,3,2791,3,2,1,Medium,0,Low,1,2,2,1
1115,C,Ship,178,3,medium,M,60,1176,5,2,1,Light,0,High,2,2,1,1
1116,F,Ship,272,2,low,M,21,3271,4,2,1,Medium,1,Medium,4,2,0,1
1117,D,Ship,182,3,low,M,58,3943,4,2,1,Medium,0,High,3,2,0,1
1118,F,Ship,205,3,low,F,11,2255,4,4,1,Medium,0,Medium,4,2,0,0
1119,A,Ship,171,3,medium,M,11,1282,3,2,1,Light,0,Medium,0,2,1,1
1120,B,Ship,172,2,low,M,48,1993,4,1,1,Light,0,High,1,2,0,1
1121,C,Ship,210,2,medium,M,30,3928,3,2,1,Medium,0,Medium,2,2,1,1
1122,F,Ship,264,3,medium,M,10,3409,2,1,1,Medium,1,Low,4,2,1,1
1123,D,Ship,181,4,low,F,46,2399,4,1,1,Medium,0,High,3,2,0,0
1124,F,Ship,240,3,medium,F,54,2919,3,5,1,Medium,0,High,4,2,1,0
1125,A,Ship,140,4,medium,F,46,1442,4,4,1,Light,0,High,0,2,1,0
1126,B,Ship,283,5,medium,F,35,2686,6,4,1,Medium,1,High,1,2,1,0
1127,C,Ship,263,4,medium,M,23,2960,4,3,1,Medium,1,Medium,2,2,1,1
1128,F,Ship,136,3,high,F,35,1234,4,4,1,Light,0,High,4,2,2,0
1129,D,Ship,145,4,low,F,35,1210,4,4,1,Light,0,High,3,2,0,0
1130,F,Ship,162,2,low,F,42,1763,3,3,1,Light,0,High,4,2,0,0
1131,A,Ship,230,6,low,F,60,2067,5,1,1,Medium,0,High,0,2,0,0
1132,B,Ship,148,5,medium,M,61,1452,3,3,1,Light,0,High,1,2,1,1
1133,C,Ship,175,3,high,F,45,1212,3,3,1,Light,0,High,2,2,2,0
1134,F,Ship,227,2,high,M,35,3583,4,2,1,Medium,0,High,4,2,2,1
1135,D,Ship,177,4,low,F,13,1569,4,1,1,Light,0,Medium,3,2,0,0
1136,F,Ship,257,3,medium,M,60,3416,6,1,1,Medium,1,High,4,2,1,1
1137,A,Ship,198,5,medium,M,36,2803,5,5,1,Medium,0,High,0,2,1,1
1138,B,Ship,251,3,medium,M,59,3651,3,5,1,Medium,1,High,1,2,1,1
1139,C,Ship,158,3,medium,F,47,1246,5,5,1,Light,0,High,2,2,1,0
1140,F,Ship,171,6,medium,F,27,1840,4,5,1,Light,0,Medium,4,2,1,0
1141,D,Ship,260,2,low,M,2,2980,4,1,1,Medium,1,Low,3,2,0,1
1142,F,Ship,263,3,low,M,42,2992,3,4,1,Medium,1,High,4,2,0,1
1143,A,Ship,269,2,high,M,43,2300,6,3,1,Medium,1,High,0,2,2,1
1144,B,Ship,224,2,low,F,37,3220,3,3,1,Medium,0,High,1,2,0,0
1145,C,Ship,118,5,low,M,50,1413,4,1,1,Light,0,High,2,2,0,1
1146,F,Ship,186,10,low,M,64,2529,5,1,1,Medium,0,High,4,2,0,1
1147,D,Ship,191,2,high,M,34,2708,5,5,1,Medium,0,High,3,2,2,1
1148,F,Ship,174,6,medium,F,26,1184,5,5,1,Light,0,Medium,4,2,1,0
1149,A,Ship,140,2,medium,F,55,1339,3,1,1,Light,0,High,0,2,1,0
1150,B,Ship,193,2,high,F,48,2371,4,2,1,Medium,0,High,1,2,2,0
1151,C,Ship,148,10,high,F,12,1779,3,4,1,Light,0,Medium,2,2,2,0
1152,F,Ship,176,5,low,F,55,1211,2,2,1,Light,0,High,4,2,0,0
1153,D,Ship,135,10,medium,M,35,1989,4,1,1,Light,0,High,3,2,1,1
1154,F,Ship,154,10,medium,F,48,1990,6,5,1,Light,0,High,4,2,1,0
1155,A,Ship,143,8,low,M,44,1756,4,5,1,Light,0,High,0,2,0,1
1156,B,Ship,173,2,low,F,10,1179,4,3,1,Light,0,Low,1,2,0,0
1157,C,Ship,262,3,medium,F,38,3139,4,5,1,Medium,1,High,2,2,1,0
1158,F,Ship,171,3,low,F,58,1516,4,1,1,Light,0,High,4,2,0,0
1159,D,Ship,246,2,low,M,55,2387,4,3,1,Medium,0,High,3,2,0,1
1160,F,Ship,266,2,high,F,55,2779,3,4,1,Medium,1,High,4,2,2,0
1161,A,Ship,127,8,low,M,39,1411,4,5,1,Light,0,High,0,2,0,1
1162,B,Ship,167,8,low,M,28,1921,5,2,1,Light,0,Medium,1,2,0,1
1163,C,Ship,187,4,medium,M,37,2200,4,2,1,Medium,0,High,2,2,1,1
1164,F,Ship,162,2,low,F,54,1614,3,2,1,Light,0,High,4,2,0,0
1165,D,Ship,230,6,low,M,10,3604,5,2,1,Medium,0,Low,3,2,0,1
1166,F,Ship,148,5,medium,F,50,1540,3,4,1,Light,0,High,4,2,1,0
1167,A,Ship,175,3,high,F,55,1229,3,3,1,Light,0,High,0,2,2,0
1168,B,Ship,227,2,high,M,60,3080,4,1,1,Medium,0,High,1,2,2,1
1169,C,Ship,177,4,low,M,38,1767,4,3,1,Light,0,High,2,2,0,1
1170,F,Ship,257,3,medium,M,37,2239,6,1,1,Medium,1,High,4,2,1,1
1171,D,Ship,198,5,medium,F,49,3187,5,1,1,Medium,0,High,3,2,1,0
1172,F,Ship,251,3,medium,F,18,2240,3,1,1,Medium,1,Medium,4,2,1,0
1173,A,Ship,158,3,medium,M,16,1499,5,2,1,Light,0,Medium,0,2,1,1
1174,B,Ship,171,6,medium,F,9,1909,4,3,1,Light,0,Low,1,2,1,0
1175,C,Ship,260,2,low,M,38,2526,4,3,1,Medium,1,High,2,2,0,1
1176,F,Ship,263,3,low,M,25,3689,3,1,1,Medium,1,Medium,4,2,0,1
1177,D,Ship,269,2,high,M,47,4000,6,4,1,Medium,1,High,3,2,2,1
1178,F,Ship,224,2,low,F,49,3749,3,2,1,Medium,0,High,4,2,0,0
1179,A,Ship,118,5,low,F,15,1601,4,3,1,Light,0,Medium,0,2,0,0
1180,B,Ship,186,10,low,F,24,3621,5,4,1,Medium,0,Medium,1,2,0,0
1181,C,Ship,191,2,high,F,6,2059,5,2,1,Medium,0,Low,2,2,2,0
1182,F,Ship,174,6,medium,M,44,1635,5,1,1,Light,0,High,4,2,1,1
1183,D,Ship,140,2,medium,M,55,1847,3,3,1,Light,0,High,3,2,1,1
1184,F,Ship,193,2,high,M,37,3510,4,1,1,Medium,0,High,4,2,2,1
1185,A,Ship,148,10,high,F,35,1597,3,5,1,Light,0,High,0,2,2,0
1186,B,Ship,176,5,low,M,29,1254,2,3,1,Light,0,Medium,1,2,0,1
1187,C,Ship,135,10,medium,F,57,1361,4,4,1,Light,0,High,2,2,1,0
1188,F,Ship,154,10,medium,F,14,1204,6,5,1,Light,0,Medium,4,2,1,0
1189,D,Ship,143,8,low,M,38,1095,4,5,1,Light,0,High,3,2,0,1
1190,F,Ship,173,2,low,F,30,1336,4,2,1,Light,0,Medium,4,2,0,0
1191,A,Ship,262,3,medium,M,46,2904,4,3,1,Medium,1,High,0,2,1,1
1192,B,Ship,171,3,low,F,21,1683,4,5,1,Light,0,Medium,1,2,0,0
1193,C,Ship,246,2,low,M,11,2282,4,4,1,Medium,0,Medium,2,2,0,1
1194,F,Ship,266,2,high,M,49,2643,3,4,1,Medium,1,High,4,2,2,1
1195,D,Ship,127,8,low,F,12,1519,4,1,1,Light,0,Medium,3,2,0,0
1196,F,Ship,167,8,low,M,44,1547,5,5,1,Light,0,High,4,2,0,1
1197,A,Ship,187,4,medium,M,49,3225,4,2,1,Medium,0,High,0,2,1,1
1198,B,Ship,294,4,low,M,35,1625,6,2,1,Light,1,High,1,2,0,1
1199,C,Ship,158,4,low,F,13,1785,4,2,1,Light,0,Medium,2,2,0,0
1200,F,Ship,135,5,low,M,55,1078,6,5,1,Light,0,High,4,2,0,1
1201,D,Ship,238,3,low,F,28,1915,4,2,1,Light,0,Medium,3,2,0,0
1202,F,Ship,213,3,low,M,63,1548,6,1,1,Light,0,High,4,2,0,1
1203,A,Ship,237,2,medium,M,21,1495,4,4,1,Light,0,Medium,0,2,1,1
1204,B,Ship,257,3,low,M,47,1308,4,1,1,Light,1,High,1,2,0,1
1205,C,Ship,198,5,low,M,65,1994,5,2,1,Light,0,High,2,2,0,1
1206,F,Ship,218,3,medium,M,48,3425,3,3,1,Medium,0,High,4,2,1,1
1207,D,Road,236,4,low,M,65,2280,4,4,1,Medium,0,High,3,1,0,1
1208,F,Road,100,3,low,F,17,1129,3,1,1,Light,0,Medium,4,1,0,0
1209,A,Road,154,2,low,F,44,1994,3,1,1,Light,0,High,0,1,0,0
1210,B,Road,238,3,low,M,32,3832,5,1,1,Medium,0,High,1,1,0,1
1211,C,Road,128,5,low,M,34,1008,5,5,1,Light,0,High,2,1,0,1
1212,F,Road,140,3,medium,M,9,1431,4,1,1,Light,0,Low,4,1,1,1
1213,D,Road,187,3,low,M,50,3878,2,4,1,Medium,0,High,3,1,0,1
1214,F,Road,256,3,low,F,15,3155,4,3,1,Medium,1,Medium,4,1,0,0
1215,A,Road,270,4,low,F,18,2397,3,3,1,Medium,1,Medium,0,1,0,0
1216,B,Road,202,2,low,F,45,3008,4,2,1,Medium,0,High,1,1,0,0
1217,C,Road,256,3,low,F,62,2971,3,5,1,Medium,1,High,2,1,0,0
1218,F,Road,135,2,medium,F,37,1597,4,3,1,Light,0,High,4,1,1,0
1219,D,Road,184,4,medium,M,8,2306,4,4,1,Medium,0,Low,3,1,1,1
1220,F,Road,169,4,medium,F,23,1922,5,5,1,Light,0,Medium,4,1,1,0
1221,A,Road,178,4,medium,F,48,1079,3,2,1,Light,0,High,0,1,1,0
1222,B,Road,265,3,medium,F,41,3101,4,5,1,Medium,1,High,1,1,1,0
1223,C,Road,217,2,medium,M,22,2138,4,3,1,Medium,0,Medium,2,1,1,1
1224,F,Road,258,2,medium,M,11,2791,3,1,1,Medium,1,Medium,4,1,1,1
1225,D,Road,218,2,medium,M,9,2069,3,3,1,Medium,0,Low,3,1,1,1
1226,F,Road,135,2,medium,M,7,1316,3,1,1,Light,0,Low,4,1,1,1
1227,A,Road,150,2,medium,F,61,1053,3,3,1,Light,0,High,0,1,1,0
1228,B,Road,200,3,medium,F,49,2942,3,4,1,Medium,0,High,1,1,1,0
1229,C,Flight,136,3,high,M,12,1592,6,1,1,Light,0,Medium,2,0,2,1
1230,F,Flight,119,2,low,M,32,1791,3,2,1,Light,0,High,4,0,0,1
1231,D,Flight,212,6,medium,F,5,2041,5,4,1,Medium,0,Low,3,0,1,0
1232,F,Flight,272,2,low,M,57,2377,4,2,1,Medium,1,High,4,0,0,1
1233,A,Flight,166,3,low,M,5,1610,4,2,1,Light,0,Low,0,0,0,1
1234,B,Flight,176,3,high,F,1,1982,3,5,1,Light,0,Low,1,0,2,0
1235,C,Flight,280,4,low,M,17,3555,2,3,1,Medium,1,Medium,2,0,0,1
1236,F,Flight,169,2,medium,F,19,1922,3,2,1,Light,0,Medium,4,0,1,0
1237,D,Flight,231,6,medium,F,64,3627,3,1,1,Medium,0,High,3,0,1,0
1238,F,Flight,140,2,low,F,5,1274,4,1,1,Light,0,Low,4,0,0,0
1239,A,Flight,183,3,medium,F,44,3158,3,5,1,Medium,0,High,0,0,1,0
1240,B,Flight,157,3,medium,M,28,1557,4,5,1,Light,0,Medium,1,0,1,1
1241,C,Flight,210,4,medium,F,28,3905,4,5,1,Medium,0,Medium,2,0,1,0
1242,F,Flight,227,4,low,F,20,2217,4,5,1,Medium,0,Medium,4,0,0,0
1243,D,Flight,250,2,medium,M,45,3021,4,1,1,Medium,0,High,3,0,1,1
1244,F,Flight,171,5,high,M,61,1947,6,3,1,Light,0,High,4,0,2,1
1245,A,Flight,136,2,medium,F,17,1285,4,2,1,Light,0,Medium,0,0,1,0
1246,B,Flight,258,3,medium,M,58,2579,4,3,1,Medium,1,High,1,0,1,1
1247,C,Flight,271,5,low,M,14,2514,6,2,1,Medium,1,Medium,2,0,0,1
1248,F,Flight,197,3,low,F,29,2915,4,4,1,Medium,0,Medium,4,0,0,0
1249,D,Flight,217,3,low,M,27,2999,5,2,1,Medium,0,Medium,3,0,0,1
1250,F,Flight,247,3,low,F,9,2414,4,1,1,Medium,0,Low,4,0,0,0
1251,A,Ship,192,4,medium,F,46,3599,4,4,1,Medium,0,High,0,2,1,0
1252,B,Ship,254,3,medium,M,6,3496,3,1,1,Medium,1,Low,1,2,1,1
1253,C,Ship,226,3,medium,F,65,3840,5,5,1,Medium,0,High,2,2,1,0
1254,F,Ship,197,2,low,F,48,2481,5,3,1,Medium,0,High,4,2,0,0
1255,D,Ship,203,4,medium,M,12,2779,3,1,1,Medium,0,Medium,3,2,1,1
1256,F,Ship,196,3,medium,M,16,3722,4,5,1,Medium,0,Medium,4,2,1,1
1257,A,Ship,180,3,low,M,33,1217,2,2,1,Light,0,High,0,2,0,1
1258,B,Ship,219,3,low,F,54,3145,3,5,1,Medium,0,High,1,2,0,0
1259,C,Ship,266,2,low,F,15,3425,4,4,1,Medium,1,Medium,2,2,0,0
1260,F,Ship,144,2,low,F,20,1082,5,1,1,Light,0,Medium,4,2,0,0
1261,D,Ship,197,2,low,F,12,3400,5,3,1,Medium,0,Medium,3,2,0,0
1262,F,Ship,258,3,medium,F,4,3686,4,1,1,Medium,1,Low,4,2,1,0
1263,A,Ship,187,3,low,F,63,2481,3,3,1,Medium,0,High,0,2,0,0
1264,B,Ship,184,3,low,M,9,3332,5,4,1,Medium,0,Low,1,2,0,1
1265,C,Ship,142,2,medium,F,63,1615,4,3,1,Light,0,High,2,2,1,0
1266,F,Ship,283,5,low,F,50,2848,3,5,1,Medium,1,High,4,2,0,0
1267,D,Ship,221,2,low,F,13,3097,4,2,1,Medium,0,Medium,3,2,0,0
1268,F,Ship,233,5,low,M,44,2010,3,2,1,Medium,0,High,4,2,0,1
1269,A,Ship,129,5,low,F,58,1463,6,4,1,Light,0,High,0,2,0,0
1270,B,Ship,154,2,medium,F,43,1542,3,4,1,Light,0,High,1,2,1,0
1271,C,Ship,158,3,medium,M,63,1387,4,4,1,Light,0,High,2,2,1,1
1272,F,Ship,236,6,medium,M,9,3715,5,3,1,Medium,0,Low,4,2,1,1
1273,D,Ship,257,3,low,F,52,2170,3,5,1,Medium,1,High,3,2,0,0
1274,F,Ship,160,3,medium,M,50,1511,4,5,1,Light,0,High,4,2,1,1
1275,A,Ship,255,4,low,F,62,3198,4,2,1,Medium,1,High,0,2,0,0
1276,B,Ship,210,2,medium,M,22,3124,4,3,1,Medium,0,Medium,1,2,1,1
1277,C,Ship,169,4,medium,F,37,1290,5,3,1,Light,0,High,2,2,1,0
1278,F,Ship,275,2,high,F,1,2597,3,1,1,Medium,1,Low,4,2,2,0
1279,D,Ship,185,3,medium,M,47,2467,3,2,1,Medium,0,High,3,2,1,1
1280,F,Ship,213,2,medium,F,54,2809,3,2,1,Medium,0,High,4,2,1,0
1281,A,Ship,179,3,high,M,57,1582,3,4,1,Light,0,High,0,2,2,1
1282,B,Ship,110,3,low,M,7,1235,3,3,1,Light,0,Low,1,2,0,1
1283,C,Ship,216,3,low,F,41,2042,3,4,1,Medium,0,High,2,2,0,0
1284,F,Ship,267,3,medium,M,37,2716,4,1,1,Medium,1,High,4,2,1,1
1285,D,Ship,214,2,medium,F,1,3709,5,4,1,Medium,0,Low,3,2,1,0
1286,F,Ship,196,3,low,M,38,2211,5,2,1,Medium,0,High,4,2,0,1
1287,A,Ship,192,2,low,F,8,3127,2,2,1,Medium,0,Low,0,2,0,0
1288,B,Ship,191,3,low,M,4,2724,4,1,1,Medium,0,Low,1,2,0,1
1289,C,Ship,222,3,medium,M,57,2714,3,4,1,Medium,0,High,2,2,1,1
1290,F,Ship,141,3,medium,M,10,1751,3,3,1,Light,0,Low,4,2,1,1
1291,D,Ship,242,3,low,M,1,2808,4,3,1,Medium,0,Low,3,2,0,1
1292,F,Ship,212,2,high,M,13,2733,3,4,1,Medium,0,Medium,4,2,2,1
1293,A,Ship,133,3,medium,F,21,1648,5,5,1,Light,0,Medium,0,2,1,0
1294,B,Ship,254,5,low,F,35,2508,5,5,1,Medium,1,High,1,2,0,0
1295,C,Ship,190,3,medium,F,2,2125,4,3,1,Medium,0,Low,2,2,1,0
1296,F,Ship,185,3,low,M,25,2503,5,3,1,Medium,0,Medium,4,2,0,1
1297,D,Ship,191,3,medium,M,54,3890,3,5,1,Medium,0,High,3,2,1,1
1298,F,Ship,158,2,medium,M,15,1030,4,4,1,Light,0,Medium,4,2,1,1
1299,A,Ship,171,3,low,F,49,1333,3,5,1,Light,0,High,0,2,0,0
1300,B,Ship,160,2,medium,M,32,1085,3,4,1,Light,0,High,1,2,1,1
1301,C,Ship,235,3,low,F,21,3088,4,2,1,Medium,0,Medium,2,2,0,0
1302,F,Ship,247,3,low,M,55,2361,4,4,1,Medium,0,High,4,2,0,1
1303,D,Ship,152,3,medium,F,65,1706,4,1,1,Light,0,High,3,2,1,0
1304,F,Ship,138,3,medium,M,15,1080,4,3,1,Light,0,Medium,4,2,1,1
1305,A,Ship,270,2,high,F,43,2971,5,4,1,Medium,1,High,0,2,2,0
1306,B,Ship,193,4,medium,M,8,2952,6,1,1,Medium,0,Low,1,2,1,1
1307,C,Ship,252,2,medium,M,1,2336,4,3,1,Medium,1,Low,2,2,1,1
1308,F,Ship,203,2,medium,F,51,3976,3,1,1,Medium,0,High,4,2,1,0
1309,D,Ship,141,3,medium,M,64,1677,5,4,1,Light,0,High,3,2,1,1
1310,F,Ship,197,3,low,F,20,3617,4,3,1,Medium,0,Medium,4,2,0,0
1311,A,Ship,142,3,low,F,54,1332,6,2,1,Light,0,High,0,2,0,0
1312,B,Ship,161,3,low,F,25,1048,3,4,1,Light,0,Medium,1,2,0,0
1313,C,Ship,139,3,medium,F,23,1283,2,2,1,Light,0,Medium,2,2,1,0
1314,F,Ship,186,2,low,M,17,3896,2,5,1,Medium,0,Medium,4,2,0,1
1315,D,Ship,190,3,low,M,52,2611,5,3,1,Medium,0,High,3,2,0,1
1316,F,Ship,186,4,low,M,23,3981,5,3,1,Medium,0,Medium,4,2,0,1
1317,A,Ship,181,3,low,F,29,2164,3,2,1,Medium,0,Medium,0,2,0,0
1318,B,Ship,111,6,low,M,8,1145,4,4,1,Light,0,Low,1,2,0,1
1319,C,Ship,159,3,medium,M,62,1124,2,3,1,Light,0,High,2,2,1,1
1320,F,Ship,205,3,medium,F,44,2291,4,3,1,Medium,0,High,4,2,1,0
1321,D,Ship,134,3,high,F,12,1775,5,1,1,Light,0,Medium,3,2,2,0
1322,F,Ship,191,3,low,F,4,3947,3,1,1,Medium,0,Low,4,2,0,0
1323,A,Ship,141,2,medium,F,28,1624,2,3,1,Light,0,Medium,0,2,1,0
1324,B,Ship,225,2,medium,M,31,3454,5,1,1,Medium,0,High,1,2,1,1
1325,C,Ship,171,3,medium,F,24,1300,3,5,1,Light,0,Medium,2,2,1,0
1326,F,Ship,286,5,low,M,37,2938,4,3,1,Medium,1,High,4,2,0,1
1327,D,Ship,255,5,low,F,1,2713,3,1,1,Medium,1,Low,3,2,0,0
1328,F,Ship,113,6,medium,M,25,1538,4,5,1,Light,0,Medium,4,2,1,1
1329,A,Ship,201,3,medium,F,65,2488,5,1,1,Medium,0,High,0,2,1,0
1330,B,Ship,184,3,medium,F,49,2823,3,1,1,Medium,0,High,1,2,1,0
1331,C,Ship,199,2,medium,F,18,3346,3,1,1,Medium,0,Medium,2,2,1,0
1332,F,Ship,255,2,medium,M,29,2267,4,4,1,Medium,1,Medium,4,2,1,1
1333,D,Ship,269,4,medium,M,60,3456,4,5,1,Medium,1,High,3,2,1,1
1334,F,Ship,260,2,low,F,23,3065,5,5,1,Medium,1,Medium,4,2,0,0
1335,A,Ship,198,4,medium,F,44,2848,3,1,1,Medium,0,High,0,2,1,0
1336,B,Ship,256,2,medium,M,10,3128,4,2,1,Medium,1,Low,1,2,1,1
1337,C,Ship,140,4,low,M,27,1184,3,1,1,Light,0,Medium,2,2,0,1
1338,F,Ship,165,4,medium,F,7,1627,3,4,1,Light,0,Low,4,2,1,0
1339,D,Ship,144,3,low,M,1,1274,3,3,1,Light,0,Low,3,2,0,1
1340,F,Ship,240,3,low,M,53,2980,2,2,1,Medium,0,High,4,2,0,1
1341,A,Ship,183,4,low,M,15,3632,4,2,1,Medium,0,Medium,0,2,0,1
1342,B,Ship,201,2,low,M,4,3757,5,3,1,Medium,0,Low,1,2,0,1
1343,C,Ship,216,2,medium,F,6,3255,4,4,1,Medium,0,Low,2,2,1,0
1344,F,Road,218,3,low,M,25,2682,4,5,1,Medium,0,Medium,4,1,0,1
1345,D,Road,147,3,low,F,2,1307,3,4,1,Light,0,Low,3,1,0,0
1346,F,Road,264,2,medium,F,1,3947,3,5,1,Medium,1,Low,4,1,1,0
1347,A,Road,145,3,low,F,43,1651,4,4,1,Light,0,High,0,1,0,0
1348,B,Road,264,6,low,M,30,2751,3,5,1,Medium,1,Medium,1,1,0,1
1349,C,Road,253,2,medium,F,43,2589,4,5,1,Medium,1,High,2,1,1,0
1350,F,Road,257,6,low,M,5,3986,2,4,1,Medium,1,Low,4,1,0,1
1351,D,Road,202,3,high,M,59,2563,4,1,1,Medium,0,High,3,1,2,1
1352,F,Road,245,4,medium,F,12,2225,5,5,1,Medium,0,Medium,4,1,1,0
1353,A,Road,162,2,low,F,47,1540,4,1,1,Light,0,High,0,1,0,0
1354,B,Road,158,3,medium,F,39,1512,3,2,1,Light,0,High,1,1,1,0
1355,C,Road,182,3,medium,F,40,3536,3,1,1,Medium,0,High,2,1,1,0
1356,F,Road,218,3,medium,F,4,3534,3,4,1,Medium,0,Low,4,1,1,0
1357,D,Road,201,3,medium,M,41,3563,4,5,1,Medium,0,High,3,1,1,1
1358,F,Road,184,4,medium,F,38,2232,5,1,1,Medium,0,High,4,1,1,0
1359,A,Road,241,3,medium,F,61,3812,4,1,1,Medium,0,High,0,1,1,0
1360,B,Road,263,2,medium,M,59,3238,5,5,1,Medium,1,High,1,1,1,1
1361,C,Road,230,2,medium,F,36,3381,5,5,1,Medium,0,High,2,1,1,0
1362,F,Road,240,3,low,F,28,2356,3,4,1,Medium,0,Medium,4,1,0,0
1363,D,Road,233,3,medium,F,43,3856,4,5,1,Medium,0,High,3,1,1,0
1364,F,Road,237,2,medium,M,22,2912,4,3,1,Medium,0,Medium,4,1,1,1
1365,A,Road,144,3,low,F,59,1178,5,4,1,Light,0,High,0,1,0,0
1366,B,Flight,167,3,low,M,1,1252,3,1,1,Light,0,Low,1,0,0,1
1367,C,Flight,138,3,low,F,64,1708,4,5,1,Light,0,High,2,0,0,0
1368,F,Flight,165,2,medium,M,51,1429,5,3,1,Light,0,High,4,0,1,1
1369,D,Flight,247,4,low,F,19,3838,4,3,1,Medium,0,Medium,3,0,0,0
1370,F,Flight,152,6,low,F,7,1674,3,2,1,Light,0,Low,4,0,0,0
1371,A,Flight,199,4,low,F,24,3473,5,3,1,Medium,0,Medium,0,0,0,0
1372,B,Flight,268,3,medium,M,6,2206,5,4,1,Medium,1,Low,1,0,1,1
1373,C,Flight,150,2,low,F,30,1782,4,5,1,Light,0,Medium,2,0,0,0
1374,F,Flight,190,4,medium,F,47,3644,5,5,1,Medium,0,High,4,0,1,0
1375,D,Flight,153,4,low,M,36,1171,4,3,1,Light,0,High,3,0,0,1
1376,F,Flight,185,3,low,M,27,3410,4,2,1,Medium,0,Medium,4,0,0,1
1377,A,Flight,274,3,medium,M,58,2098,5,1,1,Medium,1,High,0,0,1,1
1378,B,Flight,258,2,high,M,11,2252,4,3,1,Medium,1,Medium,1,0,2,1
1379,C,Flight,110,3,low,F,54,1155,3,1,1,Light,0,High,2,0,0,0
1380,F,Flight,240,6,low,M,21,3559,3,5,1,Medium,0,Medium,4,0,0,1
1381,D,Flight,118,2,low,F,6,1726,6,5,1,Light,0,Low,3,0,0,0
1382,F,Flight,243,2,low,F,38,3850,3,2,1,Medium,0,High,4,0,0,0
1383,A,Flight,225,6,low,M,44,2057,6,2,1,Medium,0,High,0,0,0,1
1384,B,Flight,238,4,medium,F,49,3179,3,2,1,Medium,0,High,1,0,1,0
1385,C,Flight,127,5,low,F,16,1955,4,4,1,Light,0,Medium,2,0,0,0
1386,F,Flight,166,2,low,M,45,1665,3,5,1,Light,0,High,4,0,0,1
1387,D,Flight,180,3,low,F,29,1414,3,1,1,Light,0,Medium,3,0,0,0
1388,F,Ship,161,2,medium,M,59,1941,4,4,1,Light,0,High,4,2,1,1
1389,A,Ship,230,3,low,F,43,2994,5,1,1,Medium,0,High,0,2,0,0
1390,B,Ship,167,3,low,F,51,1573,5,3,1,Light,0,High,1,2,0,0
1391,C,Ship,186,3,low,F,16,2693,4,5,1,Medium,0,Medium,2,2,0,0
1392,F,Ship,150,3,high,M,9,1620,4,4,1,Light,0,Low,4,2,2,1
1393,D,Ship,253,7,medium,M,37,2955,4,1,1,Medium,1,High,3,2,1,1
1394,F,Ship,239,2,medium,F,59,2897,5,2,1,Medium,0,High,4,2,1,0
1395,A,Ship,294,4,low,M,57,1265,6,2,1,Light,1,High,0,2,0,1
1396,B,Ship,158,4,low,F,45,1758,4,2,1,Light,0,High,1,2,0,0
1397,C,Ship,135,5,low,F,20,1266,6,3,1,Light,0,Medium,2,2,0,0
1398,F,Ship,238,3,low,F,28,1040,4,2,1,Light,0,Medium,4,2,0,0
1399,D,Ship,213,3,low,M,17,1656,6,3,1,Light,0,Medium,3,2,0,1
1400,F,Ship,165,2,medium,F,18,1918,5,2,1,Light,0,Medium,4,2,1,0
1401,A,Ship,247,4,low,M,16,2362,4,3,1,Medium,0,Medium,0,2,0,1
1402,B,Ship,152,6,low,F,32,1158,3,5,1,Light,0,High,1,2,0,0
1403,C,Ship,199,4,low,M,24,3443,5,4,1,Medium,0,Medium,2,2,0,1
1404,F,Ship,268,3,medium,F,41,3716,5,2,1,Medium,1,High,4,2,1,0
1405,D,Ship,150,2,low,M,51,1491,4,3,1,Light,0,High,3,2,0,1
1406,F,Ship,190,4,medium,M,24,3446,5,1,1,Medium,0,Medium,4,2,1,1
1407,A,Ship,153,4,low,M,7,1130,4,1,1,Light,0,Low,0,2,0,1
1408,B,Ship,185,3,low,M,13,2080,4,4,1,Medium,0,Medium,1,2,0,1
1409,C,Ship,274,3,medium,F,54,2905,5,3,1,Medium,1,High,2,2,1,0
1410,F,Ship,258,2,high,M,5,3512,4,5,1,Medium,1,Low,4,2,2,1
1411,D,Ship,110,3,low,F,55,1281,3,4,1,Light,0,High,3,2,0,0
1412,F,Ship,240,6,low,F,26,2683,3,2,1,Medium,0,Medium,4,2,0,0
1413,A,Ship,118,2,low,F,2,1744,6,2,1,Light,0,Low,0,2,0,0
1414,B,Ship,243,2,low,F,14,3693,3,4,1,Medium,0,Medium,1,2,0,0
1415,C,Ship,225,6,low,F,55,2052,6,5,1,Medium,0,High,2,2,0,0
1416,F,Ship,238,4,medium,M,57,3537,3,3,1,Medium,0,High,4,2,1,1
1417,D,Ship,127,5,low,F,5,1205,4,3,1,Light,0,Low,3,2,0,0
1418,F,Ship,166,2,low,F,45,1791,3,3,1,Light,0,High,4,2,0,0
1419,A,Ship,180,3,low,M,6,1228,3,5,1,Light,0,Low,0,2,0,1
1420,B,Ship,161,2,medium,M,55,1457,4,5,1,Light,0,High,1,2,1,1
1421,C,Ship,230,3,low,F,39,3989,5,4,1,Medium,0,High,2,2,0,0
1422,F,Ship,167,3,low,F,53,1564,5,5,1,Light,0,High,4,2,0,0
1423,D,Ship,186,3,low,F,25,3851,4,3,1,Medium,0,Medium,3,2,0,0
1424,F,Ship,150,3,high,F,32,1689,4,2,1,Light,0,High,4,2,2,0
1425,A,Ship,253,7,medium,F,11,3825,4,5,1,Medium,1,Medium,0,2,1,0
1426,B,Ship,239,2,medium,F,15,2471,5,2,1,Medium,0,Medium,1,2,1,0
1427,C,Ship,294,4,low,M,52,1667,6,3,1,Light,1,High,2,2,0,1
1428,F,Ship,158,4,low,F,4,1595,4,5,1,Light,0,Low,4,2,0,0
1429,D,Ship,135,5,low,M,26,1585,6,2,1,Light,0,Medium,3,2,0,1
1430,F,Ship,238,3,low,M,9,1724,4,5,1,Light,0,Low,4,2,0,1
1431,A,Ship,265,3,low,M,3,1904,6,2,1,Light,1,Low,0,2,0,1
1432,B,Ship,180,5,medium,M,35,1725,5,5,1,Light,0,High,1,2,1,1
1433,C,Ship,229,3,low,F,43,1793,7,2,1,Light,0,High,2,2,0,0
1434,F,Ship,176,3,low,M,51,1297,3,2,1,Light,0,High,4,2,0,1
1435,D,Ship,172,2,medium,M,60,1840,3,5,1,Light,0,High,3,2,1,1
1436,F,Ship,100,4,medium,F,3,1440,6,5,1,Light,0,Low,4,2,1,0
1437,A,Ship,142,6,low,M,6,1459,4,3,1,Light,0,Low,0,2,0,1
1438,B,Ship,153,3,medium,M,2,1095,4,3,1,Light,0,Low,1,2,1,1
1439,C,Ship,160,4,low,F,56,1408,3,4,1,Light,0,High,2,2,0,0
1440,F,Ship,217,3,medium,F,16,3444,4,3,1,Medium,0,Medium,4,2,1,0
1441,D,Ship,273,3,low,M,41,3464,3,2,1,Medium,1,High,3,2,0,1
1442,F,Ship,133,3,low,M,17,1187,3,4,1,Light,0,Medium,4,2,0,1
1443,A,Ship,155,4,low,M,54,1885,3,4,1,Light,0,High,0,2,0,1
1444,B,Ship,184,4,medium,F,2,3798,5,3,1,Medium,0,Low,1,2,1,0
1445,C,Ship,230,3,medium,M,43,3609,5,5,1,Medium,0,High,2,2,1,1
1446,F,Ship,254,3,high,M,53,3538,3,4,1,Medium,1,High,4,2,2,1
1447,D,Ship,108,6,medium,M,46,1882,4,5,1,Light,0,High,3,2,1,1
1448,F,Ship,154,3,low,M,52,1367,4,4,1,Light,0,High,4,2,0,1
1449,A,Ship,177,3,low,F,1,1916,5,3,1,Light,0,Low,0,2,0,0
1450,B,Ship,162,2,medium,M,65,1184,3,3,1,Light,0,High,1,2,1,1
1451,C,Ship,285,6,low,F,27,2249,3,4,1,Medium,1,Medium,2,2,0,0
1452,F,Ship,257,3,low,F,6,3620,3,2,1,Medium,1,Low,4,2,0,0
1453,D,Ship,143,3,low,F,48,1922,4,5,1,Light,0,High,3,2,0,0
1454,F,Ship,223,6,medium,M,29,2980,6,3,1,Medium,0,Medium,4,2,1,1
1455,A,Ship,230,2,low,M,27,3840,3,5,1,Medium,0,Medium,0,2,0,1
1456,B,Ship,241,4,medium,M,58,2874,4,5,1,Medium,0,High,1,2,1,1
1457,C,Ship,156,3,medium,M,44,1424,3,5,1,Light,0,High,2,2,1,1
1458,F,Ship,232,4,low,M,27,3436,4,4,1,Medium,0,Medium,4,2,0,1
1459,D,Ship,231,3,low,M,55,3952,3,2,1,Medium,0,High,3,2,0,1
1460,F,Ship,183,2,medium,F,52,2078,3,4,1,Medium,0,High,4,2,1,0
1461,A,Ship,240,3,low,M,50,2430,4,1,1,Medium,0,High,0,2,0,1
1462,B,Ship,218,2,medium,M,27,2824,4,4,1,Medium,0,Medium,1,2,1,1
1463,C,Ship,248,3,low,M,37,3830,5,1,1,Medium,0,High,2,2,0,1
1464,F,Ship,170,2,medium,F,33,1980,4,3,1,Light,0,High,4,2,1,0
1465,D,Ship,226,3,low,M,11,3708,3,2,1,Medium,0,Medium,3,2,0,1
1466,F,Ship,232,3,low,M,11,2624,4,3,1,Medium,0,Medium,4,2,0,1
1467,A,Ship,192,3,low,F,15,3460,4,1,1,Medium,0,Medium,0,2,0,0
1468,B,Ship,250,4,low,F,11,3464,3,5,1,Medium,0,Medium,1,2,0,0
1469,C,Ship,224,3,medium,F,48,2298,5,5,1,Medium,0,High,2,2,1,0
1470,F,Ship,167,3,medium,F,42,1363,3,3,1,Light,0,High,4,2,1,0
1471,D,Ship,123,2,medium,M,11,1383,2,3,1,Light,0,Medium,3,2,1,1
1472,F,Ship,243,2,medium,F,4,3681,5,2,1,Medium,0,Low,4,2,1,0
1473,A,Ship,233,2,low,F,45,2732,4,3,1,Medium,0,High,0,2,0,0
1474,B,Ship,201,2,high,M,36,3340,3,3,1,Medium,0,High,1,2,2,1
1475,C,Ship,230,2,medium,F,18,2832,3,1,1,Medium,0,Medium,2,2,1,0
1476,F,Ship,271,3,low,M,59,2996,4,3,1,Medium,1,High,4,2,0,1
1477,D,Ship,159,3,medium,M,13,1445,4,1,1,Light,0,Medium,3,2,1,1
1478,F,Ship,249,3,low,M,55,3375,3,3,1,Medium,0,High,4,2,0,1
1479,A,Ship,137,3,medium,F,17,1212,3,4,1,Light,0,Medium,0,2,1,0
1480,B,Ship,225,3,medium,M,8,3813,3,5,1,Medium,0,Low,1,2,1,1
1481,C,Road,226,3,low,F,28,2211,4,1,1,Medium,0,Medium,2,1,0,0
1482,F,Road,174,3,low,M,49,1141,4,4,1,Light,0,High,4,1,0,1
1483,D,Road,264,5,low,F,27,3118,5,2,1,Medium,1,Medium,3,1,0,0
1484,F,Road,151,3,medium,F,6,1930,4,4,1,Light,0,Low,4,1,1,0
1485,A,Road,180,2,low,F,65,1321,3,1,1,Light,0,High,0,1,0,0
1486,B,Road,149,2,medium,F,37,1080,3,4,1,Light,0,High,1,1,1,0
1487,C,Road,209,3,low,F,20,3181,3,1,1,Medium,0,Medium,2,1,0,0
1488,F,Road,219,6,low,F,10,2385,6,1,1,Medium,0,Low,4,1,0,0
1489,D,Road,164,3,low,M,28,1880,4,3,1,Light,0,Medium,3,1,0,1
1490,F,Road,268,3,medium,M,3,3040,3,1,1,Medium,1,Low,4,1,1,1
1491,A,Road,204,4,medium,F,35,2513,4,4,1,Medium,0,High,0,1,1,0
1492,B,Road,226,3,medium,M,23,2626,5,5,1,Medium,0,Medium,1,1,1,1
1493,C,Road,105,5,low,M,1,1101,5,1,1,Light,0,Low,2,1,0,1
1494,F,Road,153,3,low,M,10,1183,4,5,1,Light,0,Low,4,1,0,1
1495,D,Road,192,2,medium,F,5,2339,3,5,1,Medium,0,Low,3,1,1,0
1496,F,Road,199,2,low,F,28,2607,4,3,1,Medium,0,Medium,4,1,0,0
1497,A,Road,156,4,medium,M,39,1204,5,2,1,Light,0,High,0,1,1,1
1498,B,Road,180,2,low,M,53,1853,3,2,1,Light,0,High,1,1,0,1
1499,C,Road,162,2,medium,M,62,1650,4,5,1,Light,0,High,2,1,1,1
1500,F,Road,284,6,low,M,9,3912,5,5,1,Medium,1,Low,4,1,0,1
1501,D,Road,271,2,high,M,33,3269,4,1,1,Medium,1,High,3,1,2,1
1502,F,Road,269,2,medium,M,38,2195,3,1,1,Medium,1,High,4,1,1,1
1503,A,Flight,135,3,low,M,11,1740,3,4,1,Light,0,Medium,0,0,0,1
1504,B,Flight,200,2,low,F,2,2075,5,2,1,Medium,0,Low,1,0,0,0
1505,C,Flight,206,6,medium,M,23,2016,5,2,1,Medium,0,Medium,2,0,1,1
1506,F,Flight,229,4,low,F,32,3518,4,2,1,Medium,0,High,4,0,0,0
1507,D,Flight,267,3,low,M,48,3393,5,3,1,Medium,1,High,3,0,0,1
1508,F,Flight,135,2,medium,F,64,1471,4,1,1,Light,0,High,4,0,1,0
1509,A,Flight,259,2,medium,M,15,2381,4,5,1,Medium,1,Medium,0,0,1,1
1510,B,Flight,223,2,medium,M,30,3622,3,3,1,Medium,0,Medium,1,0,1,1
1511,C,Flight,245,4,low,M,20,2534,3,4,1,Medium,0,Medium,2,0,0,1
1512,F,Flight,207,3,low,M,20,2637,4,4,1,Medium,0,Medium,4,0,0,1
1513,D,Flight,171,3,medium,M,62,1304,5,3,1,Light,0,High,3,0,1,1
1514,F,Flight,130,5,low,F,27,1891,3,5,1,Light,0,Medium,4,0,0,0
1515,A,Flight,241,3,medium,F,60,3922,3,2,1,Medium,0,High,0,0,1,0
1516,B,Flight,261,3,low,F,33,3678,4,4,1,Medium,1,High,1,0,0,0
1517,C,Flight,182,3,medium,M,34,3595,3,5,1,Medium,0,High,2,0,1,1
1518,F,Flight,270,4,high,M,29,3768,3,2,1,Medium,1,Medium,4,0,2,1
1519,D,Flight,157,4,medium,M,26,1969,3,5,1,Light,0,Medium,3,0,1,1
1520,F,Flight,172,4,low,F,33,1989,3,3,1,Light,0,High,4,0,0,0
1521,A,Flight,205,2,medium,F,2,2910,3,3,1,Medium,0,Low,0,0,1,0
1522,B,Flight,268,3,medium,M,7,3622,4,5,1,Medium,1,Low,1,0,1,1
1523,C,Flight,156,3,medium,F,1,1517,3,1,1,Light,0,Low,2,0,1,0
1524,F,Flight,202,2,low,F,4,3372,3,5,1,Medium,0,Low,4,0,0,0
1525,D,Ship,249,3,low,F,43,3277,3,1,1,Medium,0,High,3,2,0,0
1526,F,Ship,141,3,medium,F,41,1801,3,2,1,Light,0,High,4,2,1,0
1527,A,Ship,230,2,medium,M,28,3646,3,1,1,Medium,0,Medium,0,2,1,1
1528,B,Ship,229,2,medium,F,59,3844,5,5,1,Medium,0,High,1,2,1,0
1529,C,Ship,146,4,low,F,25,1606,4,5,1,Light,0,Medium,2,2,0,0
1530,F,Ship,162,2,low,F,26,1659,3,3,1,Light,0,Medium,4,2,0,0
1531,D,Ship,241,3,low,M,39,3743,5,2,1,Medium,0,High,3,2,0,1
1532,F,Ship,271,2,low,M,14,2163,3,4,1,Medium,1,Medium,4,2,0,1
1533,A,Ship,166,3,high,F,31,1117,3,5,1,Light,0,High,0,2,2,0
1534,B,Ship,171,3,medium,M,28,1075,3,1,1,Light,0,Medium,1,2,1,1
1535,C,Ship,169,2,low,F,20,1021,3,5,1,Light,0,Medium,2,2,0,0
1536,F,Ship,137,3,low,M,47,1611,3,1,1,Light,0,High,4,2,0,1
1537,D,Ship,211,3,low,M,56,3654,3,4,1,Medium,0,High,3,2,0,1
1538,F,Ship,171,3,medium,F,2,1114,4,5,1,Light,0,Low,4,2,1,0
1539,A,Ship,142,4,medium,M,2,1461,4,4,1,Light,0,Low,0,2,1,1
1540,B,Ship,184,4,medium,F,10,2972,3,2,1,Medium,0,Low,1,2,1,0
1541,C,Ship,111,6,high,F,28,1216,6,5,1,Light,0,Medium,2,2,2,0
1542,F,Ship,278,4,low,M,34,3416,2,5,1,Medium,1,High,4,2,0,1
1543,D,Ship,160,2,medium,F,41,1495,3,5,1,Light,0,High,3,2,1,0
1544,F,Ship,212,2,medium,F,56,3976,3,4,1,Medium,0,High,4,2,1,0
1545,A,Ship,175,2,low,M,59,1051,3,5,1,Light,0,High,0,2,0,1
1546,B,Ship,251,3,medium,F,46,2632,4,3,1,Medium,1,High,1,2,1,0
1547,C,Ship,205,2,low,F,15,3231,3,3,1,Medium,0,Medium,2,2,0,0
1548,F,Ship,163,3,low,M,54,1536,5,5,1,Light,0,High,4,2,0,1
1549,D,Ship,272,2,low,M,27,2030,4,1,1,Medium,1,Medium,3,2,0,1
1550,F,Ship,134,3,medium,F,37,1818,4,1,1,Light,0,High,4,2,1,0
1551,A,Ship,259,2,medium,M,63,2583,5,5,1,Medium,1,High,0,2,1,1
1552,B,Ship,246,3,medium,F,45,3945,3,3,1,Medium,0,High,1,2,1,0
1553,C,Ship,211,2,medium,F,44,3099,4,1,1,Medium,0,High,2,2,1,0
1554,F,Ship,190,2,medium,F,6,3595,4,2,1,Medium,0,Low,4,2,1,0
1555,D,Ship,233,5,medium,F,44,2648,4,5,1,Medium,0,High,3,2,1,0
1556,F,Ship,199,2,high,F,20,2553,5,4,1,Medium,0,Medium,4,2,2,0
1557,A,Ship,191,3,high,F,52,2028,5,2,1,Medium,0,High,0,2,2,0
1558,B,Ship,148,3,low,M,30,1731,4,1,1,Light,0,Medium,1,2,0,1
1559,C,Ship,177,6,medium,F,41,1772,2,5,1,Light,0,High,2,2,1,0
1560,F,Ship,171,2,low,M,1,1629,3,1,1,Light,0,Low,4,2,0,1
1561,D,Ship,237,3,medium,M,57,3761,3,3,1,Medium,0,High,3,2,1,1
1562,F,Ship,265,3,medium,F,47,3307,4,4,1,Medium,1,High,4,2,1,0
1563,A,Ship,136,2,medium,M,19,1387,4,2,1,Light,0,Medium,0,2,1,1
1564,B,Ship,145,2,high,M,25,1851,3,1,1,Light,0,Medium,1,2,2,1
1565,C,Ship,238,2,low,F,3,2241,4,1,1,Medium,0,Low,2,2,0,0
1566,F,Ship,210,3,medium,F,14,3666,4,4,1,Medium,0,Medium,4,2,1,0
1567,D,Ship,159,4,low,M,38,1277,5,1,1,Light,0,High,3,2,0,1
1568,F,Ship,232,2,medium,F,26,3300,4,1,1,Medium,0,Medium,4,2,1,0
1569,A,Ship,174,3,low,M,4,1337,3,2,1,Light,0,Low,0,2,0,1
1570,B,Ship,129,5,medium,M,35,1458,5,1,1,Light,0,High,1,2,1,1
1571,C,Ship,201,4,medium,M,7,2299,3,3,1,Medium,0,Low,2,2,1,1
1572,F,Ship,151,4,low,M,12,1145,5,2,1,Light,0,Medium,4,2,0,1
1573,D,Ship,252,3,low,F,12,2800,2,1,1,Medium,1,Medium,3,2,0,0
1574,F,Ship,156,3,medium,M,58,1218,5,3,1,Light,0,High,4,2,1,1
1575,A,Ship,215,5,low,M,13,3899,6,3,1,Medium,0,Medium,0,2,0,1
1576,B,Ship,153,3,low,M,13,1402,4,4,1,Light,0,Medium,1,2,0,1
1577,C,Ship,261,3,low,M,25,3494,5,1,1,Medium,1,Medium,2,2,0,1
1578,F,Ship,263,3,medium,M,61,2606,5,4,1,Medium,1,High,4,2,1,1
1579,D,Ship,153,6,medium,M,35,1082,5,4,1,Light,0,High,3,2,1,1
1580,F,Ship,137,3,high,F,28,1815,3,5,1,Light,0,Medium,4,2,2,0
1581,A,Ship,270,5,low,M,31,3737,3,5,1,Medium,1,High,0,2,0,1
1582,B,Ship,167,2,low,M,62,1884,5,1,1,Light,0,High,1,2,0,1
1583,C,Ship,143,3,low,M,64,1630,3,3,1,Light,0,High,2,2,0,1
1584,F,Ship,214,3,low,F,31,2033,5,5,1,Medium,0,High,4,2,0,0
1585,D,Ship,182,2,medium,F,14,3751,2,2,1,Medium,0,Medium,3,2,1,0
1586,F,Ship,234,2,high,M,4,2701,3,5,1,Medium,0,Low,4,2,2,1
1587,A,Ship,181,2,medium,M,59,2239,4,5,1,Medium,0,High,0,2,1,1
1588,B,Ship,162,3,low,F,34,1558,2,4,1,Light,0,High,1,2,0,0
1589,C,Ship,185,4,medium,M,31,3565,5,4,1,Medium,0,High,2,2,1,1
1590,F,Ship,199,2,medium,F,4,3351,4,2,1,Medium,0,Low,4,2,1,0
1591,D,Ship,272,3,medium,M,49,2803,4,1,1,Medium,1,High,3,2,1,1
1592,F,Ship,252,2,low,M,11,3036,5,3,1,Medium,1,Medium,4,2,0,1
1593,A,Ship,156,3,low,F,2,1127,4,5,1,Light,0,Low,0,2,0,0
1594,B,Ship,173,3,medium,F,63,1220,4,2,1,Light,0,High,1,2,1,0
1595,C,Ship,148,4,medium,F,38,1322,3,2,1,Light,0,High,2,2,1,0
1596,F,Ship,158,3,medium,F,27,1207,4,3,1,Light,0,Medium,4,2,1,0
1597,D,Ship,261,3,low,M,62,3352,5,2,1,Medium,1,High,3,2,0,1
1598,F,Ship,105,2,medium,M,54,1707,2,4,1,Light,0,High,4,2,1,1
1599,A,Ship,193,3,high,F,57,3364,3,5,1,Medium,0,High,0,2,2,0
1600,B,Ship,198,3,low,M,49,2446,3,3,1,Medium,0,High,1,2,0,1
1601,C,Ship,213,3,medium,F,42,3121,4,5,1,Medium,0,High,2,2,1,0
1602,F,Ship,244,3,low,M,59,3073,4,1,1,Medium,0,High,4,2,0,1
1603,D,Ship,241,6,high,F,61,2806,6,4,1,Medium,0,High,3,2,2,0
1604,F,Ship,278,6,low,M,4,3909,4,5,1,Medium,1,Low,4,2,0,1
1605,A,Ship,145,2,low,M,1,1126,2,2,1,Light,0,Low,0,2,0,1
1606,B,Ship,140,4,high,M,58,1175,5,2,1,Light,0,High,1,2,2,1
1607,C,Ship,209,3,medium,M,37,3026,4,4,1,Medium,0,High,2,2,1,1
1608,F,Ship,233,3,medium,M,35,2204,3,3,1,Medium,0,High,4,2,1,1
1609,D,Ship,227,3,medium,M,52,3336,3,1,1,Medium,0,High,3,2,1,1
1610,F,Ship,258,2,medium,F,22,3713,5,1,1,Medium,1,Medium,4,2,1,0
1611,A,Ship,259,3,low,F,38,3720,5,4,1,Medium,1,High,0,2,0,0
1612,B,Ship,153,2,low,F,44,1585,3,5,1,Light,0,High,1,2,0,0
1613,C,Ship,181,3,medium,M,22,3575,3,5,1,Medium,0,Medium,2,2,1,1
1614,F,Ship,143,8,medium,F,39,1345,4,4,1,Light,0,High,4,2,1,0
1615,D,Ship,111,5,medium,M,3,1711,5,2,1,Light,0,Low,3,2,1,1
1616,F,Ship,198,2,medium,M,51,2820,4,5,1,Medium,0,High,4,2,1,1
1617,A,Ship,121,3,low,F,63,1611,3,4,1,Light,0,High,0,2,0,0
1618,B,Road,204,3,medium,M,48,2792,3,2,1,Medium,0,High,1,1,1,1
1619,C,Road,203,5,low,M,36,3912,4,4,1,Medium,0,High,2,1,0,1
1620,F,Road,167,3,low,F,10,1616,4,1,1,Light,0,Low,4,1,0,0
1621,D,Road,270,3,medium,F,64,2406,4,1,1,Medium,1,High,3,1,1,0
1622,F,Road,260,2,high,M,58,2018,5,2,1,Medium,1,High,4,1,2,1
1623,A,Road,180,3,high,F,21,1047,3,1,1,Light,0,Medium,0,1,2,0
1624,B,Road,157,2,medium,M,12,1694,3,4,1,Light,0,Medium,1,1,1,1
1625,C,Road,156,6,low,M,45,1602,3,3,1,Light,0,High,2,1,0,1
1626,F,Road,236,7,medium,M,62,2280,4,4,1,Medium,0,High,4,1,1,1
1627,D,Road,240,7,medium,F,57,2708,5,2,1,Medium,0,High,3,1,1,0
1628,F,Road,104,7,medium,F,46,1438,4,2,1,Light,0,High,4,1,1,0
1629,A,Road,140,3,medium,F,49,1820,4,2,1,Light,0,High,0,1,1,0
1630,B,Road,150,3,medium,M,29,1354,3,2,1,Light,0,Medium,1,1,1,1
1631,C,Road,286,7,medium,F,65,3362,6,2,1,Medium,1,High,2,1,1,0
1632,F,Road,224,8,low,F,49,3282,5,5,1,Medium,0,High,4,1,0,0
1633,D,Road,204,3,low,F,49,3225,3,4,1,Medium,0,High,3,1,0,0
1634,F,Road,266,7,low,F,12,2056,5,2,1,Medium,1,Medium,4,1,0,0
1635,A,Road,241,6,high,F,8,3878,6,3,1,Medium,0,Low,0,1,2,0
1636,B,Road,278,6,low,F,36,2330,4,2,1,Medium,1,High,1,1,0,0
1637,C,Road,145,2,low,F,49,1177,2,1,1,Light,0,High,2,1,0,0
1638,F,Road,140,4,high,F,5,1130,5,4,1,Light,0,Low,4,1,2,0
1639,D,Road,209,3,medium,F,52,2740,4,4,1,Medium,0,High,3,1,1,0
1640,F,Flight,233,3,medium,M,1,2744,3,1,1,Medium,0,Low,4,0,1,1
1641,A,Flight,227,3,medium,M,21,2351,3,2,1,Medium,0,Medium,0,0,1,1
1642,B,Flight,258,2,medium,F,24,2878,5,4,1,Medium,1,Medium,1,0,1,0
1643,C,Flight,259,3,low,F,45,3335,5,3,1,Medium,1,High,2,0,0,0
1644,F,Flight,153,2,low,F,39,1328,3,3,1,Light,0,High,4,0,0,0
1645,D,Flight,181,3,medium,M,45,3786,3,2,1,Medium,0,High,3,0,1,1
1646,F,Flight,143,8,medium,M,12,1326,4,4,1,Light,0,Medium,4,0,1,1
1647,A,Flight,111,5,medium,F,42,1587,5,4,1,Light,0,High,0,0,1,0
1648,B,Flight,198,2,medium,M,64,3787,4,4,1,Medium,0,High,1,0,1,1
1649,C,Flight,121,3,low,F,10,1701,3,5,1,Light,0,Low,2,0,0,0
1650,F,Flight,204,3,medium,F,27,2772,3,4,1,Medium,0,Medium,4,0,1,0
1651,D,Flight,203,5,low,F,20,3098,4,2,1,Medium,0,Medium,3,0,0,0
1652,F,Flight,167,3,low,F,57,1782,4,1,1,Light,0,High,4,0,0,0
1653,A,Flight,270,3,medium,M,20,3185,4,5,1,Medium,1,Medium,0,0,1,1
1654,B,Flight,260,2,high,F,63,2715,5,3,1,Medium,1,High,1,0,2,0
1655,C,Flight,180,3,high,F,56,1684,3,3,1,Light,0,High,2,0,2,0
1656,F,Flight,157,2,medium,F,62,1366,3,3,1,Light,0,High,4,0,1,0
1657,D,Flight,156,6,low,M,65,1308,3,5,1,Light,0,High,3,0,0,1
1658,F,Flight,236,7,medium,F,44,3808,4,5,1,Medium,0,High,4,0,1,0
1659,A,Flight,240,7,medium,F,47,2174,5,2,1,Medium,0,High,0,0,1,0
1660,B,Flight,104,7,medium,F,52,1083,4,1,1,Light,0,High,1,0,1,0
1661,C,Flight,140,3,medium,F,4,1467,4,4,1,Light,0,Low,2,0,1,0
1662,F,Ship,150,3,medium,F,4,1910,3,2,1,Light,0,Low,4,2,1,0
1663,D,Ship,286,7,medium,F,7,2338,6,1,1,Medium,1,Low,3,2,1,0
1664,F,Ship,224,8,low,F,48,2627,5,5,1,Medium,0,High,4,2,0,0
1665,A,Ship,204,3,low,F,45,2513,3,5,1,Medium,0,High,0,2,0,0
1666,B,Ship,266,7,low,M,40,2304,5,2,1,Medium,1,High,1,2,0,1
1667,C,Ship,268,3,low,F,59,2083,4,5,1,Medium,1,High,2,2,0,0
1668,F,Ship,267,4,low,M,20,3132,4,5,1,Medium,1,Medium,4,2,0,1
1669,D,Ship,223,4,low,F,46,3938,3,5,1,Medium,0,High,3,2,0,0
1670,F,Ship,164,5,low,M,52,1644,5,5,1,Light,0,High,4,2,0,1
1671,A,Ship,209,4,low,F,10,3370,4,2,1,Medium,0,Low,0,2,0,0
1672,B,Ship,192,3,low,F,19,3183,3,2,1,Medium,0,Medium,1,2,0,0
1673,C,Ship,260,3,medium,M,52,2874,3,2,1,Medium,1,High,2,2,1,1
1674,F,Ship,137,5,medium,F,3,1037,2,1,1,Light,0,Low,4,2,1,0
1675,D,Ship,267,2,low,M,18,2435,3,3,1,Medium,1,Medium,3,2,0,1
1676,F,Ship,111,3,medium,M,54,1712,3,3,1,Light,0,High,4,2,1,1
1677,A,Ship,240,2,medium,F,2,3729,3,4,1,Medium,0,Low,0,2,1,0
1678,B,Ship,234,3,medium,M,40,3340,5,1,1,Medium,0,High,1,2,1,1
1679,C,Ship,190,2,medium,M,37,2563,4,2,1,Medium,0,High,2,2,1,1
1680,F,Ship,265,2,high,M,24,2415,5,2,1,Medium,1,Medium,4,2,2,1
1681,D,Ship,189,3,medium,F,37,3492,3,4,1,Medium,0,High,3,2,1,0
1682,F,Ship,121,3,medium,M,25,1124,2,1,1,Light,0,Medium,4,2,1,1
1683,A,Ship,101,6,low,M,37,1344,4,3,1,Light,0,High,0,2,0,1
1684,B,Ship,250,3,medium,M,9,2752,3,3,1,Medium,0,Low,1,2,1,1
1685,C,Ship,247,3,medium,F,64,2198,4,2,1,Medium,0,High,2,2,1,0
1686,F,Ship,162,3,medium,M,41,1104,4,4,1,Light,0,High,4,2,1,1
1687,D,Ship,219,3,low,F,56,3608,2,2,1,Medium,0,High,3,2,0,0
1688,F,Ship,258,2,medium,F,48,3717,5,1,1,Medium,1,High,4,2,1,0
1689,A,Ship,221,2,low,F,59,3444,5,4,1,Medium,0,High,0,2,0,0
1690,B,Ship,137,3,high,F,41,1176,2,4,1,Light,0,High,1,2,2,0
1691,C,Ship,174,2,medium,M,51,1430,3,4,1,Light,0,High,2,2,1,1
1692,F,Ship,189,3,medium,M,6,3671,4,2,1,Medium,0,Low,4,2,1,1
1693,D,Ship,212,4,medium,F,2,3830,4,4,1,Medium,0,Low,3,2,1,0
1694,F,Ship,183,2,low,M,57,3966,6,1,1,Medium,0,High,4,2,0,1
1695,A,Ship,180,2,low,M,26,1715,3,1,1,Light,0,Medium,0,2,0,1
1696,B,Ship,150,5,medium,F,61,1091,5,5,1,Light,0,High,1,2,1,0
1697,C,Ship,246,3,medium,F,52,2440,4,3,1,Medium,0,High,2,2,1,0
1698,F,Ship,263,3,high,F,44,3802,3,2,1,Medium,1,High,4,2,2,0
1699,D,Ship,204,2,low,M,29,2941,4,4,1,Medium,0,Medium,3,2,0,1
1700,F,Ship,223,4,low,F,20,3955,3,2,1,Medium,0,Medium,4,2,0,0
1701,A,Ship,193,2,low,F,60,2581,3,3,1,Medium,0,High,0,2,0,0
1702,B,Ship,138,3,low,F,41,1914,3,1,1,Light,0,High,1,2,0,0
1703,C,Ship,188,3,medium,F,50,3992,5,2,1,Medium,0,High,2,2,1,0
1704,F,Ship,201,3,low,F,46,3641,4,3,1,Medium,0,High,4,2,0,0
1705,D,Ship,245,2,medium,F,16,2577,3,3,1,Medium,0,Medium,3,2,1,0
1706,F,Ship,262,3,low,M,54,3150,3,2,1,Medium,1,High,4,2,0,1
1707,A,Ship,147,5,medium,F,33,1886,4,4,1,Light,0,High,0,2,1,0
1708,B,Ship,254,3,medium,F,35,2965,3,1,1,Medium,1,High,1,2,1,0
1709,C,Ship,213,4,low,F,37,2184,4,2,1,Medium,0,High,2,2,0,0
1710,F,Ship,152,2,low,M,32,1665,3,3,1,Light,0,High,4,2,0,1
1711,D,Ship,227,3,low,M,54,3972,4,1,1,Medium,0,High,3,2,0,1
1712,F,Ship,206,3,low,F,46,2944,2,5,1,Medium,0,High,4,2,0,0
1713,A,Ship,242,5,low,M,5,2307,3,4,1,Medium,0,Low,0,2,0,1
1714,B,Ship,200,3,medium,M,45,2486,4,2,1,Medium,0,High,1,2,1,1
1715,C,Ship,142,2,low,M,26,1683,4,1,1,Light,0,Medium,2,2,0,1
1716,F,Ship,275,3,low,F,61,2123,3,3,1,Medium,1,High,4,2,0,0
1717,D,Ship,222,5,medium,M,26,3137,6,1,1,Medium,0,Medium,3,2,1,1
1718,F,Ship,101,2,medium,F,56,1184,3,1,1,Light,0,High,4,2,1,0
1719,A,Ship,178,3,high,M,22,1907,4,5,1,Light,0,Medium,0,2,2,1
1720,B,Ship,243,3,medium,M,31,3943,3,2,1,Medium,0,High,1,2,1,1
1721,C,Ship,177,4,low,M,63,1058,2,1,1,Light,0,High,2,2,0,1
1722,F,Ship,270,3,medium,M,31,2377,3,2,1,Medium,1,High,4,2,1,1
1723,D,Ship,186,4,medium,F,11,3676,5,3,1,Medium,0,Medium,3,2,1,0
1724,F,Ship,133,4,medium,F,29,1094,5,3,1,Light,0,Medium,4,2,1,0
1725,A,Ship,263,4,medium,M,8,2599,3,2,1,Medium,1,Low,0,2,1,1
1726,B,Ship,248,3,medium,M,4,2207,5,3,1,Medium,0,Low,1,2,1,1
1727,C,Ship,150,3,medium,M,63,1807,5,2,1,Light,0,High,2,2,1,1
1728,F,Ship,203,4,medium,M,46,3640,3,4,1,Medium,0,High,4,2,1,1
1729,D,Ship,249,2,low,M,1,2905,2,3,1,Medium,0,Low,3,2,0,1
1730,F,Ship,238,3,medium,M,54,2860,3,3,1,Medium,0,High,4,2,1,1
1731,A,Ship,181,4,medium,F,32,3893,5,3,1,Medium,0,High,0,2,1,0
1732,B,Ship,138,4,low,M,56,1440,3,3,1,Light,0,High,1,2,0,1
1733,C,Ship,139,3,medium,F,47,1323,4,3,1,Light,0,High,2,2,1,0
1734,F,Ship,192,2,low,F,31,2621,2,3,1,Medium,0,High,4,2,0,0
1735,D,Ship,241,3,medium,M,40,3484,5,4,1,Medium,0,High,3,2,1,1
1736,F,Ship,188,3,low,F,33,3335,3,2,1,Medium,0,High,4,2,0,0
1737,A,Ship,278,2,medium,F,12,2112,6,1,1,Medium,1,Medium,0,2,1,0
1738,B,Ship,144,2,high,M,35,1072,4,1,1,Light,0,High,1,2,2,1
1739,C,Ship,208,2,medium,M,33,2170,4,5,1,Medium,0,High,2,2,1,1
1740,F,Ship,208,2,low,M,41,2036,3,2,1,Medium,0,High,4,2,0,1
1741,D,Ship,210,3,medium,M,11,2655,4,3,1,Medium,0,Medium,3,2,1,1
1742,F,Ship,237,3,medium,M,47,3625,3,3,1,Medium,0,High,4,2,1,1
1743,A,Ship,192,3,low,F,25,2443,4,4,1,Medium,0,Medium,0,2,0,0
1744,B,Ship,143,5,low,M,17,1955,6,2,1,Light,0,Medium,1,2,0,1
1745,C,Ship,234,3,high,F,60,2596,3,1,1,Medium,0,High,2,2,2,0
1746,F,Ship,147,2,low,M,17,1057,4,5,1,Light,0,Medium,4,2,0,1
1747,D,Ship,226,2,low,M,18,2582,5,1,1,Medium,0,Medium,3,2,0,1
1748,F,Ship,263,2,low,M,62,2267,4,5,1,Medium,1,High,4,2,0,1
1749,A,Ship,147,3,low,M,11,1434,4,1,1,Light,0,Medium,0,2,0,1
1750,B,Ship,174,4,low,M,18,1072,3,1,1,Light,0,Medium,1,2,0,1
1751,C,Ship,142,4,low,M,4,1583,3,1,1,Light,0,Low,2,2,0,1
1752,F,Ship,136,3,low,M,6,1900,4,4,1,Light,0,Low,4,2,0,1
1753,D,Ship,192,3,medium,M,35,2258,3,1,1,Medium,0,High,3,2,1,1
1754,F,Ship,184,5,high,F,26,3336,3,2,1,Medium,0,Medium,4,2,2,0
1755,A,Road,260,4,high,M,10,2756,6,5,1,Medium,1,Low,0,1,2,1
1756,B,Road,160,3,high,M,25,1977,5,3,1,Light,0,Medium,1,1,2,1
1757,C,Road,262,2,low,F,28,2940,3,1,1,Medium,1,Medium,2,1,0,0
1758,F,Road,217,3,low,M,51,3144,4,3,1,Medium,0,High,4,1,0,1
1759,D,Road,267,5,low,F,48,2622,3,2,1,Medium,1,High,3,1,0,0
1760,F,Road,195,2,low,M,4,3108,5,4,1,Medium,0,Low,4,1,0,1
1761,A,Road,152,2,medium,M,18,1537,4,3,1,Light,0,Medium,0,1,1,1
1762,B,Road,178,3,low,F,23,1695,4,5,1,Light,0,Medium,1,1,0,0
1763,C,Road,190,4,medium,M,61,2077,4,2,1,Medium,0,High,2,1,1,1
1764,F,Road,286,3,medium,F,12,3817,3,5,1,Medium,1,Medium,4,1,1,0
1765,D,Road,167,2,low,M,46,1023,2,1,1,Light,0,High,3,1,0,1
1766,F,Road,148,6,medium,F,63,1279,2,2,1,Light,0,High,4,1,1,0
1767,A,Road,218,4,low,F,50,3990,4,3,1,Medium,0,High,0,1,0,0
1768,B,Road,272,2,medium,F,37,2226,5,2,1,Medium,1,High,1,1,1,0
1769,C,Road,147,2,high,F,52,1570,4,3,1,Light,0,High,2,1,2,0
1770,F,Road,263,3,medium,F,32,3723,4,5,1,Medium,1,High,4,1,1,0
1771,D,Road,189,4,high,F,16,3564,5,5,1,Medium,0,Medium,3,1,2,0
1772,F,Road,242,3,low,F,7,3127,3,3,1,Medium,0,Low,4,1,0,0
1773,A,Road,204,2,low,M,40,2181,5,3,1,Medium,0,High,0,1,0,1
1774,B,Road,229,3,medium,M,2,3963,3,1,1,Medium,0,Low,1,1,1,1
1775,C,Road,180,2,low,M,33,1444,3,5,1,Light,0,High,2,1,0,1
1776,F,Road,190,4,medium,M,12,2947,5,5,1,Medium,0,Medium,4,1,1,1
1777,D,Flight,154,5,medium,M,19,1842,6,1,1,Light,0,Medium,3,0,1,1
1778,F,Flight,134,3,low,F,21,1955,4,3,1,Light,0,Medium,4,0,0,0
1779,A,Flight,206,2,medium,M,62,3558,3,3,1,Medium,0,High,0,0,1,1
1780,B,Flight,169,2,medium,M,61,1511,3,2,1,Light,0,High,1,0,1,1
1781,C,Flight,237,2,medium,F,6,2965,4,2,1,Medium,0,Low,2,0,1,0
1782,F,Flight,146,2,low,M,52,1459,4,4,1,Light,0,High,4,0,0,1
1783,D,Flight,187,3,medium,M,11,2936,5,2,1,Medium,0,Medium,3,0,1,1
1784,F,Flight,206,3,low,M,53,2182,5,4,1,Medium,0,High,4,0,0,1
1785,A,Flight,208,4,medium,M,10,2419,5,3,1,Medium,0,Low,0,0,1,1
1786,B,Flight,149,4,low,M,40,1102,4,2,1,Light,0,High,1,0,0,1
1787,C,Flight,148,4,low,M,56,1511,6,2,1,Light,0,High,2,0,0,1
1788,F,Flight,135,2,low,M,54,1011,4,2,1,Light,0,High,4,0,0,1
1789,D,Flight,242,3,medium,F,35,3556,4,1,1,Medium,0,High,3,0,1,0
1790,F,Flight,231,4,medium,M,41,2992,5,2,1,Medium,0,High,4,0,1,1
1791,A,Flight,205,5,medium,F,61,2018,6,2,1,Medium,0,High,0,0,1,0
1792,B,Flight,137,2,medium,M,37,1447,4,4,1,Light,0,High,1,0,1,1
1793,C,Flight,202,4,high,M,20,3655,3,4,1,Medium,0,Medium,2,0,2,1
1794,F,Flight,163,3,medium,M,59,1005,3,1,1,Light,0,High,4,0,1,1
1795,D,Flight,128,2,low,M,17,1824,2,2,1,Light,0,Medium,3,0,0,1
1796,F,Flight,165,3,high,M,35,1459,3,3,1,Light,0,High,4,0,2,1
1797,A,Flight,242,2,low,M,34,3966,4,1,1,Medium,0,High,0,0,0,1
1798,B,Flight,229,2,medium,M,9,3667,5,4,1,Medium,0,Low,1,0,1,1
1799,C,Ship,191,3,low,M,56,3538,5,1,1,Medium,0,High,2,2,0,1
1800,F,Ship,231,2,medium,M,49,2341,3,5,1,Medium,0,High,4,2,1,1
1801,D,Ship,183,3,medium,F,51,3863,3,1,1,Medium,0,High,3,2,1,0
1802,F,Ship,195,3,high,M,5,3251,3,1,1,Medium,0,Low,4,2,2,1
1803,A,Ship,249,2,low,F,26,2029,3,5,1,Medium,0,Medium,0,2,0,0
1804,B,Ship,151,3,low,M,16,1020,3,4,1,Light,0,Medium,1,2,0,1
1805,C,Ship,140,2,low,M,60,1950,4,1,1,Light,0,High,2,2,0,1
1806,F,Ship,151,2,medium,M,6,1114,4,1,1,Light,0,Low,4,2,1,1
1807,D,Ship,109,3,medium,M,12,1715,2,5,1,Light,0,Medium,3,2,1,1
1808,F,Ship,180,2,low,M,35,1204,5,1,1,Light,0,High,4,2,0,1
1809,A,Ship,151,5,high,M,28,1148,4,1,1,Light,0,Medium,0,2,2,1
1810,B,Ship,188,3,low,M,62,2106,2,1,1,Medium,0,High,1,2,0,1
1811,C,Ship,274,2,low,M,11,3013,4,2,1,Medium,1,Medium,2,2,0,1
1812,F,Ship,187,2,medium,F,50,2598,3,5,1,Medium,0,High,4,2,1,0
1813,D,Ship,185,2,medium,M,4,2212,4,2,1,Medium,0,Low,3,2,1,1
1814,F,Ship,187,2,medium,M,54,3290,3,4,1,Medium,0,High,4,2,1,1
1815,A,Ship,260,3,low,M,43,2143,5,4,1,Medium,1,High,0,2,0,1
1816,B,Ship,191,3,low,M,5,2007,3,3,1,Medium,0,Low,1,2,0,1
1817,C,Ship,203,2,low,F,15,2281,3,4,1,Medium,0,Medium,2,2,0,0
1818,F,Ship,144,4,low,F,63,1881,4,1,1,Light,0,High,4,2,0,0
1819,D,Ship,281,4,high,F,5,3357,5,2,1,Medium,1,Low,3,2,2,0
1820,F,Ship,169,3,medium,M,48,1279,2,3,1,Light,0,High,4,2,1,1
1821,A,Ship,201,2,medium,F,18,3461,4,3,1,Medium,0,Medium,0,2,1,0
1822,B,Ship,226,5,medium,F,12,2708,4,4,1,Medium,0,Medium,1,2,1,0
1823,C,Ship,176,5,low,F,7,1767,6,3,1,Light,0,Low,2,2,0,0
1824,F,Ship,228,4,medium,M,57,2243,3,5,1,Medium,0,High,4,2,1,1
1825,D,Ship,260,3,low,F,14,2071,4,5,1,Medium,1,Medium,3,2,0,0
1826,F,Ship,268,3,low,M,17,3085,4,5,1,Medium,1,Medium,4,2,0,1
1827,A,Ship,188,3,low,F,6,3361,4,5,1,Medium,0,Low,0,2,0,0
1828,B,Ship,213,3,medium,M,11,2037,4,4,1,Medium,0,Medium,1,2,1,1
1829,C,Ship,259,2,medium,M,44,2132,4,4,1,Medium,1,High,2,2,1,1
1830,F,Ship,257,2,high,F,46,2848,3,2,1,Medium,1,High,4,2,2,0
1831,D,Ship,163,3,low,M,38,1146,4,5,1,Light,0,High,3,2,0,1
1832,F,Ship,211,3,medium,F,12,3296,2,3,1,Medium,0,Medium,4,2,1,0
1833,A,Ship,166,2,medium,F,58,1319,3,4,1,Light,0,High,0,2,1,0
1834,B,Ship,245,4,high,F,26,2072,3,5,1,Medium,0,Medium,1,2,2,0
1835,C,Ship,234,2,medium,M,44,2548,5,5,1,Medium,0,High,2,2,1,1
1836,F,Ship,234,2,high,M,27,3393,4,2,1,Medium,0,Medium,4,2,2,1
1837,D,Ship,180,3,low,M,52,1838,3,1,1,Light,0,High,3,2,0,1
1838,F,Ship,217,4,medium,M,37,2128,4,5,1,Medium,0,High,4,2,1,1
1839,A,Ship,253,3,low,M,31,3632,4,1,1,Medium,1,High,0,2,0,1
1840,B,Ship,188,3,medium,M,3,3837,3,2,1,Medium,0,Low,1,2,1,1
1841,C,Ship,274,3,high,F,24,3829,2,3,1,Medium,1,Medium,2,2,2,0
1842,F,Ship,136,2,medium,F,54,1056,3,4,1,Light,0,High,4,2,1,0
1843,D,Ship,143,2,low,M,17,1422,3,5,1,Light,0,Medium,3,2,0,1
1844,F,Ship,267,3,low,F,57,3257,3,1,1,Medium,1,High,4,2,0,0
1845,A,Ship,198,2,medium,F,20,2266,3,4,1,Medium,0,Medium,0,2,1,0
1846,B,Ship,201,10,medium,M,17,2059,4,4,1,Medium,0,Medium,1,2,1,1
1847,C,Ship,241,10,medium,F,31,2724,3,5,1,Medium,0,High,2,2,1,0
1848,F,Ship,269,3,medium,F,2,2136,5,1,1,Medium,1,Low,4,2,1,0
1849,D,Ship,123,2,low,F,60,1653,5,5,1,Light,0,High,3,2,0,0
1850,F,Ship,178,2,low,M,32,1329,3,2,1,Light,0,High,4,2,0,1
1851,A,Ship,203,3,low,M,18,3127,3,4,1,Medium,0,Medium,0,2,0,1
1852,B,Ship,169,10,medium,F,15,1107,3,1,1,Light,0,Medium,1,2,1,0
1853,C,Ship,190,10,medium,F,27,2739,3,5,1,Medium,0,Medium,2,2,1,0
1854,F,Ship,190,7,medium,F,7,2400,3,3,1,Medium,0,Low,4,2,1,0
1855,D,Ship,238,10,medium,M,38,3556,4,5,1,Medium,0,High,3,2,1,1
1856,F,Ship,247,10,medium,F,61,2206,5,5,1,Medium,0,High,4,2,1,0
1857,A,Ship,190,10,low,F,35,3819,4,1,1,Medium,0,High,0,2,0,0
1858,B,Ship,168,3,low,F,5,1143,3,5,1,Light,0,Low,1,2,0,0
1859,C,Ship,190,3,low,M,51,2380,2,2,1,Medium,0,High,2,2,0,1
1860,F,Ship,170,8,low,M,14,1396,2,5,1,Light,0,Medium,4,2,0,1
1861,D,Ship,226,7,low,M,9,2182,4,4,1,Medium,0,Low,3,2,0,1
1862,F,Ship,256,7,low,F,50,3837,5,1,1,Medium,1,High,4,2,0,0
1863,A,Ship,104,7,low,M,30,1870,2,1,1,Light,0,Medium,0,2,0,1
1864,B,Ship,192,3,medium,F,29,3347,4,1,1,Medium,0,Medium,1,2,1,0
1865,C,Ship,213,3,medium,M,57,3599,4,3,1,Medium,0,High,2,2,1,1
1866,F,Ship,259,2,medium,M,54,2244,4,2,1,Medium,1,High,4,2,1,1
1867,D,Ship,257,2,high,M,15,3981,3,4,1,Medium,1,Medium,3,2,2,1
1868,F,Ship,163,3,low,M,52,1891,4,3,1,Light,0,High,4,2,0,1
1869,A,Ship,211,3,medium,F,55,3842,2,3,1,Medium,0,High,0,2,1,0
1870,B,Ship,166,2,medium,F,45,1741,3,2,1,Light,0,High,1,2,1,0
1871,C,Ship,245,4,high,F,47,3111,3,1,1,Medium,0,High,2,2,2,0
1872,F,Ship,234,2,medium,F,43,3822,5,5,1,Medium,0,High,4,2,1,0
1873,D,Ship,234,2,high,M,2,2008,4,4,1,Medium,0,Low,3,2,2,1
1874,F,Ship,180,3,low,F,52,1727,3,4,1,Light,0,High,4,2,0,0
1875,A,Ship,217,4,medium,F,12,2217,4,5,1,Medium,0,Medium,0,2,1,0
1876,B,Ship,253,3,low,F,58,3096,4,5,1,Medium,1,High,1,2,0,0
1877,C,Ship,188,3,medium,F,49,3221,3,4,1,Medium,0,High,2,2,1,0
1878,F,Ship,274,3,high,F,60,2053,2,2,1,Medium,1,High,4,2,2,0
1879,D,Ship,136,2,medium,F,61,1509,3,1,1,Light,0,High,3,2,1,0
1880,F,Ship,143,2,low,F,63,1246,3,1,1,Light,0,High,4,2,0,0
1881,A,Ship,267,3,low,F,55,2923,3,4,1,Medium,1,High,0,2,0,0
1882,B,Ship,198,2,medium,F,49,3573,3,1,1,Medium,0,High,1,2,1,0
1883,C,Ship,201,10,medium,M,37,3402,4,1,1,Medium,0,High,2,2,1,1
1884,F,Ship,241,10,medium,M,41,3015,3,5,1,Medium,0,High,4,2,1,1
1885,D,Ship,269,3,medium,F,51,3415,5,4,1,Medium,1,High,3,2,1,0
1886,F,Ship,123,2,low,F,30,1068,5,3,1,Light,0,Medium,4,2,0,0
1887,A,Ship,178,2,low,F,35,1183,3,4,1,Light,0,High,0,2,0,0
1888,B,Ship,203,3,low,F,58,3231,3,5,1,Medium,0,High,1,2,0,0
1889,C,Ship,169,10,medium,F,4,1665,3,2,1,Light,0,Low,2,2,1,0
1890,F,Ship,190,10,medium,F,38,2018,3,4,1,Medium,0,High,4,2,1,0
1891,D,Ship,190,7,medium,F,51,2391,3,4,1,Medium,0,High,3,2,1,0
1892,F,Road,238,10,medium,F,44,3860,4,5,1,Medium,0,High,4,1,1,0
1893,A,Road,247,10,medium,F,57,2377,5,1,1,Medium,0,High,0,1,1,0
1894,B,Road,190,10,low,M,34,3935,4,3,1,Medium,0,High,1,1,0,1
1895,C,Road,168,3,low,M,15,1862,3,2,1,Light,0,Medium,2,1,0,1
1896,F,Road,190,3,low,M,59,2108,2,1,1,Medium,0,High,4,1,0,1
1897,D,Road,170,8,low,M,61,1240,2,3,1,Light,0,High,3,1,0,1
1898,F,Road,226,7,low,M,41,2964,4,1,1,Medium,0,High,4,1,0,1
1899,A,Road,256,7,low,F,41,2758,5,2,1,Medium,1,High,0,1,0,0
1900,B,Road,104,7,low,M,12,1064,2,5,1,Light,0,Medium,1,1,0,1
1901,C,Road,192,3,medium,M,39,2943,4,4,1,Medium,0,High,2,1,1,1
1902,F,Road,195,6,low,M,38,1338,5,2,1,Light,0,High,4,1,0,1
1903,D,Road,271,4,low,M,51,1134,3,5,1,Light,1,High,3,1,0,1
1904,F,Road,296,5,medium,M,29,1648,2,1,1,Light,1,Medium,4,1,1,1
1905,A,Road,277,5,medium,F,32,1055,4,5,1,Light,1,High,0,1,1,0
1906,B,Road,140,3,low,M,32,1819,2,4,1,Light,0,High,1,1,0,1
1907,C,Road,148,3,high,F,23,1814,4,1,1,Light,0,Medium,2,1,2,0
1908,F,Road,238,2,low,F,1,2644,4,5,1,Medium,0,Low,4,1,0,0
1909,D,Road,220,3,low,M,37,2294,5,3,1,Medium,0,High,3,1,0,1
1910,F,Road,224,3,low,M,29,3623,4,4,1,Medium,0,Medium,4,1,0,1
1911,A,Road,162,3,low,F,31,1170,4,5,1,Light,0,High,0,1,0,0
1912,B,Road,202,4,low,F,1,3602,4,2,1,Medium,0,Low,1,1,0,0
1913,C,Road,226,3,medium,M,5,3914,3,5,1,Medium,0,Low,2,1,1,1
1914,F,Flight,246,2,low,M,60,2086,4,3,1,Medium,0,High,4,0,0,1
1915,D,Flight,223,3,low,F,51,3687,5,2,1,Medium,0,High,3,0,0,0
1916,F,Flight,156,2,medium,M,19,1311,5,2,1,Light,0,Medium,4,0,1,1
1917,A,Flight,189,2,low,M,38,3708,2,5,1,Medium,0,High,0,0,0,1
1918,B,Flight,242,3,high,F,2,3564,5,4,1,Medium,0,Low,1,0,2,0
1919,C,Flight,207,2,medium,F,49,3736,4,5,1,Medium,0,High,2,0,1,0
1920,F,Flight,161,3,low,F,24,1920,3,3,1,Light,0,Medium,4,0,0,0
1921,D,Flight,232,2,low,F,21,3128,4,5,1,Medium,0,Medium,3,0,0,0
1922,F,Flight,194,3,low,M,10,2554,6,4,1,Medium,0,Low,4,0,0,1
1923,A,Flight,161,3,medium,F,59,1037,5,5,1,Light,0,High,0,0,1,0
1924,B,Flight,269,3,medium,F,23,3652,4,1,1,Medium,1,Medium,1,0,1,0
1925,C,Flight,219,2,low,F,41,3932,3,3,1,Medium,0,High,2,0,0,0
1926,F,Flight,161,2,medium,F,59,1859,5,2,1,Light,0,High,4,0,1,0
1927,D,Flight,264,4,low,M,33,3561,3,1,1,Medium,1,High,3,0,0,1
1928,F,Flight,151,3,medium,M,20,1395,5,2,1,Light,0,Medium,4,0,1,1
1929,A,Flight,177,2,high,F,31,2000,5,5,1,Light,0,High,0,0,2,0
1930,B,Flight,193,5,medium,F,13,2882,2,5,1,Medium,0,Medium,1,0,1,0
1931,C,Flight,212,4,medium,M,16,2494,4,4,1,Medium,0,Medium,2,0,1,1
1932,F,Flight,210,2,medium,F,7,3405,4,1,1,Medium,0,Low,4,0,1,0
1933,D,Flight,164,2,medium,F,43,1976,4,2,1,Light,0,High,3,0,1,0
1934,F,Flight,219,3,low,M,2,3402,4,2,1,Medium,0,Low,4,0,0,1
1935,A,Flight,216,4,medium,M,27,3740,4,4,1,Medium,0,Medium,0,0,1,1
1936,B,Ship,174,2,medium,M,54,1091,5,2,1,Light,0,High,1,2,1,1
1937,C,Ship,199,2,low,M,46,2728,3,5,1,Medium,0,High,2,2,0,1
1938,F,Ship,181,3,low,M,45,2486,3,4,1,Medium,0,High,4,2,0,1
1939,D,Ship,220,3,low,M,22,2818,3,2,1,Medium,0,Medium,3,2,0,1
1940,F,Ship,215,2,low,F,47,3678,3,1,1,Medium,0,High,4,2,0,0
1941,A,Ship,248,4,high,F,56,2840,4,5,1,Medium,0,High,0,2,2,0
1942,B,Ship,183,4,low,M,49,2414,3,2,1,Medium,0,High,1,2,0,1
1943,C,Ship,194,4,medium,F,26,3818,4,2,1,Medium,0,Medium,2,2,1,0
1944,F,Ship,224,2,high,F,31,2084,4,4,1,Medium,0,High,4,2,2,0
1945,D,Ship,184,3,low,F,52,3128,4,4,1,Medium,0,High,3,2,0,0
1946,F,Ship,160,2,low,M,28,1276,4,1,1,Light,0,Medium,4,2,0,1
1947,A,Ship,182,3,low,M,8,3580,5,1,1,Medium,0,Low,0,2,0,1
1948,B,Ship,116,2,low,F,22,1430,3,2,1,Light,0,Medium,1,2,0,0
1949,C,Ship,170,4,low,M,39,1868,4,4,1,Light,0,High,2,2,0,1
1950,F,Ship,201,2,medium,F,54,2158,5,1,1,Medium,0,High,4,2,1,0
1951,D,Ship,148,2,low,M,29,1809,4,3,1,Light,0,Medium,3,2,0,1
1952,F,Ship,165,3,low,F,27,1905,5,1,1,Light,0,Medium,4,2,0,0
1953,A,Ship,135,3,low,M,20,1772,3,5,1,Light,0,Medium,0,2,0,1
1954,B,Ship,263,2,medium,F,41,3955,4,4,1,Medium,1,High,1,2,1,0
1955,C,Ship,228,3,medium,M,20,3382,5,4,1,Medium,0,Medium,2,2,1,1
1956,F,Ship,275,5,medium,M,51,3569,6,5,1,Medium,1,High,4,2,1,1
1957,D,Ship,224,3,low,M,27,3400,4,1,1,Medium,0,Medium,3,2,0,1
1958,F,Ship,202,3,low,F,1,3738,3,1,1,Medium,0,Low,4,2,0,0
1959,A,Ship,163,3,low,F,11,1926,4,2,1,Light,0,Medium,0,2,0,0
1960,B,Ship,268,3,low,F,64,2386,4,5,1,Medium,1,High,1,2,0,0
1961,C,Ship,207,3,low,F,62,3277,3,3,1,Medium,0,High,2,2,0,0
1962,F,Ship,117,2,medium,M,36,1210,2,3,1,Light,0,High,4,2,1,1
1963,D,Ship,165,4,low,F,57,1881,2,1,1,Light,0,High,3,2,0,0
1964,F,Ship,181,2,high,M,65,3234,3,3,1,Medium,0,High,4,2,2,1
1965,A,Ship,212,4,medium,F,13,3676,6,5,1,Medium,0,Medium,0,2,1,0
1966,B,Ship,226,3,medium,F,26,2299,3,4,1,Medium,0,Medium,1,2,1,0
1967,C,Ship,195,3,low,M,43,2849,4,1,1,Medium,0,High,2,2,0,1
1968,F,Ship,263,2,medium,M,13,2779,4,5,1,Medium,1,Medium,4,2,1,1
1969,D,Ship,136,2,medium,F,16,1131,4,4,1,Light,0,Medium,3,2,1,0
1970,F,Ship,163,2,low,F,49,1034,3,5,1,Light,0,High,4,2,0,0
1971,A,Ship,144,3,low,M,49,1202,5,2,1,Light,0,High,0,2,0,1
1972,B,Ship,240,3,low,F,62,3478,4,4,1,Medium,0,High,1,2,0,0
1973,C,Ship,243,2,low,M,19,2829,4,5,1,Medium,0,Medium,2,2,0,1
1974,F,Ship,201,3,medium,M,19,2696,5,1,1,Medium,0,Medium,4,2,1,1
1975,D,Ship,242,3,low,M,58,3411,5,3,1,Medium,0,High,3,2,0,1
1976,F,Ship,187,2,high,M,56,3774,3,1,1,Medium,0,High,4,2,2,1
1977,A,Ship,162,3,low,M,53,1194,4,3,1,Light,0,High,0,2,0,1
1978,B,Ship,147,3,low,M,16,1563,3,3,1,Light,0,Medium,1,2,0,1
1979,C,Ship,268,2,high,F,39,2822,3,4,1,Medium,1,High,2,2,2,0
1980,F,Ship,237,3,low,M,57,3952,4,3,1,Medium,0,High,4,2,0,1
1981,D,Ship,157,2,low,M,29,1115,3,2,1,Light,0,Medium,3,2,0,1
1982,F,Ship,176,3,medium,F,12,1750,4,2,1,Light,0,Medium,4,2,1,0
1983,A,Ship,134,4,low,M,36,1191,4,5,1,Light,0,High,0,2,0,1
1984,B,Ship,234,2,medium,M,52,3543,3,4,1,Medium,0,High,1,2,1,1
1985,C,Ship,154,2,low,F,57,1096,3,3,1,Light,0,High,2,2,0,0
1986,F,Ship,209,5,low,F,64,2016,2,1,1,Medium,0,High,4,2,0,0
1987,D,Ship,138,2,medium,M,38,1803,5,4,1,Light,0,High,3,2,1,1
1988,F,Ship,151,3,medium,M,22,1024,2,3,1,Light,0,Medium,4,2,1,1
1989,A,Ship,252,6,medium,M,44,2676,4,4,1,Medium,1,High,0,2,1,1
1990,B,Ship,155,2,medium,F,6,1490,3,1,1,Light,0,Low,1,2,1,0
1991,C,Ship,139,4,high,M,17,1137,3,3,1,Light,0,Medium,2,2,2,1
1992,F,Ship,258,3,medium,F,37,2289,4,5,1,Medium,1,High,4,2,1,0
1993,D,Ship,172,3,low,M,1,1182,4,2,1,Light,0,Low,3,2,0,1
1994,F,Ship,239,3,low,F,28,2741,4,3,1,Medium,0,Medium,4,2,0,0
1995,A,Ship,165,3,low,F,1,1417,3,1,1,Light,0,Low,0,2,0,0
1996,B,Ship,177,2,low,M,47,1536,4,5,1,Light,0,High,1,2,0,1
1997,C,Ship,187,2,low,F,17,3513,5,1,1,Medium,0,Medium,2,2,0,0
1998,F,Ship,172,2,low,M,41,1006,6,2,1,Light,0,High,4,2,0,1
1999,D,Ship,168,3,low,F,35,1434,4,4,1,Light,0,High,3,2,0,0
2000,F,Ship,249,3,low,M,31,3489,3,4,1,Medium,0,High,4,2,0,1
2001,A,Ship,135,3,medium,F,11,1322,4,3,1,Light,0,Medium,0,2,1,0
2002,B,Ship,134,3,medium,M,13,1985,4,3,1,Light,0,Medium,1,2,1,1
2003,C,Ship,269,2,low,F,35,3524,3,1,1,Medium,1,High,2,2,0,0
2004,F,Ship,210,5,high,M,37,3236,6,5,1,Medium,0,High,4,2,2,1
2005,D,Ship,285,6,high,M,63,3151,5,4,1,Medium,1,High,3,2,2,1
2006,F,Ship,244,2,medium,M,15,2857,4,2,1,Medium,0,Medium,4,2,1,1
2007,A,Ship,209,2,low,F,24,2748,3,2,1,Medium,0,Medium,0,2,0,0
2008,B,Ship,154,3,medium,M,52,1432,4,3,1,Light,0,High,1,2,1,1
2009,C,Ship,134,3,medium,F,54,1932,3,2,1,Light,0,High,2,2,1,0
2010,F,Ship,168,4,medium,M,23,1347,3,5,1,Light,0,Medium,4,2,1,1
2011,D,Ship,264,3,medium,M,57,3753,4,5,1,Medium,1,High,3,2,1,1
2012,F,Ship,276,6,high,F,36,2843,4,2,1,Medium,1,High,4,2,2,0
2013,A,Ship,195,3,medium,M,23,3499,3,4,1,Medium,0,Medium,0,2,1,1
2014,B,Ship,174,5,medium,M,47,1909,5,3,1,Light,0,High,1,2,1,1
2015,C,Ship,241,3,low,F,50,3074,3,4,1,Medium,0,High,2,2,0,0
2016,F,Ship,166,3,medium,F,20,1267,5,5,1,Light,0,Medium,4,2,1,0
2017,D,Ship,190,3,low,M,37,3315,3,2,1,Medium,0,High,3,2,0,1
2018,F,Ship,231,2,low,F,12,2123,3,1,1,Medium,0,Medium,4,2,0,0
2019,A,Ship,206,4,low,F,3,3755,5,4,1,Medium,0,Low,0,2,0,0
2020,B,Ship,212,3,medium,M,50,2073,4,4,1,Medium,0,High,1,2,1,1
2021,C,Ship,212,3,low,F,2,2456,3,5,1,Medium,0,Low,2,2,0,0
2022,F,Ship,246,6,low,M,64,2271,4,5,1,Medium,0,High,4,2,0,1
2023,D,Ship,264,2,medium,F,12,2203,4,4,1,Medium,1,Medium,3,2,1,0
2024,F,Ship,208,2,low,F,37,2537,3,4,1,Medium,0,High,4,2,0,0
2025,A,Ship,210,3,low,F,7,2878,3,4,1,Medium,0,Low,0,2,0,0
2026,B,Ship,183,3,low,F,44,2896,3,2,1,Medium,0,High,1,2,0,0
2027,C,Ship,265,3,low,F,41,3498,4,2,1,Medium,1,High,2,2,0,0
2028,F,Ship,187,3,low,M,20,2374,3,5,1,Medium,0,Medium,4,2,0,1
2029,D,Road,183,3,low,F,12,3090,2,4,1,Medium,0,Medium,3,1,0,0
2030,F,Road,176,2,low,F,58,1730,3,3,1,Light,0,High,4,1,0,0
2031,A,Road,266,3,medium,M,5,3718,4,5,1,Medium,1,Low,0,1,1,1
2032,B,Road,143,4,medium,F,22,1249,3,2,1,Light,0,Medium,1,1,1,0
2033,C,Road,195,2,medium,F,32,3719,3,4,1,Medium,0,High,2,1,1,0
2034,F,Road,264,4,high,F,32,2754,3,2,1,Medium,1,High,4,1,2,0
2035,D,Road,243,2,medium,M,42,3421,3,5,1,Medium,0,High,3,1,1,1
2036,F,Road,142,2,low,F,55,1758,5,2,1,Light,0,High,4,1,0,0
2037,A,Road,172,2,low,M,23,1019,4,2,1,Light,0,Medium,0,1,0,1
2038,B,Road,280,3,medium,M,2,3366,4,1,1,Medium,1,Low,1,1,1,1
2039,C,Road,254,2,low,M,37,2469,3,2,1,Medium,1,High,2,1,0,1
2040,F,Road,202,3,medium,M,34,3885,5,2,1,Medium,0,High,4,1,1,1
2041,D,Road,110,5,low,M,21,1011,5,3,1,Light,0,Medium,3,1,0,1
2042,F,Road,162,2,medium,M,30,1158,4,4,1,Light,0,Medium,4,1,1,1
2043,A,Road,183,3,medium,M,21,2585,3,3,1,Medium,0,Medium,0,1,1,1
2044,B,Road,260,2,low,F,31,2805,4,2,1,Medium,1,High,1,1,0,0
2045,C,Road,109,5,low,M,27,1581,3,5,1,Light,0,Medium,2,1,0,1
2046,F,Road,273,4,low,M,12,2151,3,3,1,Medium,1,Medium,4,1,0,1
2047,D,Road,262,6,medium,M,10,3164,5,2,1,Medium,1,Low,3,1,1,1
2048,F,Road,239,5,low,F,59,2181,2,4,1,Medium,0,High,4,1,0,0
2049,A,Road,185,2,high,F,49,3864,3,2,1,Medium,0,High,0,1,2,0
2050,B,Road,248,3,medium,M,59,2868,4,4,1,Medium,0,High,1,1,1,1
2051,C,Flight,180,2,low,M,52,1122,5,4,1,Light,0,High,2,0,0,1
2052,F,Flight,221,3,low,F,43,3561,4,5,1,Medium,0,High,4,0,0,0
2053,D,Flight,162,2,low,M,28,1948,3,5,1,Light,0,Medium,3,0,0,1
2054,F,Flight,162,4,medium,M,49,1671,2,5,1,Light,0,High,4,0,1,1
2055,A,Flight,145,2,low,M,28,1313,3,1,1,Light,0,Medium,0,0,0,1
2056,B,Flight,228,3,medium,F,38,3631,5,3,1,Medium,0,High,1,0,1,0
2057,C,Flight,196,3,low,M,47,2447,3,4,1,Medium,0,High,2,0,0,1
2058,F,Flight,254,2,high,M,56,3266,3,4,1,Medium,1,High,4,0,2,1
2059,D,Flight,215,2,medium,M,46,3942,5,2,1,Medium,0,High,3,0,1,1
2060,F,Flight,265,3,medium,F,33,2734,5,2,1,Medium,1,High,4,0,1,0
2061,A,Flight,173,3,high,M,60,1582,3,2,1,Light,0,High,0,0,2,1
2062,B,Flight,233,7,medium,M,64,3146,4,2,1,Medium,0,High,1,0,1,1
2063,C,Flight,213,2,low,M,27,2034,4,3,1,Medium,0,Medium,2,0,0,1
2064,F,Flight,124,2,medium,M,22,1714,4,1,1,Light,0,Medium,4,0,1,1
2065,D,Flight,156,4,medium,F,7,1492,3,4,1,Light,0,Low,3,0,1,0
2066,F,Flight,265,3,medium,M,11,2194,3,1,1,Medium,1,Medium,4,0,1,1
2067,A,Flight,139,3,high,F,6,1269,3,1,1,Light,0,Low,0,0,2,0
2068,B,Flight,225,10,high,M,46,2690,2,4,1,Medium,0,High,1,0,2,1
2069,C,Flight,178,7,medium,F,36,1179,5,4,1,Light,0,High,2,0,1,0
2070,F,Flight,190,10,medium,F,32,2064,3,4,1,Medium,0,High,4,0,1,0
2071,D,Flight,272,10,medium,M,63,2455,3,4,1,Medium,1,High,3,0,1,1
2072,F,Flight,153,2,medium,F,51,1841,3,1,1,Light,0,High,4,0,1,0
2073,A,Ship,235,10,low,M,7,2991,3,1,1,Medium,0,Low,0,2,0,1
2074,B,Ship,214,3,low,M,33,2562,5,1,1,Medium,0,High,1,2,0,1
2075,C,Ship,175,2,low,F,2,1072,3,4,1,Light,0,Low,2,2,0,0
2076,F,Ship,176,3,low,F,63,1420,3,1,1,Light,0,High,4,2,0,0
2077,D,Ship,172,10,high,F,23,1875,3,4,1,Light,0,Medium,3,2,2,0
2078,F,Ship,195,6,low,M,35,1852,5,2,1,Light,0,High,4,2,0,1
2079,A,Ship,271,4,low,F,10,1679,3,5,1,Light,1,Low,0,2,0,0
2080,B,Ship,228,3,medium,M,42,3145,5,4,1,Medium,0,High,1,2,1,1
2081,C,Ship,196,3,low,F,52,2129,3,4,1,Medium,0,High,2,2,0,0
2082,F,Ship,254,2,high,F,60,3590,3,1,1,Medium,1,High,4,2,2,0
2083,D,Ship,215,2,medium,M,34,2713,5,4,1,Medium,0,High,3,2,1,1
2084,F,Ship,265,3,medium,M,46,3997,5,5,1,Medium,1,High,4,2,1,1
2085,A,Ship,173,3,high,M,40,1723,3,2,1,Light,0,High,0,2,2,1
2086,B,Ship,233,7,medium,M,56,3925,4,2,1,Medium,0,High,1,2,1,1
2087,C,Ship,213,2,low,F,27,2938,4,4,1,Medium,0,Medium,2,2,0,0
2088,F,Ship,124,2,medium,M,50,1592,4,2,1,Light,0,High,4,2,1,1
2089,D,Ship,156,4,medium,F,26,1769,3,5,1,Light,0,Medium,3,2,1,0
2090,F,Ship,265,3,medium,F,61,3010,3,1,1,Medium,1,High,4,2,1,0
2091,A,Ship,139,3,high,F,4,1546,3,2,1,Light,0,Low,0,2,2,0
2092,B,Ship,225,10,high,M,56,3384,2,4,1,Medium,0,High,1,2,2,1
2093,C,Ship,178,7,medium,M,52,1824,5,4,1,Light,0,High,2,2,1,1
2094,F,Ship,190,10,medium,M,4,3062,3,3,1,Medium,0,Low,4,2,1,1
2095,D,Ship,272,10,medium,M,59,2182,3,5,1,Medium,1,High,3,2,1,1
2096,F,Ship,153,2,medium,M,37,1740,3,4,1,Light,0,High,4,2,1,1
2097,A,Ship,235,10,low,M,56,2175,3,1,1,Medium,0,High,0,2,0,1
2098,B,Ship,214,3,low,M,52,3403,5,4,1,Medium,0,High,1,2,0,1
2099,C,Ship,175,2,low,F,40,1460,3,5,1,Light,0,High,2,2,0,0
2100,F,Ship,176,3,low,F,29,1953,3,2,1,Light,0,Medium,4,2,0,0
2101,D,Ship,172,10,high,F,30,1294,3,1,1,Light,0,Medium,3,2,2,0
2102,F,Ship,195,6,low,F,29,1039,5,1,1,Light,0,Medium,4,2,0,0
2103,A,Ship,164,3,low,M,61,1473,3,5,1,Light,0,High,0,2,0,1
2104,B,Ship,231,3,medium,F,33,2755,3,1,1,Medium,0,High,1,2,1,0
2105,C,Ship,248,3,medium,F,9,3873,5,5,1,Medium,0,Low,2,2,1,0
2106,F,Ship,237,2,medium,F,60,3427,4,5,1,Medium,0,High,4,2,1,0
2107,D,Ship,111,4,low,F,8,1620,3,1,1,Light,0,Low,3,2,0,0
2108,F,Ship,106,5,low,F,46,1275,5,5,1,Light,0,High,4,2,0,0
2109,A,Ship,139,3,low,M,29,1365,4,2,1,Light,0,Medium,0,2,0,1
2110,B,Ship,149,2,low,F,58,1657,4,3,1,Light,0,High,1,2,0,0
2111,C,Ship,180,3,low,F,24,1513,4,5,1,Light,0,Medium,2,2,0,0
2112,F,Ship,212,2,medium,F,65,3776,3,2,1,Medium,0,High,4,2,1,0
2113,D,Ship,183,3,low,M,5,3716,4,2,1,Medium,0,Low,3,2,0,1
2114,F,Ship,164,5,low,M,20,1555,6,4,1,Light,0,Medium,4,2,0,1
2115,A,Ship,143,3,medium,F,28,1197,4,1,1,Light,0,Medium,0,2,1,0
2116,B,Ship,162,2,medium,M,5,1202,3,3,1,Light,0,Low,1,2,1,1
2117,C,Ship,202,4,medium,M,56,3098,4,2,1,Medium,0,High,2,2,1,1
2118,F,Ship,135,2,medium,F,2,1150,3,2,1,Light,0,Low,4,2,1,0
2119,D,Ship,232,2,low,F,58,2054,3,2,1,Medium,0,High,3,2,0,0
2120,F,Ship,218,3,low,M,19,3770,3,3,1,Medium,0,Medium,4,2,0,1
2121,A,Ship,177,2,low,M,14,1735,5,4,1,Light,0,Medium,0,2,0,1
2122,B,Ship,168,2,medium,M,63,1474,4,4,1,Light,0,High,1,2,1,1
2123,C,Ship,181,2,medium,F,45,3448,3,4,1,Medium,0,High,2,2,1,0
2124,F,Ship,238,2,low,F,29,3728,3,2,1,Medium,0,Medium,4,2,0,0
2125,D,Ship,250,5,low,F,36,2717,3,2,1,Medium,0,High,3,2,0,0
2126,F,Ship,152,2,low,F,25,1848,3,1,1,Light,0,Medium,4,2,0,0
2127,A,Ship,242,4,low,F,35,3215,4,5,1,Medium,0,High,0,2,0,0
2128,B,Ship,236,2,high,M,2,3949,3,1,1,Medium,0,Low,1,2,2,1
2129,C,Ship,238,4,low,F,22,3950,4,1,1,Medium,0,Medium,2,2,0,0
2130,F,Ship,165,5,low,M,21,1727,4,4,1,Light,0,Medium,4,2,0,1
2131,D,Ship,271,3,medium,M,50,3448,4,2,1,Medium,1,High,3,2,1,1
2132,F,Ship,109,2,medium,M,18,1661,3,3,1,Light,0,Medium,4,2,1,1
2133,A,Ship,235,3,high,F,22,3695,4,1,1,Medium,0,Medium,0,2,2,0
2134,B,Ship,186,3,medium,M,49,2356,3,3,1,Medium,0,High,1,2,1,1
2135,C,Ship,202,2,low,M,40,2327,4,1,1,Medium,0,High,2,2,0,1
2136,F,Ship,188,4,medium,M,3,3075,3,3,1,Medium,0,Low,4,2,1,1
2137,D,Ship,224,2,medium,M,52,3824,5,3,1,Medium,0,High,3,2,1,1
2138,F,Ship,239,4,low,M,3,3734,5,3,1,Medium,0,Low,4,2,0,1
2139,A,Ship,140,2,medium,M,20,1832,2,3,1,Light,0,Medium,0,2,1,1
2140,B,Ship,272,3,low,F,39,2518,6,3,1,Medium,1,High,1,2,0,0
2141,C,Ship,160,3,medium,F,65,1228,3,3,1,Light,0,High,2,2,1,0
2142,F,Ship,261,3,medium,M,14,3479,3,3,1,Medium,1,Medium,4,2,1,1
2143,D,Ship,199,3,medium,F,62,3259,3,5,1,Medium,0,High,3,2,1,0
2144,F,Ship,154,2,medium,F,56,1300,3,1,1,Light,0,High,4,2,1,0
2145,A,Ship,237,3,low,M,55,2451,3,5,1,Medium,0,High,0,2,0,1
2146,B,Ship,181,3,low,M,44,2070,4,4,1,Medium,0,High,1,2,0,1
2147,C,Ship,133,6,low,F,10,1686,3,3,1,Light,0,Low,2,2,0,0
2148,F,Ship,150,3,medium,M,47,1511,3,4,1,Light,0,High,4,2,1,1
2149,D,Ship,152,3,medium,F,62,1325,6,5,1,Light,0,High,3,2,1,0
2150,F,Ship,142,5,low,F,30,1464,6,1,1,Light,0,Medium,4,2,0,0
2151,A,Ship,214,2,low,M,57,2078,4,3,1,Medium,0,High,0,2,0,1
2152,B,Ship,155,2,medium,F,40,1024,5,1,1,Light,0,High,1,2,1,0
2153,C,Ship,191,2,low,M,11,3985,4,2,1,Medium,0,Medium,2,2,0,1
2154,F,Ship,133,2,medium,M,39,1106,4,5,1,Light,0,High,4,2,1,1
2155,D,Ship,211,4,high,F,22,2942,3,3,1,Medium,0,Medium,3,2,2,0
2156,F,Ship,212,4,low,M,28,2422,4,3,1,Medium,0,Medium,4,2,0,1
2157,A,Ship,150,2,low,M,9,1158,3,1,1,Light,0,Low,0,2,0,1
2158,B,Ship,208,3,low,F,41,3977,3,5,1,Medium,0,High,1,2,0,0
2159,C,Ship,157,2,medium,M,15,1724,4,2,1,Light,0,Medium,2,2,1,1
2160,F,Ship,228,3,low,M,60,2715,4,4,1,Medium,0,High,4,2,0,1
2161,D,Ship,254,2,medium,F,44,3786,3,4,1,Medium,1,High,3,2,1,0
2162,F,Ship,270,2,low,M,65,3599,4,2,1,Medium,1,High,4,2,0,1
2163,A,Ship,195,3,medium,M,30,3462,6,2,1,Medium,0,Medium,0,2,1,1
2164,B,Ship,193,4,low,M,33,2173,4,5,1,Medium,0,High,1,2,0,1
2165,C,Ship,165,3,medium,F,48,1240,5,4,1,Light,0,High,2,2,1,0
2166,F,Road,177,2,low,M,38,1099,3,1,1,Light,0,High,4,1,0,1
2167,D,Road,244,3,low,F,46,2844,3,4,1,Medium,0,High,3,1,0,0
2168,F,Road,151,2,low,M,26,1793,3,2,1,Light,0,Medium,4,1,0,1
2169,A,Road,164,2,low,M,2,1104,3,1,1,Light,0,Low,0,1,0,1
2170,B,Road,165,3,low,F,37,1228,5,1,1,Light,0,High,1,1,0,0
2171,C,Road,256,2,medium,M,55,2247,3,4,1,Medium,1,High,2,1,1,1
2172,F,Road,150,4,low,M,5,1263,4,4,1,Light,0,Low,4,1,0,1
2173,D,Road,255,3,low,M,27,3484,2,3,1,Medium,1,Medium,3,1,0,1
2174,F,Road,268,3,medium,F,23,2996,4,3,1,Medium,1,Medium,4,1,1,0
2175,A,Road,166,3,low,F,1,1366,3,5,1,Light,0,Low,0,1,0,0
2176,B,Road,230,3,low,F,49,3477,3,5,1,Medium,0,High,1,1,0,0
2177,C,Road,163,3,low,F,45,1395,4,3,1,Light,0,High,2,1,0,0
2178,F,Road,139,3,high,F,64,1415,4,4,1,Light,0,High,4,1,2,0
2179,D,Road,161,3,medium,F,10,1978,3,5,1,Light,0,Low,3,1,1,0
2180,F,Road,181,4,high,F,6,3003,6,2,1,Medium,0,Low,4,1,2,0
2181,A,Road,242,3,high,M,47,3489,4,1,1,Medium,0,High,0,1,2,1
2182,B,Road,151,3,low,F,24,1139,3,3,1,Light,0,Medium,1,1,0,0
2183,C,Road,167,3,medium,M,50,1068,3,4,1,Light,0,High,2,1,1,1
2184,F,Road,257,3,low,F,25,2334,3,2,1,Medium,1,Medium,4,1,0,0
2185,D,Road,204,2,medium,F,35,2090,3,2,1,Medium,0,High,3,1,1,0
2186,F,Road,219,3,low,M,1,2027,5,3,1,Medium,0,Low,4,1,0,1
2187,A,Road,202,3,medium,M,28,3707,3,4,1,Medium,0,Medium,0,1,1,1
2188,B,Flight,155,2,medium,M,41,1367,4,5,1,Light,0,High,1,0,1,1
2189,C,Flight,183,3,high,F,6,3364,3,3,1,Medium,0,Low,2,0,2,0
2190,F,Flight,184,3,low,F,19,2625,5,1,1,Medium,0,Medium,4,0,0,0
2191,D,Flight,230,2,low,F,38,2890,4,5,1,Medium,0,High,3,0,0,0
2192,F,Flight,139,4,low,F,41,1511,4,2,1,Light,0,High,4,0,0,0
2193,A,Flight,252,3,medium,F,7,2477,4,4,1,Medium,1,Low,0,0,1,0
2194,B,Flight,272,3,medium,F,40,3766,3,2,1,Medium,1,High,1,0,1,0
2195,C,Flight,134,3,low,F,20,1391,3,2,1,Light,0,Medium,2,0,0,0
2196,F,Flight,169,3,medium,M,13,1934,3,5,1,Light,0,Medium,4,0,1,1
2197,D,Flight,214,2,low,M,49,3416,4,2,1,Medium,0,High,3,0,0,1
2198,F,Flight,163,3,medium,F,65,1614,3,3,1,Light,0,High,4,0,1,0
2199,A,Flight,150,3,low,F,48,1193,4,2,1,Light,0,High,0,0,0,0
2200,B,Flight,216,2,high,M,33,3202,5,5,1,Medium,0,High,1,0,2,1
2201,C,Flight,116,5,high,F,56,1130,5,2,1,Light,0,High,2,0,2,0
2202,F,Flight,144,2,low,F,33,1811,3,4,1,Light,0,High,4,0,0,0
2203,D,Flight,266,3,low,F,19,2508,5,3,1,Medium,1,Medium,3,0,0,0
2204,F,Flight,154,4,medium,F,62,1616,3,3,1,Light,0,High,4,0,1,0
2205,A,Flight,255,5,low,M,18,3644,4,3,1,Medium,1,Medium,0,0,0,1
2206,B,Flight,229,3,medium,M,13,2322,6,2,1,Medium,0,Medium,1,0,1,1
2207,C,Flight,111,3,medium,M,16,1882,2,1,1,Light,0,Medium,2,0,1,1
2208,F,Flight,160,2,medium,F,32,1718,3,3,1,Light,0,High,4,0,1,0
2209,D,Flight,184,2,low,F,31,3191,3,1,1,Medium,0,High,3,0,0,0
2210,F,Ship,218,4,low,M,45,3234,4,4,1,Medium,0,High,4,2,0,1
2211,A,Ship,137,2,low,M,52,1012,5,1,1,Light,0,High,0,2,0,1
2212,B,Ship,204,3,medium,M,14,3829,4,2,1,Medium,0,Medium,1,2,1,1
2213,C,Ship,105,5,low,F,57,1784,6,1,1,Light,0,High,2,2,0,0
2214,F,Ship,256,2,medium,F,63,3046,3,1,1,Medium,1,High,4,2,1,0
2215,D,Ship,182,2,medium,F,54,3261,4,2,1,Medium,0,High,3,2,1,0
2216,F,Ship,260,4,high,M,17,2666,3,4,1,Medium,1,Medium,4,2,2,1
2217,A,Ship,166,3,low,M,62,1944,4,2,1,Light,0,High,0,2,0,1
2218,B,Ship,160,4,medium,M,43,1479,5,2,1,Light,0,High,1,2,1,1
2219,C,Ship,243,3,medium,F,13,2850,4,2,1,Medium,0,Medium,2,2,1,0
2220,F,Ship,240,4,medium,M,62,2400,6,5,1,Medium,0,High,4,2,1,1
2221,D,Ship,229,6,low,M,35,3239,6,1,1,Medium,0,High,3,2,0,1
2222,F,Ship,164,2,low,M,2,1304,3,1,1,Light,0,Low,4,2,0,1
2223,A,Ship,234,3,medium,F,37,2111,3,4,1,Medium,0,High,0,2,1,0
2224,B,Ship,97,2,high,M,15,1836,4,1,1,Light,0,Medium,1,2,2,1
2225,C,Ship,258,3,low,F,12,2017,4,3,1,Medium,1,Medium,2,2,0,0
2226,F,Ship,147,2,medium,M,52,1934,3,1,1,Light,0,High,4,2,1,1
2227,D,Ship,180,4,low,M,14,1686,4,3,1,Light,0,Medium,3,2,0,1
2228,F,Ship,212,3,low,F,11,2073,5,1,1,Medium,0,Medium,4,2,0,0
2229,A,Ship,198,2,medium,M,19,2373,3,4,1,Medium,0,Medium,0,2,1,1
2230,B,Ship,239,3,low,F,63,2154,3,1,1,Medium,0,High,1,2,0,0
2231,C,Ship,158,2,low,M,46,1374,4,3,1,Light,0,High,2,2,0,1
2232,F,Ship,218,3,high,F,57,3311,4,3,1,Medium,0,High,4,2,2,0
2233,D,Ship,156,3,low,M,20,1523,4,4,1,Light,0,Medium,3,2,0,1
2234,F,Ship,235,3,low,M,52,3447,3,4,1,Medium,0,High,4,2,0,1
2235,A,Ship,168,3,low,F,4,1363,4,5,1,Light,0,Low,0,2,0,0
2236,B,Ship,178,3,high,F,36,1297,3,1,1,Light,0,High,1,2,2,0
2237,C,Ship,275,3,medium,M,26,2449,4,2,1,Medium,1,Medium,2,2,1,1
2238,F,Ship,139,2,low,M,45,1192,3,4,1,Light,0,High,4,2,0,1
2239,D,Ship,236,3,medium,F,13,2171,2,5,1,Medium,0,Medium,3,2,1,0
2240,F,Ship,155,2,low,F,37,1780,3,4,1,Light,0,High,4,2,0,0
2241,A,Ship,168,3,medium,M,11,1008,3,3,1,Light,0,Medium,0,2,1,1
2242,B,Ship,151,2,low,M,42,1367,4,1,1,Light,0,High,1,2,0,1
2243,C,Ship,113,4,low,F,56,1154,3,4,1,Light,0,High,2,2,0,0
2244,F,Ship,133,3,medium,F,50,1861,4,3,1,Light,0,High,4,2,1,0
2245,D,Ship,163,4,medium,M,57,1613,5,4,1,Light,0,High,3,2,1,1
2246,F,Ship,206,2,medium,F,59,3278,5,3,1,Medium,0,High,4,2,1,0
2247,A,Ship,177,2,medium,F,23,1929,3,2,1,Light,0,Medium,0,2,1,0
2248,B,Ship,206,2,low,M,3,2261,3,2,1,Medium,0,Low,1,2,0,1
2249,C,Ship,189,3,medium,M,13,3492,5,1,1,Medium,0,Medium,2,2,1,1
2250,F,Ship,270,2,low,M,39,3690,3,4,1,Medium,1,High,4,2,0,1
2251,D,Ship,238,3,low,F,33,2013,4,1,1,Medium,0,High,3,2,0,0
2252,F,Ship,143,2,low,M,46,1387,5,1,1,Light,0,High,4,2,0,1
2253,A,Ship,173,2,medium,M,53,1251,4,1,1,Light,0,High,0,2,1,1
2254,B,Ship,134,3,medium,M,38,1169,3,5,1,Light,0,High,1,2,1,1
2255,C,Ship,176,3,high,M,34,1283,4,4,1,Light,0,High,2,2,2,1
2256,F,Ship,160,2,medium,F,38,1961,4,3,1,Light,0,High,4,2,1,0
2257,D,Ship,230,3,high,F,22,3546,3,4,1,Medium,0,Medium,3,2,2,0
2258,F,Ship,178,3,low,F,5,1012,4,5,1,Light,0,Low,4,2,0,0
2259,A,Ship,256,4,low,F,18,2699,3,2,1,Medium,1,Medium,0,2,0,0
2260,B,Ship,256,4,low,M,11,3030,3,4,1,Medium,1,Medium,1,2,0,1
2261,C,Ship,208,4,medium,M,52,2900,3,2,1,Medium,0,High,2,2,1,1
2262,F,Ship,119,3,low,F,40,1233,4,3,1,Light,0,High,4,2,0,0
2263,D,Ship,114,6,low,F,26,1825,3,3,1,Light,0,Medium,3,2,0,0
2264,F,Ship,225,3,low,F,1,2864,3,5,1,Medium,0,Low,4,2,0,0
2265,A,Ship,155,4,high,F,48,1972,4,5,1,Light,0,High,0,2,2,0
2266,B,Ship,223,3,medium,F,51,3895,4,4,1,Medium,0,High,1,2,1,0
2267,C,Ship,194,3,medium,F,6,2736,5,3,1,Medium,0,Low,2,2,1,0
2268,F,Ship,281,4,medium,F,40,3381,5,4,1,Medium,1,High,4,2,1,0
2269,D,Ship,132,4,medium,F,10,1343,4,1,1,Light,0,Low,3,2,1,0
2270,F,Ship,229,3,medium,F,53,3423,4,1,1,Medium,0,High,4,2,1,0
2271,A,Ship,251,3,low,F,10,3517,4,2,1,Medium,1,Low,0,2,0,0
2272,B,Ship,113,3,low,F,60,1200,4,1,1,Light,0,High,1,2,0,0
2273,C,Ship,234,6,low,F,52,2615,5,5,1,Medium,0,High,2,2,0,0
2274,F,Ship,181,2,medium,M,58,3719,3,3,1,Medium,0,High,4,2,1,1
2275,D,Ship,157,2,low,M,32,1497,5,2,1,Light,0,High,3,2,0,1
2276,F,Ship,155,3,low,M,49,1203,3,1,1,Light,0,High,4,2,0,1
2277,A,Ship,209,2,low,M,62,2935,3,4,1,Medium,0,High,0,2,0,1
2278,B,Ship,264,3,low,F,39,2213,4,3,1,Medium,1,High,1,2,0,0
2279,C,Ship,268,3,low,F,47,2479,3,1,1,Medium,1,High,2,2,0,0
2280,F,Ship,224,3,medium,M,64,2705,6,1,1,Medium,0,High,4,2,1,1
2281,D,Ship,223,10,low,M,24,3271,4,4,1,Medium,0,Medium,3,2,0,1
2282,F,Ship,191,3,high,F,42,2374,3,2,1,Medium,0,High,4,2,2,0
2283,A,Ship,184,3,high,F,47,3081,4,1,1,Medium,0,High,0,2,2,0
2284,B,Ship,174,3,medium,F,32,1921,6,5,1,Light,0,High,1,2,1,0
2285,C,Ship,134,8,high,F,12,1371,6,3,1,Light,0,Medium,2,2,2,0
2286,F,Ship,135,2,high,F,25,1009,4,1,1,Light,0,Medium,4,2,2,0
2287,D,Ship,234,2,high,F,61,3084,5,4,1,Medium,0,High,3,2,2,0
2288,F,Ship,215,6,high,M,5,3432,3,1,1,Medium,0,Low,4,2,2,1
2289,A,Ship,187,2,medium,F,10,3549,5,4,1,Medium,0,Low,0,2,1,0
2290,B,Ship,238,2,medium,F,50,3438,3,1,1,Medium,0,High,1,2,1,0
2291,C,Ship,273,4,low,F,26,3223,4,2,1,Medium,1,Medium,2,2,0,0
2292,F,Ship,192,3,medium,M,46,3709,5,4,1,Medium,0,High,4,2,1,1
2293,D,Ship,268,4,high,M,5,3446,3,5,1,Medium,1,Low,3,2,2,1
2294,F,Ship,225,3,low,F,12,2721,3,5,1,Medium,0,Medium,4,2,0,0
2295,A,Ship,155,4,high,F,54,1408,4,5,1,Light,0,High,0,2,2,0
2296,B,Ship,223,3,medium,F,56,3158,4,2,1,Medium,0,High,1,2,1,0
2297,C,Ship,194,3,medium,F,32,3003,5,1,1,Medium,0,High,2,2,1,0
2298,F,Ship,281,4,medium,M,56,3709,5,4,1,Medium,1,High,4,2,1,1
2299,D,Ship,132,4,medium,F,28,1715,4,5,1,Light,0,Medium,3,2,1,0
2300,F,Ship,229,3,medium,F,20,2891,4,1,1,Medium,0,Medium,4,2,1,0
2301,A,Ship,251,3,low,F,33,2502,4,1,1,Medium,1,High,0,2,0,0
2302,B,Ship,113,3,low,F,52,1741,4,5,1,Light,0,High,1,2,0,0
2303,C,Road,234,6,low,F,58,2448,5,2,1,Medium,0,High,2,1,0,0
2304,F,Road,181,2,medium,F,52,3236,3,3,1,Medium,0,High,4,1,1,0
2305,D,Road,157,2,low,M,58,1654,5,2,1,Light,0,High,3,1,0,1
2306,F,Road,155,3,low,M,20,1830,3,3,1,Light,0,Medium,4,1,0,1
2307,A,Road,209,2,low,M,33,2603,3,5,1,Medium,0,High,0,1,0,1
2308,B,Road,264,3,low,M,13,3015,4,1,1,Medium,1,Medium,1,1,0,1
2309,C,Road,268,3,low,M,30,2867,3,2,1,Medium,1,Medium,2,1,0,1
2310,F,Road,224,3,medium,F,26,3247,6,2,1,Medium,0,Medium,4,1,1,0
2311,D,Road,223,10,low,F,21,2943,4,3,1,Medium,0,Medium,3,1,0,0
2312,F,Road,191,3,high,F,17,2235,3,5,1,Medium,0,Medium,4,1,2,0
2313,A,Road,184,3,high,F,27,3967,4,4,1,Medium,0,Medium,0,1,2,0
2314,B,Road,174,3,medium,F,14,1651,6,4,1,Light,0,Medium,1,1,1,0
2315,C,Road,134,8,high,M,42,1054,6,2,1,Light,0,High,2,1,2,1
2316,F,Road,135,2,high,F,22,1195,4,5,1,Light,0,Medium,4,1,2,0
2317,D,Road,234,2,high,M,50,3914,5,5,1,Medium,0,High,3,1,2,1
2318,F,Road,215,6,high,M,42,3715,3,1,1,Medium,0,High,4,1,2,1
2319,A,Road,187,2,medium,F,29,2863,5,2,1,Medium,0,Medium,0,1,1,0
2320,B,Road,238,2,medium,F,32,3274,3,2,1,Medium,0,High,1,1,1,0
2321,C,Road,273,4,low,F,54,2611,4,1,1,Medium,1,High,2,1,0,0
2322,F,Road,192,3,medium,F,37,2197,5,5,1,Medium,0,High,4,1,1,0
2323,D,Road,268,4,high,M,19,2893,3,5,1,Medium,1,Medium,3,1,2,1
2324,F,Road,164,3,low,M,5,1408,3,4,1,Light,0,Low,4,1,0,1
2325,A,Flight,255,3,low,M,59,1514,2,2,1,Light,1,High,0,0,0,1
2326,B,Flight,141,2,low,F,30,1130,4,4,1,Light,0,Medium,1,0,0,0
2327,C,Flight,202,3,low,M,50,2587,2,5,1,Medium,0,High,2,0,0,1
2328,F,Flight,282,6,medium,F,52,3009,4,4,1,Medium,1,High,4,0,1,0
2329,D,Flight,190,3,low,M,7,3175,6,4,1,Medium,0,Low,3,0,0,1
2330,F,Flight,192,4,low,F,61,2256,4,2,1,Medium,0,High,4,0,0,0
2331,A,Flight,179,2,low,M,51,1041,3,4,1,Light,0,High,0,0,0,1
2332,B,Flight,238,2,medium,M,43,2200,4,3,1,Medium,0,High,1,0,1,1
2333,C,Flight,181,4,low,F,18,3696,3,2,1,Medium,0,Medium,2,0,0,0
2334,F,Flight,128,5,medium,F,45,1707,5,2,1,Light,0,High,4,0,1,0
2335,D,Flight,285,5,low,M,51,2063,5,1,1,Medium,1,High,3,0,0,1
2336,F,Flight,273,3,medium,F,18,2415,5,5,1,Medium,1,Medium,4,0,1,0
2337,A,Flight,242,6,low,F,63,3144,2,2,1,Medium,0,High,0,0,0,0
2338,B,Flight,226,3,medium,F,22,3593,3,4,1,Medium,0,Medium,1,0,1,0
2339,C,Flight,255,4,low,F,36,2093,2,5,1,Medium,1,High,2,0,0,0
2340,F,Flight,198,2,medium,F,37,3025,5,1,1,Medium,0,High,4,0,1,0
2341,D,Flight,263,3,medium,M,59,3978,5,4,1,Medium,1,High,3,0,1,1
2342,F,Flight,186,2,low,F,39,2197,3,5,1,Medium,0,High,4,0,0,0
2343,A,Flight,260,3,low,F,22,2935,5,2,1,Medium,1,Medium,0,0,0,0
2344,B,Flight,167,2,low,F,5,1169,4,2,1,Light,0,Low,1,0,0,0
2345,C,Flight,210,3,low,F,46,2344,4,3,1,Medium,0,High,2,0,0,0
2346,F,Flight,216,3,low,F,20,3549,4,5,1,Medium,0,Medium,4,0,0,0
2347,D,Ship,273,3,low,F,12,2154,3,2,1,Medium,1,Medium,3,2,0,0
2348,F,Ship,153,2,low,F,55,1414,5,1,1,Light,0,High,4,2,0,0
2349,A,Ship,183,3,medium,F,44,3809,3,2,1,Medium,0,High,0,2,1,0
2350,B,Ship,224,3,medium,F,36,3499,4,1,1,Medium,0,High,1,2,1,0
2351,C,Ship,170,3,high,M,58,1651,5,1,1,Light,0,High,2,2,2,1
2352,F,Ship,237,4,low,M,33,2605,5,1,1,Medium,0,High,4,2,0,1
2353,D,Ship,234,6,medium,F,60,2443,5,5,1,Medium,0,High,3,2,1,0
2354,F,Ship,264,3,medium,F,43,3439,3,2,1,Medium,1,High,4,2,1,0
2355,A,Ship,153,3,low,F,55,1273,2,2,1,Light,0,High,0,2,0,0
2356,B,Ship,228,4,low,M,61,3583,4,3,1,Medium,0,High,1,2,0,1
2357,C,Ship,264,2,medium,M,33,2021,3,5,1,Medium,1,High,2,2,1,1
2358,F,Ship,267,3,low,F,42,2332,4,3,1,Medium,1,High,4,2,0,0
2359,D,Ship,213,2,low,M,22,3248,3,2,1,Medium,0,Medium,3,2,0,1
2360,F,Ship,181,3,medium,M,38,3258,4,1,1,Medium,0,High,4,2,1,1
2361,A,Ship,209,5,low,F,53,3169,6,4,1,Medium,0,High,0,2,0,0
2362,B,Ship,165,3,low,F,19,1111,3,2,1,Light,0,Medium,1,2,0,0
2363,C,Ship,164,3,high,F,55,1293,3,4,1,Light,0,High,2,2,2,0
2364,F,Ship,141,2,medium,M,14,1114,5,5,1,Light,0,Medium,4,2,1,1
2365,D,Ship,164,4,medium,M,2,1701,3,2,1,Light,0,Low,3,2,1,1
2366,F,Ship,178,2,medium,M,4,1778,3,3,1,Light,0,Low,4,2,1,1
2367,A,Ship,200,3,medium,M,24,2078,5,4,1,Medium,0,Medium,0,2,1,1
2368,B,Ship,185,2,low,F,47,3974,4,5,1,Medium,0,High,1,2,0,0
2369,C,Ship,180,2,medium,F,31,1078,2,1,1,Light,0,High,2,2,1,0
2370,F,Ship,144,3,low,M,9,1526,4,5,1,Light,0,Low,4,2,0,1
2371,D,Ship,161,4,low,F,14,1194,4,4,1,Light,0,Medium,3,2,0,0
2372,F,Ship,152,3,medium,M,25,1222,4,5,1,Light,0,Medium,4,2,1,1
2373,A,Ship,129,3,low,M,50,1111,2,3,1,Light,0,High,0,2,0,1
2374,B,Ship,140,3,medium,F,16,1969,5,2,1,Light,0,Medium,1,2,1,0
2375,C,Ship,270,4,medium,F,64,3312,4,1,1,Medium,1,High,2,2,1,0
2376,F,Ship,183,3,medium,F,25,2023,3,2,1,Medium,0,Medium,4,2,1,0
2377,D,Ship,264,3,low,F,39,3719,4,1,1,Medium,1,High,3,2,0,0
2378,F,Ship,167,4,medium,M,49,1973,3,2,1,Light,0,High,4,2,1,1
2379,A,Ship,219,3,low,M,14,2447,5,1,1,Medium,0,Medium,0,2,0,1
2380,B,Ship,225,3,low,M,52,3189,4,2,1,Medium,0,High,1,2,0,1
2381,C,Ship,228,3,low,F,53,2021,4,1,1,Medium,0,High,2,2,0,0
2382,F,Ship,119,3,medium,M,7,1021,3,5,1,Light,0,Low,4,2,1,1
2383,D,Ship,244,3,low,F,8,3154,3,5,1,Medium,0,Low,3,2,0,0
2384,F,Ship,163,5,low,M,29,1349,4,3,1,Light,0,Medium,4,2,0,1
2385,A,Ship,260,3,medium,M,59,3951,4,5,1,Medium,1,High,0,2,1,1
2386,B,Ship,135,2,medium,F,53,1073,4,3,1,Light,0,High,1,2,1,0
2387,C,Ship,167,3,medium,F,7,1939,5,2,1,Light,0,Low,2,2,1,0
2388,F,Ship,233,3,medium,F,14,2522,4,4,1,Medium,0,Medium,4,2,1,0
2389,D,Ship,147,2,medium,F,19,1940,4,5,1,Light,0,Medium,3,2,1,0
2390,F,Ship,159,2,low,F,17,1686,2,4,1,Light,0,Medium,4,2,0,0
2391,A,Ship,139,3,medium,M,5,1674,4,2,1,Light,0,Low,0,2,1,1
2392,B,Ship,200,2,low,F,44,2651,3,1,1,Medium,0,High,1,2,0,0
2393,C,Ship,221,3,low,F,3,2546,4,1,1,Medium,0,Low,2,2,0,0
2394,F,Ship,158,3,low,M,18,1036,4,3,1,Light,0,Medium,4,2,0,1
2395,D,Ship,227,3,low,M,65,3984,4,5,1,Medium,0,High,3,2,0,1
2396,F,Ship,179,3,medium,F,12,1125,3,3,1,Light,0,Medium,4,2,1,0
2397,A,Ship,232,3,low,F,64,3131,3,2,1,Medium,0,High,0,2,0,0
2398,B,Ship,139,2,low,M,9,1177,3,3,1,Light,0,Low,1,2,0,1
2399,C,Ship,195,2,medium,M,21,3869,6,3,1,Medium,0,Medium,2,2,1,1
2400,F,Ship,276,6,medium,M,7,2437,6,2,1,Medium,1,Low,4,2,1,1
2401,D,Ship,171,3,medium,F,13,1101,2,5,1,Light,0,Medium,3,2,1,0
2402,F,Ship,259,3,medium,F,43,2685,5,4,1,Medium,1,High,4,2,1,0
2403,A,Ship,123,4,medium,F,7,1596,3,2,1,Light,0,Low,0,2,1,0
2404,B,Ship,199,4,low,F,47,2208,3,2,1,Medium,0,High,1,2,0,0
2405,C,Ship,226,2,low,F,32,2912,4,3,1,Medium,0,High,2,2,0,0
2406,F,Ship,149,3,medium,F,54,1506,4,2,1,Light,0,High,4,2,1,0
2407,D,Ship,115,3,medium,M,60,1122,3,5,1,Light,0,High,3,2,1,1
2408,F,Ship,243,2,medium,M,26,2719,3,2,1,Medium,0,Medium,4,2,1,1
2409,A,Ship,136,6,medium,M,58,1479,2,4,1,Light,0,High,0,2,1,1
2410,B,Ship,180,2,low,F,6,1811,3,2,1,Light,0,Low,1,2,0,0
2411,C,Ship,274,4,medium,M,57,3332,4,1,1,Medium,1,High,2,2,1,1
2412,F,Ship,233,6,medium,M,48,3341,6,5,1,Medium,0,High,4,2,1,1
2413,D,Ship,254,2,medium,F,2,3239,3,2,1,Medium,1,Low,3,2,1,0
2414,F,Ship,153,3,high,F,3,1347,4,5,1,Light,0,Low,4,2,2,0
2415,A,Ship,175,5,medium,F,64,1860,6,3,1,Light,0,High,0,2,1,0
2416,B,Ship,207,2,low,F,35,2184,5,2,1,Medium,0,High,1,2,0,0
2417,C,Ship,153,2,low,F,6,1314,3,1,1,Light,0,Low,2,2,0,0
2418,F,Ship,228,2,medium,M,65,3943,3,4,1,Medium,0,High,4,2,1,1
2419,D,Ship,96,2,low,F,50,1186,5,2,1,Light,0,High,3,2,0,0
2420,F,Ship,241,3,high,M,39,3798,4,4,1,Medium,0,High,4,2,2,1
2421,A,Ship,249,5,high,F,28,2846,5,2,1,Medium,0,Medium,0,2,2,0
2422,B,Ship,188,5,low,M,25,3992,3,3,1,Medium,0,Medium,1,2,0,1
2423,C,Ship,154,2,high,F,4,1009,3,2,1,Light,0,Low,2,2,2,0
2424,F,Ship,226,2,high,M,53,3154,4,4,1,Medium,0,High,4,2,2,1
2425,D,Ship,250,2,low,F,14,2064,5,3,1,Medium,0,Medium,3,2,0,0
2426,F,Ship,150,2,medium,F,46,1431,3,1,1,Light,0,High,4,2,1,0
2427,A,Ship,267,2,low,F,16,2913,3,5,1,Medium,1,Medium,0,2,0,0
2428,B,Ship,223,3,low,M,35,2715,4,3,1,Medium,0,High,1,2,0,1
2429,C,Ship,192,3,medium,F,41,3873,4,5,1,Medium,0,High,2,2,1,0
2430,F,Ship,143,3,low,F,58,1785,3,2,1,Light,0,High,4,2,0,0
2431,D,Ship,113,2,low,F,19,1660,3,5,1,Light,0,Medium,3,2,0,0
2432,F,Ship,135,3,medium,M,39,1549,4,1,1,Light,0,High,4,2,1,1
2433,A,Ship,189,4,high,F,56,2646,4,4,1,Medium,0,High,0,2,2,0
2434,B,Ship,245,3,medium,M,13,3775,3,2,1,Medium,0,Medium,1,2,1,1
2435,C,Ship,181,2,low,M,29,2217,3,5,1,Medium,0,Medium,2,2,0,1
2436,F,Ship,207,2,medium,F,37,2460,3,2,1,Medium,0,High,4,2,1,0
2437,D,Ship,169,2,medium,F,19,1183,3,1,1,Light,0,Medium,3,2,1,0
2438,F,Ship,206,3,low,F,65,2598,4,5,1,Medium,0,High,4,2,0,0
2439,A,Ship,117,3,low,M,44,1192,2,5,1,Light,0,High,0,2,0,1
2440,B,Road,115,3,high,M,42,1247,2,1,1,Light,0,High,1,1,2,1
2441,C,Road,149,3,low,F,63,1196,3,3,1,Light,0,High,2,1,0,0
2442,F,Road,133,3,medium,M,3,1403,4,5,1,Light,0,Low,4,1,1,1
2443,D,Road,271,2,medium,M,22,2595,4,3,1,Medium,1,Medium,3,1,1,1
2444,F,Road,116,3,low,F,3,1688,2,5,1,Light,0,Low,4,1,0,0
2445,A,Road,139,2,medium,M,64,1857,3,5,1,Light,0,High,0,1,1,1
2446,B,Road,216,3,medium,M,35,2567,4,3,1,Medium,0,High,1,1,1,1
2447,C,Road,165,2,high,F,37,1234,3,5,1,Light,0,High,2,1,2,0
2448,F,Road,286,4,low,F,31,3774,6,5,1,Medium,1,High,4,1,0,0
2449,D,Road,136,3,medium,F,13,1446,5,3,1,Light,0,Medium,3,1,1,0
2450,F,Road,225,4,low,M,48,2767,4,5,1,Medium,0,High,4,1,0,1
2451,A,Road,163,3,low,F,27,1639,4,2,1,Light,0,Medium,0,1,0,0
2452,B,Road,272,4,low,M,61,2857,4,3,1,Medium,1,High,1,1,0,1
2453,C,Road,135,2,high,M,24,1292,4,3,1,Light,0,Medium,2,1,2,1
2454,F,Road,184,3,low,F,64,3812,4,5,1,Medium,0,High,4,1,0,0
2455,D,Road,219,2,medium,F,28,2164,4,5,1,Medium,0,Medium,3,1,1,0
2456,F,Road,249,2,medium,M,53,2323,3,3,1,Medium,0,High,4,1,1,1
2457,A,Road,142,3,low,F,46,1694,2,3,1,Light,0,High,0,1,0,0
2458,B,Road,137,3,medium,M,47,1023,5,2,1,Light,0,High,1,1,1,1
2459,C,Road,168,3,low,M,37,1717,2,5,1,Light,0,High,2,1,0,1
2460,F,Road,165,3,medium,F,32,1798,5,5,1,Light,0,High,4,1,1,0
2461,D,Road,199,2,low,M,4,3553,3,3,1,Medium,0,Low,3,1,0,1
2462,F,Flight,246,3,low,M,27,3648,3,3,1,Medium,0,Medium,4,0,0,1
2463,A,Flight,224,4,medium,M,43,2336,5,2,1,Medium,0,High,0,0,1,1
2464,B,Flight,216,6,low,M,54,2075,5,5,1,Medium,0,High,1,0,0,1
2465,C,Flight,167,2,low,M,3,1140,5,3,1,Light,0,Low,2,0,0,1
2466,F,Flight,182,3,medium,M,14,3413,4,2,1,Medium,0,Medium,4,0,1,1
2467,D,Flight,126,3,medium,F,37,1697,6,1,1,Light,0,High,3,0,1,0
2468,F,Flight,170,3,medium,F,48,1299,5,1,1,Light,0,High,4,0,1,0
2469,A,Flight,148,3,medium,M,2,1805,4,2,1,Light,0,Low,0,0,1,1
2470,B,Flight,141,3,medium,M,61,1875,4,2,1,Light,0,High,1,0,1,1
2471,C,Flight,169,2,medium,F,14,1497,5,5,1,Light,0,Medium,2,0,1,0
2472,F,Flight,143,3,medium,M,12,1802,5,2,1,Light,0,Medium,4,0,1,1
2473,D,Flight,156,3,low,F,60,1553,4,5,1,Light,0,High,3,0,0,0
2474,F,Flight,241,4,medium,F,19,2193,5,1,1,Medium,0,Medium,4,0,1,0
2475,A,Flight,212,3,medium,F,13,2307,3,4,1,Medium,0,Medium,0,0,1,0
2476,B,Flight,265,3,medium,M,30,2293,5,3,1,Medium,1,Medium,1,0,1,1
2477,C,Flight,243,3,low,F,60,2980,3,4,1,Medium,0,High,2,0,0,0
2478,F,Flight,209,4,medium,M,15,3330,5,2,1,Medium,0,Medium,4,0,1,1
2479,D,Flight,229,3,medium,M,21,2688,4,5,1,Medium,0,Medium,3,0,1,1
2480,F,Flight,257,2,low,F,45,3496,3,1,1,Medium,1,High,4,0,0,0
2481,A,Flight,209,3,low,M,49,3893,5,5,1,Medium,0,High,0,0,0,1
2482,B,Flight,142,3,medium,M,23,1897,3,3,1,Light,0,Medium,1,0,1,1
2483,C,Flight,208,4,medium,M,12,3181,3,5,1,Medium,0,Medium,2,0,1,1
2484,F,Ship,167,6,low,F,15,1278,6,3,1,Light,0,Medium,4,2,0,0
2485,D,Ship,266,3,medium,M,16,2334,3,5,1,Medium,1,Medium,3,2,1,1
2486,F,Ship,210,2,medium,M,44,3382,5,3,1,Medium,0,High,4,2,1,1
2487,A,Ship,147,2,medium,F,49,1447,2,2,1,Light,0,High,0,2,1,0
2488,B,Ship,132,2,medium,M,8,1665,5,2,1,Light,0,Low,1,2,1,1
2489,C,Ship,269,3,medium,F,21,3716,3,4,1,Medium,1,Medium,2,2,1,0
2490,F,Ship,148,3,medium,F,48,1099,5,3,1,Light,0,High,4,2,1,0
2491,D,Ship,268,2,high,M,32,3675,4,5,1,Medium,1,High,3,2,2,1
2492,F,Ship,156,2,low,F,43,1301,3,5,1,Light,0,High,4,2,0,0
2493,A,Ship,222,4,low,M,63,3506,5,1,1,Medium,0,High,0,2,0,1
2494,B,Ship,151,3,high,F,31,1365,4,5,1,Light,0,High,1,2,2,0
2495,C,Ship,236,3,low,F,28,3652,3,3,1,Medium,0,Medium,2,2,0,0
2496,F,Ship,229,3,medium,F,12,3049,3,5,1,Medium,0,Medium,4,2,1,0
2497,D,Ship,261,3,low,M,42,2664,4,3,1,Medium,1,High,3,2,0,1
2498,F,Ship,229,4,low,M,6,3757,2,1,1,Medium,0,Low,4,2,0,1
2499,A,Ship,205,3,low,F,60,2317,4,5,1,Medium,0,High,0,2,0,0
2500,B,Ship,240,2,low,M,8,3883,3,4,1,Medium,0,Low,1,2,0,1
2501,C,Ship,209,6,low,F,59,2622,4,3,1,Medium,0,High,2,2,0,0
2502,F,Ship,252,2,low,M,35,2526,2,1,1,Medium,1,High,4,2,0,1
2503,D,Ship,140,2,medium,M,48,1102,3,4,1,Light,0,High,3,2,1,1
2504,F,Ship,156,2,low,F,57,1842,5,4,1,Light,0,High,4,2,0,0
2505,A,Ship,190,8,medium,M,33,3448,2,2,1,Medium,0,High,0,2,1,1
2506,B,Ship,138,6,medium,M,5,1853,3,4,1,Light,0,Low,1,2,1,1
2507,C,Ship,243,3,low,F,35,2899,5,4,1,Medium,0,High,2,2,0,0
2508,F,Ship,183,2,low,M,58,3027,3,1,1,Medium,0,High,4,2,0,1
2509,D,Ship,190,10,medium,M,26,3244,3,5,1,Medium,0,Medium,3,2,1,1
2510,F,Ship,235,2,low,M,27,2451,5,1,1,Medium,0,Medium,4,2,0,1
2511,A,Ship,143,6,medium,M,63,1953,3,2,1,Light,0,High,0,2,1,1
2512,B,Ship,176,2,medium,F,45,1470,3,1,1,Light,0,High,1,2,1,0
2513,C,Ship,178,3,low,F,39,1498,3,5,1,Light,0,High,2,2,0,0
2514,F,Ship,270,2,medium,F,59,3706,3,2,1,Medium,1,High,4,2,1,0
2515,D,Ship,141,2,low,M,7,1479,4,4,1,Light,0,Low,3,2,0,1
2516,F,Ship,220,3,medium,M,8,3342,4,3,1,Medium,0,Low,4,2,1,1
2517,A,Ship,264,3,medium,F,56,3482,5,5,1,Medium,1,High,0,2,1,0
2518,B,Ship,150,2,low,F,48,1256,3,5,1,Light,0,High,1,2,0,0
2519,C,Ship,175,3,medium,M,4,1519,3,4,1,Light,0,Low,2,2,1,1
2520,F,Ship,223,3,medium,F,19,3356,2,4,1,Medium,0,Medium,4,2,1,0
2521,D,Ship,162,10,high,M,12,1583,4,4,1,Light,0,Medium,3,2,2,1
2522,F,Ship,221,10,medium,M,42,2972,6,4,1,Medium,0,High,4,2,1,1
2523,A,Ship,216,3,low,M,40,2668,5,1,1,Medium,0,High,0,2,0,1
2524,B,Ship,133,10,medium,M,9,1724,5,5,1,Light,0,Low,1,2,1,1
2525,C,Ship,191,3,high,M,3,2353,4,2,1,Medium,0,Low,2,2,2,1
2526,F,Ship,156,3,low,M,39,1483,4,5,1,Light,0,High,4,2,0,1
2527,D,Ship,252,3,medium,F,30,2669,4,1,1,Medium,1,Medium,3,2,1,0
2528,F,Ship,198,3,low,M,2,3417,3,5,1,Medium,0,Low,4,2,0,1
2529,A,Ship,139,8,medium,M,21,1033,2,3,1,Light,0,Medium,0,2,1,1
2530,B,Ship,255,3,low,M,19,1551,2,1,1,Light,1,Medium,1,2,0,1
2531,C,Ship,141,2,low,F,23,1689,4,1,1,Light,0,Medium,2,2,0,0
2532,F,Ship,151,3,high,F,39,1458,4,1,1,Light,0,High,4,2,2,0
2533,D,Ship,236,3,low,F,54,3976,3,5,1,Medium,0,High,3,2,0,0
2534,F,Ship,229,3,medium,F,46,3223,3,4,1,Medium,0,High,4,2,1,0
2535,A,Ship,261,3,low,F,6,2787,4,3,1,Medium,1,Low,0,2,0,0
2536,B,Ship,229,4,low,F,11,3614,2,1,1,Medium,0,Medium,1,2,0,0
2537,C,Ship,205,3,low,F,58,2522,4,4,1,Medium,0,High,2,2,0,0
2538,F,Ship,240,2,low,F,33,3489,3,4,1,Medium,0,High,4,2,0,0
2539,D,Ship,209,6,low,M,62,3532,4,4,1,Medium,0,High,3,2,0,1
2540,F,Ship,252,2,low,F,21,2070,2,5,1,Medium,1,Medium,4,2,0,0
2541,A,Ship,140,2,medium,F,30,1547,3,3,1,Light,0,Medium,0,2,1,0
2542,B,Ship,156,2,low,M,1,1147,5,3,1,Light,0,Low,1,2,0,1
2543,C,Ship,190,8,medium,M,11,2976,2,5,1,Medium,0,Medium,2,2,1,1
2544,F,Ship,138,6,medium,M,49,1078,3,3,1,Light,0,High,4,2,1,1
2545,D,Ship,243,3,low,F,43,2866,5,4,1,Medium,0,High,3,2,0,0
2546,F,Ship,183,2,low,F,10,2621,3,5,1,Medium,0,Low,4,2,0,0
2547,A,Ship,190,10,medium,M,32,2931,3,5,1,Medium,0,High,0,2,1,1
2548,B,Ship,235,2,low,F,61,3451,5,2,1,Medium,0,High,1,2,0,0
2549,C,Ship,143,6,medium,M,2,1323,3,1,1,Light,0,Low,2,2,1,1
2550,F,Ship,176,2,medium,M,34,1856,3,3,1,Light,0,High,4,2,1,1
2551,D,Ship,178,3,low,F,11,1481,3,1,1,Light,0,Medium,3,2,0,0
2552,F,Ship,270,2,medium,F,46,2716,3,5,1,Medium,1,High,4,2,1,0
2553,A,Ship,141,2,low,M,10,1340,4,1,1,Light,0,Low,0,2,0,1
2554,B,Ship,220,3,medium,F,63,3109,4,5,1,Medium,0,High,1,2,1,0
2555,C,Ship,264,3,medium,F,23,2837,5,5,1,Medium,1,Medium,2,2,1,0
2556,F,Ship,150,2,low,M,29,1934,3,5,1,Light,0,Medium,4,2,0,1
2557,D,Ship,175,3,medium,F,32,1848,3,3,1,Light,0,High,3,2,1,0
2558,F,Ship,223,3,medium,M,35,3437,2,5,1,Medium,0,High,4,2,1,1
2559,A,Ship,162,10,high,M,25,1764,4,3,1,Light,0,Medium,0,2,2,1
2560,B,Ship,221,10,medium,F,13,2219,6,3,1,Medium,0,Medium,1,2,1,0
2561,C,Ship,216,3,low,F,5,3137,5,5,1,Medium,0,Low,2,2,0,0
2562,F,Ship,133,10,medium,M,53,1674,5,2,1,Light,0,High,4,2,1,1
2563,D,Ship,191,3,high,F,45,3714,4,3,1,Medium,0,High,3,2,2,0
2564,F,Ship,156,3,low,F,33,1836,4,5,1,Light,0,High,4,2,0,0
2565,A,Ship,252,3,medium,F,43,3273,4,2,1,Medium,1,High,0,2,1,0
2566,B,Ship,198,3,low,M,15,3250,3,2,1,Medium,0,Medium,1,2,0,1
2567,C,Ship,139,8,medium,F,62,1180,2,4,1,Light,0,High,2,2,1,0
2568,F,Ship,255,3,low,F,55,1663,2,4,1,Light,1,High,4,2,0,0
2569,D,Ship,141,2,low,F,8,1495,4,2,1,Light,0,Low,3,2,0,0
2570,F,Ship,263,2,medium,F,63,1254,5,2,1,Light,1,High,4,2,1,0
2571,A,Ship,179,3,medium,F,41,1892,3,3,1,Light,0,High,0,2,1,0
2572,B,Ship,212,4,low,M,21,1014,4,5,1,Light,0,Medium,1,2,0,1
2573,C,Ship,282,5,low,F,51,1362,2,1,1,Light,1,High,2,2,0,0
2574,F,Ship,165,3,medium,M,33,1500,3,5,1,Light,0,High,4,2,1,1
2575,D,Ship,189,2,medium,F,63,3474,4,1,1,Medium,0,High,3,2,1,0
2576,F,Ship,157,4,medium,M,60,1407,5,5,1,Light,0,High,4,2,1,1
2577,A,Road,167,3,low,M,14,1420,3,4,1,Light,0,Medium,0,1,0,1
2578,B,Road,175,2,low,M,42,1668,3,1,1,Light,0,High,1,1,0,1
2579,C,Road,150,2,medium,M,64,1777,3,4,1,Light,0,High,2,1,1,1
2580,F,Road,128,5,low,F,28,1247,4,2,1,Light,0,Medium,4,1,0,0
2581,D,Road,236,2,low,M,24,3679,5,2,1,Medium,0,Medium,3,1,0,1
2582,F,Road,162,2,medium,F,58,1708,4,3,1,Light,0,High,4,1,1,0
2583,A,Road,230,2,medium,F,48,3743,5,4,1,Medium,0,High,0,1,1,0
2584,B,Road,225,4,low,F,60,2130,5,3,1,Medium,0,High,1,1,0,0
2585,C,Road,285,2,medium,F,16,2223,2,2,1,Medium,1,Medium,2,1,1,0
2586,F,Road,246,2,medium,M,31,2415,4,5,1,Medium,0,High,4,1,1,1
2587,D,Road,196,2,low,F,6,2718,4,4,1,Medium,0,Low,3,1,0,0
2588,F,Road,211,6,low,M,33,3955,5,4,1,Medium,0,High,4,1,0,1
2589,A,Road,197,2,low,M,4,3621,3,1,1,Medium,0,Low,0,1,0,1
2590,B,Road,203,2,low,F,37,3531,5,3,1,Medium,0,High,1,1,0,0
2591,C,Road,161,3,medium,F,10,1928,4,2,1,Light,0,Low,2,1,1,0
2592,F,Road,266,4,medium,M,62,2201,5,5,1,Medium,1,High,4,1,1,1
2593,D,Road,190,3,low,F,32,2774,4,1,1,Medium,0,High,3,1,0,0
2594,F,Road,140,3,low,F,42,1465,3,2,1,Light,0,High,4,1,0,0
2595,A,Road,274,4,medium,M,61,3402,4,1,1,Medium,1,High,0,1,1,1
2596,B,Road,168,3,low,M,59,1717,4,2,1,Light,0,High,1,1,0,1
2597,C,Road,189,3,low,F,61,2203,3,5,1,Medium,0,High,2,1,0,0
2598,F,Road,231,3,low,F,56,2714,3,2,1,Medium,0,High,4,1,0,0
2599,D,Flight,189,3,medium,F,14,3318,5,1,1,Medium,0,Medium,3,0,1,0
2600,F,Flight,220,2,medium,M,38,2368,4,1,1,Medium,0,High,4,0,1,1
2601,A,Flight,190,2,medium,F,23,3960,5,4,1,Medium,0,Medium,0,0,1,0
2602,B,Flight,238,3,low,M,30,3423,4,2,1,Medium,0,Medium,1,0,0,1
2603,C,Flight,220,2,medium,F,33,2897,4,4,1,Medium,0,High,2,0,1,0
2604,F,Flight,194,2,high,M,44,2651,4,5,1,Medium,0,High,4,0,2,1
2605,D,Flight,203,3,medium,M,29,3261,3,3,1,Medium,0,Medium,3,0,1,1
2606,F,Flight,258,3,low,M,21,3446,3,5,1,Medium,1,Medium,4,0,0,1
2607,A,Flight,151,3,low,M,3,1273,3,5,1,Light,0,Low,0,0,0,1
2608,B,Flight,218,3,medium,F,52,2149,3,2,1,Medium,0,High,1,0,1,0
2609,C,Flight,265,3,medium,M,6,2452,5,1,1,Medium,1,Low,2,0,1,1
2610,F,Flight,157,3,medium,M,31,1712,4,1,1,Light,0,High,4,0,1,1
2611,D,Flight,214,3,medium,F,20,2009,4,2,1,Medium,0,Medium,3,0,1,0
2612,F,Flight,221,4,medium,M,14,2932,4,4,1,Medium,0,Medium,4,0,1,1
2613,A,Flight,149,2,medium,M,37,1699,3,2,1,Light,0,High,0,0,1,1
2614,B,Flight,273,5,medium,F,6,2126,4,2,1,Medium,1,Low,1,0,1,0
2615,C,Flight,253,5,low,M,31,3836,5,1,1,Medium,1,High,2,0,0,1
2616,F,Flight,102,6,medium,M,3,1341,3,5,1,Light,0,Low,4,0,1,1
2617,D,Flight,258,2,low,F,56,3186,4,1,1,Medium,1,High,3,0,0,0
2618,F,Flight,273,2,low,F,9,3383,4,2,1,Medium,1,Low,4,0,0,0
2619,A,Flight,187,2,low,M,54,2191,4,2,1,Medium,0,High,0,0,0,1
2620,B,Flight,151,2,medium,F,30,1377,5,1,1,Light,0,Medium,1,0,1,0
2621,C,Ship,120,2,medium,M,13,1240,2,4,1,Light,0,Medium,2,2,1,1
2622,F,Ship,254,2,low,M,56,3463,3,1,1,Medium,1,High,4,2,0,1
2623,D,Ship,149,3,medium,F,43,1005,5,3,1,Light,0,High,3,2,1,0
2624,F,Ship,152,3,high,M,26,1464,4,1,1,Light,0,Medium,4,2,2,1
2625,A,Ship,187,3,low,F,53,3172,5,4,1,Medium,0,High,0,2,0,0
2626,B,Ship,170,2,low,M,34,1512,4,4,1,Light,0,High,1,2,0,1
2627,C,Ship,156,3,high,F,20,1305,3,3,1,Light,0,Medium,2,2,2,0
2628,F,Ship,228,2,low,M,63,3401,4,5,1,Medium,0,High,4,2,0,1
2629,D,Ship,272,2,low,M,51,2719,3,1,1,Medium,1,High,3,2,0,1
2630,F,Ship,140,2,low,F,6,1435,3,1,1,Light,0,Low,4,2,0,0
2631,A,Ship,185,2,medium,M,27,3624,3,5,1,Medium,0,Medium,0,2,1,1
2632,B,Ship,167,3,low,F,5,1772,5,3,1,Light,0,Low,1,2,0,0
2633,C,Ship,244,3,low,F,49,3914,4,5,1,Medium,0,High,2,2,0,0
2634,F,Ship,229,6,medium,F,33,2815,3,4,1,Medium,0,High,4,2,1,0
2635,D,Ship,273,3,medium,F,25,3717,4,1,1,Medium,1,Medium,3,2,1,0
2636,F,Ship,204,3,low,M,30,3774,4,3,1,Medium,0,Medium,4,2,0,1
2637,A,Ship,154,3,medium,M,10,1711,4,3,1,Light,0,Low,0,2,1,1
2638,B,Ship,254,4,low,F,33,2542,3,1,1,Medium,1,High,1,2,0,0
2639,C,Ship,151,3,low,M,40,1173,3,2,1,Light,0,High,2,2,0,1
2640,F,Ship,242,5,medium,F,61,3688,3,5,1,Medium,0,High,4,2,1,0
2641,D,Ship,137,2,medium,F,14,1796,4,5,1,Light,0,Medium,3,2,1,0
2642,F,Ship,163,2,low,F,41,1634,4,4,1,Light,0,High,4,2,0,0
2643,A,Ship,143,3,medium,F,16,1343,3,3,1,Light,0,Medium,0,2,1,0
2644,B,Ship,196,3,low,F,11,3244,4,4,1,Medium,0,Medium,1,2,0,0
2645,C,Ship,264,2,low,F,38,3877,4,3,1,Medium,1,High,2,2,0,0
2646,F,Ship,217,3,medium,M,2,2692,4,1,1,Medium,0,Low,4,2,1,1
2647,D,Ship,124,3,medium,M,59,1959,3,3,1,Light,0,High,3,2,1,1
2648,F,Ship,269,3,low,M,61,3542,3,1,1,Medium,1,High,4,2,0,1
2649,A,Ship,135,4,medium,M,47,1840,3,1,1,Light,0,High,0,2,1,1
2650,B,Ship,192,3,high,M,46,3206,2,1,1,Medium,0,High,1,2,2,1
2651,C,Ship,274,4,medium,F,42,2430,4,1,1,Medium,1,High,2,2,1,0
2652,F,Ship,162,4,low,M,25,1316,3,2,1,Light,0,Medium,4,2,0,1
2653,D,Ship,158,3,low,F,20,1431,3,3,1,Light,0,Medium,3,2,0,0
2654,F,Ship,225,3,medium,M,59,2270,5,3,1,Medium,0,High,4,2,1,1
2655,A,Ship,150,3,low,F,16,1738,2,5,1,Light,0,Medium,0,2,0,0
2656,B,Ship,154,5,medium,F,57,1117,6,3,1,Light,0,High,1,2,1,0
2657,C,Ship,181,3,medium,M,34,3306,3,1,1,Medium,0,High,2,2,1,1
2658,F,Ship,272,3,low,M,44,2548,3,4,1,Medium,1,High,4,2,0,1
2659,D,Ship,160,4,medium,M,58,1496,3,3,1,Light,0,High,3,2,1,1
2660,F,Ship,145,3,medium,F,37,1993,5,5,1,Light,0,High,4,2,1,0
2661,A,Ship,143,5,high,F,5,1027,4,4,1,Light,0,Low,0,2,2,0
2662,B,Ship,201,4,medium,M,59,2925,4,1,1,Medium,0,High,1,2,1,1
2663,C,Ship,242,4,low,M,62,3997,4,3,1,Medium,0,High,2,2,0,1
2664,F,Ship,151,2,low,F,38,1001,4,4,1,Light,0,High,4,2,0,0
2665,D,Ship,199,2,medium,M,25,3705,4,4,1,Medium,0,Medium,3,2,1,1
2666,F,Ship,178,3,medium,M,9,1006,4,1,1,Light,0,Low,4,2,1,1
2667,A,Ship,138,3,low,M,49,1923,3,2,1,Light,0,High,0,2,0,1
2668,B,Ship,162,4,medium,M,38,1407,5,3,1,Light,0,High,1,2,1,1
2669,C,Ship,154,3,low,M,33,1101,4,3,1,Light,0,High,2,2,0,1
2670,F,Ship,206,2,medium,F,56,2069,3,1,1,Medium,0,High,4,2,1,0
2671,D,Ship,246,2,low,F,4,3617,5,2,1,Medium,0,Low,3,2,0,0
2672,F,Ship,233,2,medium,F,47,3606,4,3,1,Medium,0,High,4,2,1,0
2673,A,Ship,251,4,medium,F,33,2906,4,1,1,Medium,1,High,0,2,1,0
2674,B,Ship,165,3,medium,M,61,1313,3,1,1,Light,0,High,1,2,1,1
2675,C,Ship,183,2,low,F,32,3709,4,3,1,Medium,0,High,2,2,0,0
2676,F,Ship,109,3,low,F,30,1597,3,2,1,Light,0,Medium,4,2,0,0
2677,D,Ship,209,4,medium,F,7,2675,5,3,1,Medium,0,Low,3,2,1,0
2678,F,Ship,168,3,low,F,50,1486,5,2,1,Light,0,High,4,2,0,0
2679,A,Ship,210,2,low,M,19,3920,5,3,1,Medium,0,Medium,0,2,0,1
2680,B,Ship,185,2,low,F,41,3787,3,1,1,Medium,0,High,1,2,0,0
2681,C,Ship,243,2,medium,M,58,2758,5,2,1,Medium,0,High,2,2,1,1
2682,F,Ship,258,3,low,F,55,2777,3,4,1,Medium,1,High,4,2,0,0
2683,D,Ship,279,5,medium,F,56,2697,4,4,1,Medium,1,High,3,2,1,0
2684,F,Ship,160,3,low,M,57,1833,3,1,1,Light,0,High,4,2,0,1
2685,A,Ship,185,4,low,F,35,3648,3,1,1,Medium,0,High,0,2,0,0
2686,B,Ship,271,4,low,F,24,3499,4,3,1,Medium,1,Medium,1,2,0,0
2687,C,Ship,273,2,low,F,31,2229,4,2,1,Medium,1,High,2,2,0,0
2688,F,Ship,208,3,medium,F,23,2100,3,4,1,Medium,0,Medium,4,2,1,0
2689,D,Ship,137,3,low,F,20,1823,2,2,1,Light,0,Medium,3,2,0,0
2690,F,Ship,198,3,medium,F,56,3135,4,1,1,Medium,0,High,4,2,1,0
2691,A,Ship,236,4,high,F,64,3231,5,1,1,Medium,0,High,0,2,2,0
2692,B,Ship,133,2,low,F,18,1134,5,5,1,Light,0,Medium,1,2,0,0
2693,C,Ship,191,3,medium,F,12,3676,4,2,1,Medium,0,Medium,2,2,1,0
2694,F,Ship,202,3,low,F,51,3551,3,1,1,Medium,0,High,4,2,0,0
2695,D,Ship,162,5,low,F,47,1727,5,1,1,Light,0,High,3,2,0,0
2696,F,Ship,224,2,low,F,14,2959,5,1,1,Medium,0,Medium,4,2,0,0
2697,A,Ship,191,2,high,M,65,3082,4,2,1,Medium,0,High,0,2,2,1
2698,B,Ship,272,2,medium,M,31,2438,3,5,1,Medium,1,High,1,2,1,1
2699,C,Ship,269,3,low,F,7,2538,4,3,1,Medium,1,Low,2,2,0,0
2700,F,Ship,179,3,high,F,30,1076,4,2,1,Light,0,Medium,4,2,2,0
2701,D,Ship,225,2,low,F,56,2596,3,5,1,Medium,0,High,3,2,0,0
2702,F,Ship,132,2,medium,M,6,1185,3,2,1,Light,0,Low,4,2,1,1
2703,A,Ship,244,3,low,F,52,3118,5,3,1,Medium,0,High,0,2,0,0
2704,B,Ship,185,2,low,F,62,2849,3,4,1,Medium,0,High,1,2,0,0
2705,C,Ship,257,3,low,M,64,3103,3,3,1,Medium,1,High,2,2,0,1
2706,F,Ship,253,5,low,F,63,3788,3,3,1,Medium,1,High,4,2,0,0
2707,D,Ship,174,3,low,F,5,1502,4,3,1,Light,0,Low,3,2,0,0
2708,F,Ship,200,3,medium,M,34,2199,2,1,1,Medium,0,High,4,2,1,1
2709,A,Ship,150,3,medium,F,8,1745,3,1,1,Light,0,Low,0,2,1,0
2710,B,Ship,137,3,medium,F,9,1347,3,2,1,Light,0,Low,1,2,1,0
2711,C,Ship,181,3,medium,M,29,2981,3,1,1,Medium,0,Medium,2,2,1,1
2712,F,Ship,246,2,medium,M,13,2652,5,2,1,Medium,0,Medium,4,2,1,1
2713,D,Ship,237,5,low,M,48,2057,3,3,1,Medium,0,High,3,2,0,1
2714,F,Road,226,3,medium,M,55,2465,3,5,1,Medium,0,High,4,1,1,1
2715,A,Road,225,3,low,M,51,2892,4,4,1,Medium,0,High,0,1,0,1
2716,B,Road,268,2,low,M,20,2731,3,2,1,Medium,1,Medium,1,1,0,1
2717,C,Road,146,3,low,M,41,1140,4,3,1,Light,0,High,2,1,0,1
2718,F,Road,159,3,low,M,2,1048,4,5,1,Light,0,Low,4,1,0,1
2719,D,Road,135,3,low,F,38,1829,3,1,1,Light,0,High,3,1,0,0
2720,F,Road,134,2,medium,F,45,1946,3,2,1,Light,0,High,4,1,1,0
2721,A,Road,210,3,low,M,3,2742,4,3,1,Medium,0,Low,0,1,0,1
2722,B,Road,238,3,low,F,13,2042,4,4,1,Medium,0,Medium,1,1,0,0
2723,C,Road,214,4,low,M,34,3446,4,3,1,Medium,0,High,2,1,0,1
2724,F,Road,204,4,low,F,35,2725,4,2,1,Medium,0,High,4,1,0,0
2725,D,Road,227,3,low,M,5,3100,4,1,1,Medium,0,Low,3,1,0,1
2726,F,Road,253,3,high,F,18,2849,4,3,1,Medium,1,Medium,4,1,2,0
2727,A,Road,126,4,high,F,3,1364,2,3,1,Light,0,Low,0,1,2,0
2728,B,Road,208,2,high,F,20,2759,4,4,1,Medium,0,Medium,1,1,2,0
2729,C,Road,179,3,low,M,48,1943,4,4,1,Light,0,High,2,1,0,1
2730,F,Road,132,2,medium,M,62,1909,3,1,1,Light,0,High,4,1,1,1
2731,D,Road,144,3,low,M,56,1496,3,4,1,Light,0,High,3,1,0,1
2732,F,Road,236,2,medium,F,58,3360,3,3,1,Medium,0,High,4,1,1,0
2733,A,Road,235,3,low,F,17,3715,4,4,1,Medium,0,Medium,0,1,0,0
2734,B,Road,254,3,low,M,29,3885,4,5,1,Medium,1,Medium,1,1,0,1
2735,C,Road,144,5,medium,M,43,1027,3,2,1,Light,0,High,2,1,1,1
2736,F,Flight,272,3,medium,M,27,2415,5,1,1,Medium,1,Medium,4,0,1,1
2737,D,Flight,191,4,medium,F,17,3675,3,3,1,Medium,0,Medium,3,0,1,0
2738,F,Flight,177,4,medium,M,60,1159,5,3,1,Light,0,High,4,0,1,1
2739,A,Flight,226,3,low,F,46,3149,5,4,1,Medium,0,High,0,0,0,0
2740,B,Flight,132,2,medium,M,12,1493,3,4,1,Light,0,Medium,1,0,1,1
2741,C,Flight,121,5,low,F,60,1577,3,1,1,Light,0,High,2,0,0,0
2742,F,Flight,171,3,low,F,40,1021,4,2,1,Light,0,High,4,0,0,0
2743,D,Flight,178,3,high,M,12,1900,3,3,1,Light,0,Medium,3,0,2,1
2744,F,Flight,132,4,medium,M,10,1767,4,3,1,Light,0,Low,4,0,1,1
2745,A,Flight,249,5,medium,M,43,3078,6,4,1,Medium,0,High,0,0,1,1
2746,B,Flight,159,3,medium,M,47,1547,2,4,1,Light,0,High,1,0,1,1
2747,C,Flight,171,3,high,M,34,1029,5,2,1,Light,0,High,2,0,2,1
2748,F,Flight,150,3,low,M,6,1775,3,3,1,Light,0,Low,4,0,0,1
2749,D,Flight,178,3,low,F,1,1165,4,4,1,Light,0,Low,3,0,0,0
2750,F,Flight,192,7,high,F,25,2152,3,3,1,Medium,0,Medium,4,0,2,0
2751,A,Flight,214,8,high,M,50,3628,3,5,1,Medium,0,High,0,0,2,1
2752,B,Flight,225,7,medium,F,45,3162,5,3,1,Medium,0,High,1,0,1,0
2753,C,Flight,167,7,medium,F,23,1691,5,4,1,Light,0,Medium,2,0,1,0
2754,F,Flight,245,4,medium,M,4,2769,3,5,1,Medium,0,Low,4,0,1,1
2755,D,Flight,138,7,medium,M,60,1366,4,5,1,Light,0,High,3,0,1,1
2756,F,Flight,173,3,medium,F,64,1847,4,4,1,Light,0,High,4,0,1,0
2757,A,Flight,98,3,medium,F,48,1635,3,5,1,Light,0,High,0,0,1,0
2758,B,Ship,231,2,low,M,44,3688,3,1,1,Medium,0,High,1,2,0,1
2759,C,Ship,149,7,medium,F,50,1346,5,5,1,Light,0,High,2,2,1,0
2760,F,Ship,206,3,medium,M,28,2892,3,1,1,Medium,0,Medium,4,2,1,1
2761,D,Ship,264,10,medium,F,34,3441,5,3,1,Medium,1,High,3,2,1,0
2762,F,Ship,193,2,medium,F,23,2728,3,1,1,Medium,0,Medium,4,2,1,0
2763,A,Ship,263,2,medium,F,4,1092,5,1,1,Light,1,Low,0,2,1,0
2764,B,Ship,191,4,medium,F,16,2277,3,2,1,Medium,0,Medium,1,2,1,0
2765,C,Ship,177,4,medium,M,48,1920,5,4,1,Light,0,High,2,2,1,1
2766,F,Ship,226,3,low,M,50,2348,5,5,1,Medium,0,High,4,2,0,1
2767,D,Ship,132,2,medium,F,16,1731,3,1,1,Light,0,Medium,3,2,1,0
2768,F,Ship,121,5,low,M,62,1505,3,1,1,Light,0,High,4,2,0,1
2769,A,Ship,171,3,low,M,34,1352,4,2,1,Light,0,High,0,2,0,1
2770,B,Ship,178,3,high,M,43,1517,3,3,1,Light,0,High,1,2,2,1
2771,C,Ship,132,4,medium,F,44,1692,4,4,1,Light,0,High,2,2,1,0
2772,F,Ship,249,5,medium,M,26,3897,6,5,1,Medium,0,Medium,4,2,1,1
2773,D,Ship,159,3,medium,F,39,1477,2,3,1,Light,0,High,3,2,1,0
2774,F,Ship,171,3,high,M,14,1554,5,5,1,Light,0,Medium,4,2,2,1
2775,A,Ship,150,3,low,F,43,1831,3,1,1,Light,0,High,0,2,0,0
2776,B,Ship,178,3,low,M,19,1906,4,1,1,Light,0,Medium,1,2,0,1
2777,C,Ship,192,7,high,F,36,3634,3,3,1,Medium,0,High,2,2,2,0
2778,F,Ship,214,8,high,F,6,2924,3,4,1,Medium,0,Low,4,2,2,0
2779,D,Ship,225,7,medium,F,17,3516,5,3,1,Medium,0,Medium,3,2,1,0
2780,F,Ship,167,7,medium,F,43,1619,5,4,1,Light,0,High,4,2,1,0
2781,A,Ship,245,4,medium,M,60,2178,3,2,1,Medium,0,High,0,2,1,1
2782,B,Ship,138,7,medium,M,65,1530,4,4,1,Light,0,High,1,2,1,1
2783,C,Ship,173,3,medium,F,61,1609,4,4,1,Light,0,High,2,2,1,0
2784,F,Ship,98,3,medium,F,60,1057,3,2,1,Light,0,High,4,2,1,0
2785,D,Ship,231,2,low,M,24,3811,3,1,1,Medium,0,Medium,3,2,0,1
2786,F,Ship,149,7,medium,F,51,1425,5,3,1,Light,0,High,4,2,1,0
2787,A,Ship,206,3,medium,M,21,3746,3,5,1,Medium,0,Medium,0,2,1,1
2788,B,Ship,264,10,medium,F,34,2960,5,4,1,Medium,1,High,1,2,1,0
2789,C,Ship,193,2,medium,F,12,3730,3,5,1,Medium,0,Medium,2,2,1,0
2790,F,Ship,263,2,medium,F,51,1657,5,2,1,Light,1,High,4,2,1,0
2791,D,Ship,282,5,low,M,63,1173,2,5,1,Light,1,High,3,2,0,1
2792,F,Ship,193,3,low,M,55,2758,5,4,1,Medium,0,High,4,2,0,1
2793,A,Ship,171,3,medium,F,11,1594,4,4,1,Light,0,Medium,0,2,1,0
2794,B,Ship,212,3,low,F,19,2703,3,5,1,Medium,0,Medium,1,2,0,0
2795,C,Ship,159,2,low,F,44,1213,2,1,1,Light,0,High,2,2,0,0
2796,F,Ship,102,4,medium,M,57,1220,3,2,1,Light,0,High,4,2,1,1
2797,D,Ship,145,2,medium,F,29,1690,3,2,1,Light,0,Medium,3,2,1,0
2798,F,Ship,225,2,high,F,43,2585,3,1,1,Medium,0,High,4,2,2,0
2799,A,Ship,174,3,medium,F,12,1358,2,1,1,Light,0,Medium,0,2,1,0
2800,B,Ship,223,4,low,F,25,3148,4,3,1,Medium,0,Medium,1,2,0,0
2801,C,Ship,185,2,low,F,36,3501,3,5,1,Medium,0,High,2,2,0,0
2802,F,Ship,245,3,medium,M,6,2717,4,5,1,Medium,0,Low,4,2,1,1
2803,D,Ship,99,3,high,M,63,1223,3,3,1,Light,0,High,3,2,2,1
2804,F,Ship,141,4,low,F,35,1417,3,3,1,Light,0,High,4,2,0,0
2805,A,Ship,222,2,medium,F,16,2518,4,2,1,Medium,0,Medium,0,2,1,0
2806,B,Ship,192,3,medium,F,64,3233,3,2,1,Medium,0,High,1,2,1,0
2807,C,Ship,187,4,medium,M,42,3621,3,1,1,Medium,0,High,2,2,1,1
2808,F,Ship,216,2,low,F,26,2431,4,2,1,Medium,0,Medium,4,2,0,0
2809,D,Ship,146,4,low,M,13,1790,3,2,1,Light,0,Medium,3,2,0,1
2810,F,Ship,207,2,low,M,20,3419,3,2,1,Medium,0,Medium,4,2,0,1
2811,A,Ship,225,2,low,F,6,2010,4,2,1,Medium,0,Low,0,2,0,0
2812,B,Ship,230,2,medium,F,15,2302,3,4,1,Medium,0,Medium,1,2,1,0
2813,C,Ship,173,3,medium,F,37,1990,3,2,1,Light,0,High,2,2,1,0
2814,F,Ship,127,4,high,M,54,1239,4,4,1,Light,0,High,4,2,2,1
2815,D,Ship,214,2,low,M,28,3869,3,3,1,Medium,0,Medium,3,2,0,1
2816,F,Ship,161,3,low,M,59,1454,4,1,1,Light,0,High,4,2,0,1
2817,A,Ship,262,2,low,F,37,3523,4,2,1,Medium,1,High,0,2,0,0
2818,B,Ship,157,3,low,M,1,1798,5,2,1,Light,0,Low,1,2,0,1
2819,C,Ship,164,3,medium,F,9,1803,3,1,1,Light,0,Low,2,2,1,0
2820,F,Ship,174,2,low,F,11,1577,4,4,1,Light,0,Medium,4,2,0,0
2821,D,Ship,188,4,medium,M,39,2424,2,2,1,Medium,0,High,3,2,1,1
2822,F,Ship,141,2,low,F,4,1297,3,1,1,Light,0,Low,4,2,0,0
2823,A,Ship,134,2,medium,M,64,1785,5,5,1,Light,0,High,0,2,1,1
2824,B,Ship,147,2,medium,F,65,1738,2,4,1,Light,0,High,1,2,1,0
2825,C,Ship,180,3,medium,M,27,1551,4,1,1,Light,0,Medium,2,2,1,1
2826,F,Ship,225,2,medium,M,55,2259,3,3,1,Medium,0,High,4,2,1,1
2827,D,Ship,172,3,medium,F,11,1522,2,3,1,Light,0,Medium,3,2,1,0
2828,F,Ship,131,5,medium,F,5,1718,6,2,1,Light,0,Low,4,2,1,0
2829,A,Ship,270,4,low,M,47,3487,3,1,1,Medium,1,High,0,2,0,1
2830,B,Ship,172,3,low,M,56,1103,3,4,1,Light,0,High,1,2,0,1
2831,C,Ship,198,3,medium,M,33,2129,4,5,1,Medium,0,High,2,2,1,1
2832,F,Ship,167,3,low,M,21,1637,4,2,1,Light,0,Medium,4,2,0,1
2833,D,Ship,168,5,medium,F,1,1885,2,2,1,Light,0,Low,3,2,1,0
2834,F,Ship,165,4,medium,F,34,1831,4,1,1,Light,0,High,4,2,1,0
2835,A,Ship,149,6,medium,M,40,1974,4,5,1,Light,0,High,0,2,1,1
2836,B,Ship,186,3,low,M,24,3262,3,3,1,Medium,0,Medium,1,2,0,1
2837,C,Ship,151,2,low,F,47,1682,4,1,1,Light,0,High,2,2,0,0
2838,F,Ship,146,3,medium,F,30,1569,3,5,1,Light,0,Medium,4,2,1,0
2839,D,Ship,232,2,low,M,54,2526,4,5,1,Medium,0,High,3,2,0,1
2840,F,Ship,177,2,low,F,22,1698,4,1,1,Light,0,Medium,4,2,0,0
2841,A,Ship,149,2,medium,F,19,1665,4,4,1,Light,0,Medium,0,2,1,0
2842,B,Ship,180,3,low,M,3,1518,4,2,1,Light,0,Low,1,2,0,1
2843,C,Ship,172,2,medium,F,40,1446,5,5,1,Light,0,High,2,2,1,0
2844,F,Ship,160,3,medium,M,44,1054,5,2,1,Light,0,High,4,2,1,1
2845,D,Ship,206,2,medium,F,28,2822,3,2,1,Medium,0,Medium,3,2,1,0
2846,F,Ship,146,3,low,F,9,1685,4,5,1,Light,0,Low,4,2,0,0
2847,A,Ship,257,2,low,F,24,2130,2,1,1,Medium,1,Medium,0,2,0,0
2848,B,Ship,219,3,medium,M,27,3430,5,5,1,Medium,0,Medium,1,2,1,1
2849,C,Ship,274,2,medium,M,55,3416,4,2,1,Medium,1,High,2,2,1,1
2850,F,Ship,177,5,low,M,36,1249,2,2,1,Light,0,High,4,2,0,1
2851,D,Road,209,2,medium,M,57,3741,4,3,1,Medium,0,High,3,1,1,1
2852,F,Road,207,2,low,M,2,3242,4,1,1,Medium,0,Low,4,1,0,1
2853,A,Road,153,3,low,F,27,1613,4,4,1,Light,0,Medium,0,1,0,0
2854,B,Road,158,3,low,F,61,1507,4,4,1,Light,0,High,1,1,0,0
2855,C,Road,261,2,medium,F,52,3340,3,4,1,Medium,1,High,2,1,1,0
2856,F,Road,182,6,low,M,41,2047,4,1,1,Medium,0,High,4,1,0,1
2857,D,Road,128,2,medium,F,53,1530,2,3,1,Light,0,High,3,1,1,0
2858,F,Road,178,3,low,M,6,1184,2,1,1,Light,0,Low,4,1,0,1
2859,A,Road,198,3,low,M,37,2555,2,4,1,Medium,0,High,0,1,0,1
2860,B,Road,137,3,medium,M,46,1299,4,3,1,Light,0,High,1,1,1,1
2861,C,Road,168,2,low,F,41,1515,4,1,1,Light,0,High,2,1,0,0
2862,F,Road,248,4,low,F,36,3276,3,3,1,Medium,0,High,4,1,0,0
2863,D,Road,225,3,medium,F,29,2411,5,2,1,Medium,0,Medium,3,1,1,0
2864,F,Road,239,2,low,M,35,2107,5,4,1,Medium,0,High,4,1,0,1
2865,A,Road,256,3,low,F,43,3658,5,4,1,Medium,1,High,0,1,0,0
2866,B,Road,109,2,high,M,23,1479,5,1,1,Light,0,Medium,1,1,2,1
2867,C,Road,274,2,medium,F,59,3436,3,3,1,Medium,1,High,2,1,1,0
2868,F,Road,157,4,low,F,65,1951,5,4,1,Light,0,High,4,1,0,0
2869,D,Road,125,3,medium,F,12,1212,3,2,1,Light,0,Medium,3,1,1,0
2870,F,Road,203,2,low,F,20,2421,4,5,1,Medium,0,Medium,4,1,0,0
2871,A,Road,120,3,low,F,55,1534,3,3,1,Light,0,High,0,1,0,0
2872,B,Road,194,4,medium,F,21,2695,3,5,1,Medium,0,Medium,1,1,1,0
2873,C,Flight,257,4,high,M,58,2269,4,2,1,Medium,1,High,2,0,2,1
2874,F,Flight,233,2,medium,M,39,2291,4,4,1,Medium,0,High,4,0,1,1
2875,D,Flight,193,2,low,F,1,2775,5,2,1,Medium,0,Low,3,0,0,0
2876,F,Flight,202,6,low,F,34,2936,5,3,1,Medium,0,High,4,0,0,0
2877,A,Flight,270,3,low,M,30,2720,4,5,1,Medium,1,Medium,0,0,0,1
2878,B,Flight,240,3,medium,F,12,2723,5,5,1,Medium,0,Medium,1,0,1,0
2879,C,Flight,224,3,medium,M,63,2085,3,2,1,Medium,0,High,2,0,1,1
2880,F,Flight,195,2,medium,M,19,2878,4,1,1,Medium,0,Medium,4,0,1,1
2881,D,Flight,165,3,medium,M,47,1639,3,2,1,Light,0,High,3,0,1,1
2882,F,Flight,164,2,medium,F,3,1124,4,1,1,Light,0,Low,4,0,1,0
2883,A,Flight,105,3,low,M,58,1304,3,1,1,Light,0,High,0,0,0,1
2884,B,Flight,248,3,low,M,9,2616,3,1,1,Medium,0,Low,1,0,0,1
2885,C,Flight,269,6,medium,M,62,3950,4,3,1,Medium,1,High,2,0,1,1
2886,F,Flight,253,3,low,M,36,2591,4,1,1,Medium,1,High,4,0,0,1
2887,D,Flight,231,4,medium,F,60,3755,3,1,1,Medium,0,High,3,0,1,0
2888,F,Flight,164,2,low,F,39,1532,3,1,1,Light,0,High,4,0,0,0
2889,A,Flight,176,3,medium,M,14,1705,3,3,1,Light,0,Medium,0,0,1,1
2890,B,Flight,149,3,medium,M,17,1990,4,3,1,Light,0,Medium,1,0,1,1
2891,C,Flight,187,5,medium,M,16,3781,4,5,1,Medium,0,Medium,2,0,1,1
2892,F,Flight,150,2,low,M,53,1319,3,2,1,Light,0,High,4,0,0,1
2893,D,Flight,190,3,medium,M,18,2715,3,2,1,Medium,0,Medium,3,0,1,1
2894,F,Flight,226,3,low,M,42,3077,4,1,1,Medium,0,High,4,0,0,1
2895,A,Ship,98,2,low,F,32,1539,3,4,1,Light,0,High,0,2,0,0
2896,B,Ship,152,2,medium,F,6,1800,3,5,1,Light,0,Low,1,2,1,0
2897,C,Ship,173,2,medium,M,34,1575,2,2,1,Light,0,High,2,2,1,1
2898,F,Ship,160,2,high,F,65,1861,4,1,1,Light,0,High,4,2,2,0
2899,D,Ship,180,3,low,M,22,1261,4,2,1,Light,0,Medium,3,2,0,1
2900,F,Ship,175,2,medium,F,12,1817,3,2,1,Light,0,Medium,4,2,1,0
2901,A,Ship,274,3,low,M,6,2986,3,3,1,Medium,1,Low,0,2,0,1
2902,B,Ship,216,4,low,M,4,2263,4,1,1,Medium,0,Low,1,2,0,1
2903,C,Ship,283,2,low,F,18,3077,6,2,1,Medium,1,Medium,2,2,0,0
2904,F,Ship,192,3,high,F,19,2944,6,4,1,Medium,0,Medium,4,2,2,0
2905,D,Ship,236,4,medium,F,43,2584,3,4,1,Medium,0,High,3,2,1,0
2906,F,Ship,232,3,high,M,46,2835,4,2,1,Medium,0,High,4,2,2,1
2907,A,Ship,204,4,low,F,20,3135,2,3,1,Medium,0,Medium,0,2,0,0
2908,B,Ship,138,2,medium,F,46,1436,3,2,1,Light,0,High,1,2,1,0
2909,C,Ship,154,2,low,M,29,1016,3,4,1,Light,0,Medium,2,2,0,1
2910,F,Ship,244,2,low,M,17,3125,4,3,1,Medium,0,Medium,4,2,0,1
2911,D,Ship,144,3,medium,F,48,1867,3,2,1,Light,0,High,3,2,1,0
2912,F,Ship,274,3,medium,M,19,3076,3,4,1,Medium,1,Medium,4,2,1,1
2913,A,Ship,182,3,low,F,54,3972,3,2,1,Medium,0,High,0,2,0,0
2914,B,Ship,250,5,low,F,53,3352,6,1,1,Medium,0,High,1,2,0,0
2915,C,Ship,207,2,medium,F,14,2945,4,4,1,Medium,0,Medium,2,2,1,0
2916,F,Ship,242,3,high,M,54,3011,3,4,1,Medium,0,High,4,2,2,1
2917,D,Ship,154,2,low,M,37,1671,5,1,1,Light,0,High,3,2,0,1
2918,F,Ship,176,3,medium,M,53,1472,4,4,1,Light,0,High,4,2,1,1
2919,A,Ship,252,3,low,M,18,3701,3,5,1,Medium,1,Medium,0,2,0,1
2920,B,Ship,147,3,medium,M,32,1666,4,1,1,Light,0,High,1,2,1,1
2921,C,Ship,157,4,low,M,1,1306,5,3,1,Light,0,Low,2,2,0,1
2922,F,Ship,257,2,medium,M,37,3517,3,1,1,Medium,1,High,4,2,1,1
2923,D,Ship,172,3,medium,F,6,1261,4,3,1,Light,0,Low,3,2,1,0
2924,F,Ship,134,3,high,F,22,1629,4,3,1,Light,0,Medium,4,2,2,0
2925,A,Ship,152,4,low,F,48,1212,2,2,1,Light,0,High,0,2,0,0
2926,B,Ship,161,3,low,F,57,1918,3,1,1,Light,0,High,1,2,0,0
2927,C,Ship,269,3,low,M,47,3033,3,1,1,Medium,1,High,2,2,0,1
2928,F,Ship,164,2,medium,M,64,1689,2,3,1,Light,0,High,4,2,1,1
2929,D,Ship,114,6,medium,F,60,1746,5,3,1,Light,0,High,3,2,1,0
2930,F,Ship,213,6,low,M,7,2709,6,5,1,Medium,0,Low,4,2,0,1
2931,A,Ship,255,3,medium,F,60,2777,4,4,1,Medium,1,High,0,2,1,0
2932,B,Ship,135,3,medium,F,28,1329,3,3,1,Light,0,Medium,1,2,1,0
2933,C,Ship,155,3,medium,F,7,1434,3,2,1,Light,0,Low,2,2,1,0
2934,F,Ship,273,4,medium,F,32,2532,6,3,1,Medium,1,High,4,2,1,0
2935,D,Ship,135,3,low,F,15,1008,4,3,1,Light,0,Medium,3,2,0,0
2936,F,Ship,170,3,low,M,29,1188,4,4,1,Light,0,Medium,4,2,0,1
2937,A,Ship,138,5,medium,F,15,1181,6,4,1,Light,0,Medium,0,2,1,0
2938,B,Ship,213,4,low,M,53,3502,3,2,1,Medium,0,High,1,2,0,1
2939,C,Ship,156,5,high,F,55,1619,4,5,1,Light,0,High,2,2,2,0
2940,F,Ship,139,2,low,M,47,1241,3,1,1,Light,0,High,4,2,0,1
2941,D,Ship,263,3,medium,M,6,2715,3,1,1,Medium,1,Low,3,2,1,1
2942,F,Ship,160,4,low,F,53,1850,2,3,1,Light,0,High,4,2,0,0
2943,A,Ship,148,2,low,M,39,1402,3,3,1,Light,0,High,0,2,0,1
2944,B,Ship,259,3,high,M,45,3761,4,3,1,Medium,1,High,1,2,2,1
2945,C,Ship,273,3,low,F,60,3384,5,4,1,Medium,1,High,2,2,0,0
2946,F,Ship,212,3,medium,F,9,2521,3,2,1,Medium,0,Low,4,2,1,0
2947,D,Ship,144,6,low,F,46,1110,3,5,1,Light,0,High,3,2,0,0
2948,F,Ship,193,3,medium,M,64,2867,2,2,1,Medium,0,High,4,2,1,1
2949,A,Ship,198,3,low,F,44,3706,5,2,1,Medium,0,High,0,2,0,0
2950,B,Ship,207,4,low,F,45,3770,3,5,1,Medium,0,High,1,2,0,0
2951,C,Ship,236,4,low,F,10,2030,6,1,1,Medium,0,Low,2,2,0,0
2952,F,Ship,165,3,low,M,7,1702,4,2,1,Light,0,Low,4,2,0,1
2953,D,Ship,162,3,low,M,3,1693,3,3,1,Light,0,Low,3,2,0,1
2954,F,Ship,184,3,low,F,63,3609,4,2,1,Medium,0,High,4,2,0,0
2955,A,Ship,145,2,medium,M,48,1834,5,5,1,Light,0,High,0,2,1,1
2956,B,Ship,228,2,medium,M,27,3473,3,3,1,Medium,0,Medium,1,2,1,1
2957,C,Ship,213,2,high,M,12,2522,5,5,1,Medium,0,Medium,2,2,2,1
2958,F,Ship,146,3,medium,F,1,1162,2,2,1,Light,0,Low,4,2,1,0
2959,D,Ship,220,3,high,F,39,2459,4,2,1,Medium,0,High,3,2,2,0
2960,F,Ship,231,3,medium,F,49,3441,3,4,1,Medium,0,High,4,2,1,0
2961,A,Ship,212,8,low,F,56,3337,3,4,1,Medium,0,High,0,2,0,0
2962,B,Ship,202,3,low,F,48,2213,4,3,1,Medium,0,High,1,2,0,0
2963,C,Ship,208,8,low,M,39,2905,5,5,1,Medium,0,High,2,2,0,1
2964,F,Ship,200,3,low,M,46,2460,3,3,1,Medium,0,High,4,2,0,1
2965,D,Ship,250,3,low,F,37,2736,3,2,1,Medium,0,High,3,2,0,0
2966,F,Ship,126,2,low,F,29,1192,3,5,1,Light,0,Medium,4,2,0,0
2967,A,Ship,222,4,medium,F,42,2762,4,1,1,Medium,0,High,0,2,1,0
2968,B,Ship,236,4,low,F,61,3140,6,2,1,Medium,0,High,1,2,0,0
2969,C,Ship,165,3,low,M,4,1484,4,3,1,Light,0,Low,2,2,0,1
2970,F,Ship,162,3,low,M,17,1700,3,4,1,Light,0,Medium,4,2,0,1
2971,D,Ship,184,3,low,F,37,3436,4,3,1,Medium,0,High,3,2,0,0
2972,F,Ship,145,2,medium,M,6,1965,5,3,1,Light,0,Low,4,2,1,1
2973,A,Ship,228,2,medium,M,46,3306,3,4,1,Medium,0,High,0,2,1,1
2974,B,Ship,213,2,high,F,27,2581,5,3,1,Medium,0,Medium,1,2,2,0
2975,C,Ship,146,3,medium,M,18,1289,2,3,1,Light,0,Medium,2,2,1,1
2976,F,Ship,220,3,high,M,2,3886,4,1,1,Medium,0,Low,4,2,2,1
2977,D,Ship,231,3,medium,M,39,3792,3,4,1,Medium,0,High,3,2,1,1
2978,F,Ship,212,8,low,F,34,2750,3,4,1,Medium,0,High,4,2,0,0
2979,A,Ship,202,3,low,F,38,2651,4,5,1,Medium,0,High,0,2,0,0
2980,B,Ship,208,8,low,M,62,3450,5,2,1,Medium,0,High,1,2,0,1
2981,C,Ship,200,3,low,M,4,3791,3,3,1,Medium,0,Low,2,2,0,1
2982,F,Ship,250,3,low,F,8,3617,3,1,1,Medium,0,Low,4,2,0,0
2983,D,Ship,126,2,low,F,63,1141,3,5,1,Light,0,High,3,2,0,0
2984,F,Ship,222,4,medium,M,49,3697,4,3,1,Medium,0,High,4,2,1,1
2985,A,Ship,273,6,low,M,6,1771,3,3,1,Light,1,Low,0,2,0,1
2986,B,Ship,161,4,medium,F,20,1338,6,5,1,Light,0,Medium,1,2,1,0
2987,C,Ship,236,3,medium,F,10,1347,5,1,1,Light,0,Low,2,2,1,0
2988,F,Road,281,5,medium,F,8,1864,6,3,1,Light,1,Low,4,1,1,0
2989,D,Road,168,4,low,M,7,1298,5,3,1,Light,0,Low,3,1,0,1
2990,F,Road,206,4,low,M,62,1137,5,1,1,Light,0,High,4,1,0,1
2991,A,Road,144,4,high,M,5,1294,4,1,1,Light,0,Low,0,1,2,1
2992,B,Road,239,5,medium,F,19,2988,5,3,1,Medium,0,Medium,1,1,1,0
2993,C,Road,129,3,medium,F,52,1513,3,5,1,Light,0,High,2,1,1,0
2994,F,Road,201,4,medium,M,46,3498,4,5,1,Medium,0,High,4,1,1,1
2995,D,Road,160,3,medium,M,55,1911,5,5,1,Light,0,High,3,1,1,1
2996,F,Road,130,6,low,F,60,1971,6,5,1,Light,0,High,4,1,0,0
2997,A,Road,132,4,medium,M,58,1067,3,1,1,Light,0,High,0,1,1,1
2998,B,Road,185,4,medium,F,36,2583,4,2,1,Medium,0,High,1,1,1,0
2999,C,Road,271,4,low,F,4,2718,5,1,1,Medium,1,Low,2,1,0,0
3000,F,Road,168,2,medium,M,20,1539,5,2,1,Light,0,Medium,4,1,1,1
3001,D,Road,154,3,medium,F,50,1389,5,5,1,Light,0,High,3,1,1,0
3002,F,Road,203,3,low,M,4,3114,3,3,1,Medium,0,Low,4,1,0,1
3003,A,Road,274,3,low,M,4,2087,3,1,1,Medium,1,Low,0,1,0,1
3004,B,Road,280,4,low,F,19,3298,5,4,1,Medium,1,Medium,1,1,0,0
3005,C,Road,196,2,low,M,51,3151,4,5,1,Medium,0,High,2,1,0,1
3006,F,Road,159,3,medium,F,63,1675,5,2,1,Light,0,High,4,1,1,0
3007,D,Road,269,3,medium,M,15,2522,5,4,1,Medium,1,Medium,3,1,1,1
3008,F,Road,161,3,low,F,52,1199,4,3,1,Light,0,High,4,1,0,0
3009,A,Road,159,2,medium,F,44,1806,3,1,1,Light,0,High,0,1,1,0
3010,B,Flight,147,6,medium,F,21,1145,5,4,1,Light,0,Medium,1,0,1,0
3011,C,Flight,214,2,medium,F,4,3754,3,3,1,Medium,0,Low,2,0,1,0
3012,F,Flight,157,4,medium,F,12,1038,4,5,1,Light,0,Medium,4,0,1,0
3013,D,Flight,147,2,medium,M,19,1936,5,5,1,Light,0,Medium,3,0,1,1
3014,F,Flight,182,3,medium,F,11,3545,5,4,1,Medium,0,Medium,4,0,1,0
3015,A,Flight,188,2,low,F,12,2711,3,5,1,Medium,0,Medium,0,0,0,0
3016,B,Flight,104,2,low,M,1,1021,3,1,1,Light,0,Low,1,0,0,1
3017,C,Flight,195,3,low,M,55,2641,5,5,1,Medium,0,High,2,0,0,1
3018,F,Flight,235,2,high,M,64,2107,4,1,1,Medium,0,High,4,0,2,1
3019,D,Flight,219,2,medium,F,21,3830,4,5,1,Medium,0,Medium,3,0,1,0
3020,F,Flight,253,2,low,F,36,3389,4,5,1,Medium,1,High,4,0,0,0
3021,A,Flight,253,4,medium,F,57,2489,3,3,1,Medium,1,High,0,0,1,0
3022,B,Flight,167,3,low,M,42,1197,4,1,1,Light,0,High,1,0,0,1
3023,C,Flight,211,2,low,F,39,2520,4,2,1,Medium,0,High,2,0,0,0
3024,F,Flight,155,3,medium,M,4,1548,3,4,1,Light,0,Low,4,0,1,1
3025,D,Flight,231,4,medium,F,23,2455,6,1,1,Medium,0,Medium,3,0,1,0
3026,F,Flight,182,4,low,M,61,3063,5,4,1,Medium,0,High,4,0,0,1
3027,A,Flight,212,2,medium,M,56,3547,3,5,1,Medium,0,High,0,0,1,1
3028,B,Flight,107,3,high,F,13,1861,3,1,1,Light,0,Medium,1,0,2,0
3029,C,Flight,172,4,high,F,61,1161,5,2,1,Light,0,High,2,0,2,0
3030,F,Flight,224,3,low,M,40,2180,3,2,1,Medium,0,High,4,0,0,1
3031,D,Flight,209,3,high,F,37,3650,3,4,1,Medium,0,High,3,0,2,0
3032,F,Ship,268,2,medium,M,46,3076,4,5,1,Medium,1,High,4,2,1,1
3033,A,Ship,141,4,low,M,9,1909,3,2,1,Light,0,Low,0,2,0,1
3034,B,Ship,260,2,low,M,17,3068,4,4,1,Medium,1,Medium,1,2,0,1
3035,C,Ship,151,4,medium,M,10,1441,5,4,1,Light,0,Low,2,2,1,1
3036,F,Ship,184,2,medium,M,27,3276,5,2,1,Medium,0,Medium,4,2,1,1
3037,D,Ship,270,3,high,M,52,3908,5,1,1,Medium,1,High,3,2,2,1
3038,F,Ship,135,2,medium,F,20,1908,5,4,1,Light,0,Medium,4,2,1,0
3039,A,Ship,276,4,low,F,3,3889,4,3,1,Medium,1,Low,0,2,0,0
3040,B,Ship,177,3,medium,M,23,1142,4,4,1,Light,0,Medium,1,2,1,1
3041,C,Ship,149,3,medium,F,64,1920,3,2,1,Light,0,High,2,2,1,0
3042,F,Ship,220,4,low,M,19,3602,4,3,1,Medium,0,Medium,4,2,0,1
3043,D,Ship,267,3,low,F,53,3742,4,5,1,Medium,1,High,3,2,0,0
3044,F,Ship,274,3,medium,F,50,3958,3,2,1,Medium,1,High,4,2,1,0
3045,A,Ship,243,3,low,M,10,3327,4,4,1,Medium,0,Low,0,2,0,1
3046,B,Ship,166,2,low,M,44,1647,5,1,1,Light,0,High,1,2,0,1
3047,C,Ship,225,3,medium,M,1,2049,5,2,1,Medium,0,Low,2,2,1,1
3048,F,Ship,138,2,medium,F,40,1117,3,3,1,Light,0,High,4,2,1,0
3049,D,Ship,141,4,medium,F,38,1599,4,3,1,Light,0,High,3,2,1,0
3050,F,Ship,271,4,medium,F,16,2693,3,4,1,Medium,1,Medium,4,2,1,0
3051,A,Ship,243,3,medium,F,35,2374,6,5,1,Medium,0,High,0,2,1,0
3052,B,Ship,231,3,medium,M,53,2333,3,3,1,Medium,0,High,1,2,1,1
3053,C,Ship,168,3,low,M,34,1779,5,4,1,Light,0,High,2,2,0,1
3054,F,Ship,264,2,low,F,61,2025,5,3,1,Medium,1,High,4,2,0,0
3055,D,Ship,233,3,medium,M,26,2624,4,3,1,Medium,0,Medium,3,2,1,1
3056,F,Ship,247,5,medium,F,17,3630,4,2,1,Medium,0,Medium,4,2,1,0
3057,A,Ship,176,3,low,F,4,1095,3,4,1,Light,0,Low,0,2,0,0
3058,B,Ship,257,4,medium,M,31,2040,5,5,1,Medium,1,High,1,2,1,1
3059,C,Ship,147,4,low,M,18,1613,3,1,1,Light,0,Medium,2,2,0,1
3060,F,Ship,195,2,low,F,6,3936,5,5,1,Medium,0,Low,4,2,0,0
3061,D,Ship,153,2,medium,F,57,1264,2,4,1,Light,0,High,3,2,1,0
3062,F,Ship,237,4,low,M,28,3903,3,5,1,Medium,0,Medium,4,2,0,1
3063,A,Ship,217,5,low,F,7,3725,6,4,1,Medium,0,Low,0,2,0,0
3064,B,Ship,140,4,medium,M,48,1322,5,1,1,Light,0,High,1,2,1,1
3065,C,Ship,164,4,medium,M,2,1439,2,5,1,Light,0,Low,2,2,1,1
3066,F,Ship,243,3,medium,F,27,2052,3,3,1,Medium,0,Medium,4,2,1,0
3067,D,Ship,158,3,high,M,41,1137,3,4,1,Light,0,High,3,2,2,1
3068,F,Ship,180,4,high,M,10,1200,5,5,1,Light,0,Low,4,2,2,1
3069,A,Ship,139,3,low,M,64,1814,4,3,1,Light,0,High,0,2,0,1
3070,B,Ship,162,2,medium,M,8,1386,4,4,1,Light,0,Low,1,2,1,1
3071,C,Ship,206,4,low,M,18,3104,5,3,1,Medium,0,Medium,2,2,0,1
3072,F,Ship,238,2,low,M,19,2196,3,2,1,Medium,0,Medium,4,2,0,1
3073,D,Ship,254,2,medium,M,4,3297,5,3,1,Medium,1,Low,3,2,1,1
3074,F,Ship,270,3,medium,M,38,3669,5,3,1,Medium,1,High,4,2,1,1
3075,A,Ship,255,2,low,M,18,3732,3,2,1,Medium,1,Medium,0,2,0,1
3076,B,Ship,182,2,low,F,13,3332,4,4,1,Medium,0,Medium,1,2,0,0
3077,C,Ship,149,2,medium,M,7,1145,3,3,1,Light,0,Low,2,2,1,1
3078,F,Ship,221,5,medium,M,22,3075,4,1,1,Medium,0,Medium,4,2,1,1
3079,D,Ship,135,2,low,M,60,1026,4,5,1,Light,0,High,3,2,0,1
3080,F,Ship,188,2,low,F,14,2074,3,1,1,Medium,0,Medium,4,2,0,0
3081,A,Ship,194,3,low,M,47,2256,5,5,1,Medium,0,High,0,2,0,1
3082,B,Ship,134,2,medium,F,29,1010,4,3,1,Light,0,Medium,1,2,1,0
3083,C,Ship,210,2,medium,M,29,3142,3,4,1,Medium,0,Medium,2,2,1,1
3084,F,Ship,169,2,low,M,22,1322,4,2,1,Light,0,Medium,4,2,0,1
3085,D,Ship,147,2,low,F,52,1040,3,3,1,Light,0,High,3,2,0,0
3086,F,Ship,213,3,low,F,21,3585,4,1,1,Medium,0,Medium,4,2,0,0
3087,A,Ship,223,2,low,M,64,3595,3,2,1,Medium,0,High,0,2,0,1
3088,B,Ship,233,2,medium,F,60,2671,4,1,1,Medium,0,High,1,2,1,0
3089,C,Ship,218,2,high,M,1,2990,4,2,1,Medium,0,Low,2,2,2,1
3090,F,Ship,219,3,medium,M,27,3684,4,5,1,Medium,0,Medium,4,2,1,1
3091,D,Ship,145,2,low,F,44,1212,3,2,1,Light,0,High,3,2,0,0
3092,F,Ship,257,3,low,M,44,3370,3,3,1,Medium,1,High,4,2,0,1
3093,A,Ship,238,6,medium,F,59,3375,3,1,1,Medium,0,High,0,2,1,0
3094,B,Ship,145,6,low,M,32,1673,4,1,1,Light,0,High,1,2,0,1
3095,C,Ship,243,3,low,F,36,2111,4,4,1,Medium,0,High,2,2,0,0
3096,F,Ship,179,2,low,M,18,1369,4,4,1,Light,0,Medium,4,2,0,1
3097,D,Ship,188,2,high,M,25,2033,2,3,1,Medium,0,Medium,3,2,2,1
3098,F,Ship,168,3,medium,M,53,1782,4,4,1,Light,0,High,4,2,1,1
3099,A,Ship,157,4,low,M,58,1252,5,4,1,Light,0,High,0,2,0,1
3100,B,Ship,172,3,low,M,32,1943,3,4,1,Light,0,High,1,2,0,1
3101,C,Ship,195,3,low,M,37,3690,5,1,1,Medium,0,High,2,2,0,1
3102,F,Ship,225,3,low,F,59,3488,3,2,1,Medium,0,High,4,2,0,0
3103,D,Ship,227,2,medium,F,24,2749,3,3,1,Medium,0,Medium,3,2,1,0
3104,F,Ship,159,3,low,M,46,1857,3,5,1,Light,0,High,4,2,0,1
3105,A,Ship,273,3,low,M,56,2633,2,2,1,Medium,1,High,0,2,0,1
3106,B,Ship,214,6,low,F,3,3234,5,2,1,Medium,0,Low,1,2,0,0
3107,C,Ship,175,3,medium,F,34,1005,4,2,1,Light,0,High,2,2,1,0
3108,F,Ship,213,2,low,F,39,2857,3,5,1,Medium,0,High,4,2,0,0
3109,D,Ship,190,4,medium,M,12,3115,4,3,1,Medium,0,Medium,3,2,1,1
3110,F,Ship,265,4,medium,F,40,2637,4,2,1,Medium,1,High,4,2,1,0
3111,A,Ship,146,4,low,M,12,1899,4,4,1,Light,0,Medium,0,2,0,1
3112,B,Ship,229,2,medium,F,44,2419,5,4,1,Medium,0,High,1,2,1,0
3113,C,Ship,195,3,medium,F,47,2439,3,5,1,Medium,0,High,2,2,1,0
3114,F,Ship,151,3,low,M,34,1652,2,5,1,Light,0,High,4,2,0,1
3115,D,Ship,217,3,low,M,1,3133,4,2,1,Medium,0,Low,3,2,0,1
3116,F,Ship,134,3,low,F,14,1716,4,4,1,Light,0,Medium,4,2,0,0
3117,A,Ship,195,2,low,F,42,3814,3,5,1,Medium,0,High,0,2,0,0
3118,B,Ship,142,4,low,M,29,1420,4,3,1,Light,0,Medium,1,2,0,1
3119,C,Ship,182,4,medium,M,1,3624,2,4,1,Medium,0,Low,2,2,1,1
3120,F,Ship,155,5,low,F,48,1043,4,2,1,Light,0,High,4,2,0,0
3121,D,Ship,238,2,medium,F,34,2726,3,5,1,Medium,0,High,3,2,1,0
3122,F,Ship,182,3,medium,F,49,3198,4,1,1,Medium,0,High,4,2,1,0
3123,A,Ship,237,4,medium,F,22,2231,4,1,1,Medium,0,Medium,0,2,1,0
3124,B,Ship,222,3,low,F,24,3503,4,4,1,Medium,0,Medium,1,2,0,0
3125,C,Road,177,2,medium,F,45,1664,5,4,1,Light,0,High,2,1,1,0
3126,F,Road,197,3,medium,F,41,3280,4,4,1,Medium,0,High,4,1,1,0
3127,D,Road,224,3,low,F,48,3672,3,1,1,Medium,0,High,3,1,0,0
3128,F,Road,193,2,low,M,19,3097,3,3,1,Medium,0,Medium,4,1,0,1
3129,A,Road,169,3,high,M,24,1740,3,1,1,Light,0,Medium,0,1,2,1
3130,B,Road,248,2,medium,F,15,2983,3,4,1,Medium,0,Medium,1,1,1,0
3131,C,Road,246,4,medium,M,50,3618,6,5,1,Medium,0,High,2,1,1,1
3132,F,Road,232,3,medium,M,55,2686,4,1,1,Medium,0,High,4,1,1,1
3133,D,Road,251,3,low,F,21,2476,3,5,1,Medium,1,Medium,3,1,0,0
3134,F,Road,163,3,medium,M,58,1443,3,4,1,Light,0,High,4,1,1,1
3135,A,Road,201,2,low,M,4,5916,6,4,1,Heavy,0,Low,0,1,0,1
3136,B,Road,141,3,medium,M,8,5031,6,5,0,Heavy,0,Low,1,1,1,1
3137,C,Road,219,3,low,M,4,5956,3,3,0,Heavy,0,Low,2,1,0,1
3138,F,Road,161,3,high,M,7,4245,4,3,0,Heavy,0,Low,4,1,2,1
3139,D,Road,225,4,medium,M,5,4622,4,5,0,Heavy,0,Low,3,1,1,1
3140,F,Road,277,3,medium,M,1,4186,5,3,1,Heavy,1,Low,4,1,1,1
3141,A,Road,256,4,medium,M,3,4732,3,3,0,Heavy,1,Low,0,1,1,1
3142,B,Road,153,5,low,F,1,4597,6,2,1,Heavy,0,Low,1,1,0,0
3143,C,Road,135,3,low,F,4,4651,4,4,1,Heavy,0,Low,2,1,0,0
3144,F,Road,253,3,medium,M,7,5085,3,3,0,Heavy,1,Low,4,1,1,1
3145,D,Road,139,3,low,M,5,5335,4,5,0,Heavy,0,Low,3,1,0,1
3146,F,Road,136,2,high,F,1,4971,3,5,0,Heavy,0,Low,4,1,2,0
3147,A,Flight,172,3,medium,M,7,4883,4,1,0,Heavy,0,Low,0,0,1,1
3148,B,Flight,272,3,high,F,6,4559,4,2,0,Heavy,1,Low,1,0,2,0
3149,C,Flight,207,3,high,M,1,5632,3,3,1,Heavy,0,Low,2,0,2,1
3150,F,Flight,134,3,low,M,4,5958,2,3,0,Heavy,0,Low,4,0,0,1
3151,D,Flight,238,8,medium,F,3,4943,3,3,0,Heavy,0,Low,3,0,1,0
3152,F,Flight,274,10,high,M,3,4167,2,4,1,Heavy,1,Low,4,0,2,1
3153,A,Flight,237,6,low,F,8,5695,4,2,0,Heavy,0,Low,0,0,0,0
3154,B,Flight,153,10,high,M,2,5455,3,2,0,Heavy,0,Low,1,0,2,1
3155,C,Flight,223,3,low,F,8,4974,4,1,1,Heavy,0,Low,2,0,0,0
3156,F,Flight,149,3,low,M,1,5040,3,4,1,Heavy,0,Low,4,0,0,1
3157,D,Flight,132,3,low,M,7,4013,3,5,1,Heavy,0,Low,3,0,0,1
3158,F,Flight,246,3,low,F,7,5616,4,2,0,Heavy,0,Low,4,0,0,0
3159,A,Flight,159,5,low,F,4,5547,4,2,1,Heavy,0,Low,0,0,0,0
3160,B,Flight,162,8,high,F,10,5429,3,1,0,Heavy,0,Low,1,0,2,0
3161,C,Flight,123,5,medium,F,5,4292,3,3,0,Heavy,0,Low,2,0,1,0
3162,F,Flight,231,7,high,F,9,5558,5,1,0,Heavy,0,Low,4,0,2,0
3163,D,Flight,213,10,medium,M,9,4862,3,1,0,Heavy,0,Low,3,0,1,1
3164,F,Flight,160,3,high,M,1,5834,5,2,0,Heavy,0,Low,4,0,2,1
3165,A,Flight,225,5,low,M,5,5060,4,4,1,Heavy,0,Low,0,0,0,1
3166,B,Flight,178,3,low,M,3,4811,3,1,0,Heavy,0,Low,1,0,0,1
3167,C,Flight,273,3,medium,M,5,5055,4,1,0,Heavy,1,Low,2,0,1,1
3168,F,Flight,129,3,high,M,9,4342,3,2,1,Heavy,0,Low,4,0,2,1
3169,D,Ship,273,6,low,F,9,1198,3,1,1,Light,1,Low,3,2,0,0
3170,F,Ship,161,4,medium,M,8,1247,6,3,0,Light,0,Low,4,2,1,1
3171,A,Ship,139,3,low,F,3,5824,4,5,1,Heavy,0,Low,0,2,0,0
3172,B,Ship,136,2,high,F,6,4002,3,2,1,Heavy,0,Low,1,2,2,0
3173,C,Ship,172,3,medium,F,1,4201,4,4,0,Heavy,0,Low,2,2,1,0
3174,F,Ship,272,3,high,M,7,5927,4,2,0,Heavy,1,Low,4,2,2,1
3175,D,Ship,207,3,high,F,3,4909,3,2,1,Heavy,0,Low,3,2,2,0
3176,F,Ship,134,3,low,M,6,4444,2,3,1,Heavy,0,Low,4,2,0,1
3177,A,Ship,238,8,medium,M,3,4388,3,2,1,Heavy,0,Low,0,2,1,1
3178,B,Ship,274,10,high,F,1,5622,2,1,0,Heavy,1,Low,1,2,2,0
3179,C,Ship,237,6,low,M,8,5588,4,3,0,Heavy,0,Low,2,2,0,1
3180,F,Ship,153,10,high,F,7,5305,3,2,0,Heavy,0,Low,4,2,2,0
3181,D,Ship,223,3,low,M,7,4026,4,2,1,Heavy,0,Low,3,2,0,1
3182,F,Ship,149,3,low,F,9,5412,3,5,0,Heavy,0,Low,4,2,0,0
3183,A,Ship,132,3,low,M,6,5721,3,3,1,Heavy,0,Low,0,2,0,1
3184,B,Ship,246,3,low,F,5,4710,4,3,0,Heavy,0,Low,1,2,0,0
3185,C,Ship,159,5,low,M,4,4666,4,3,1,Heavy,0,Low,2,2,0,1
3186,F,Ship,162,8,high,F,10,4842,3,3,0,Heavy,0,Low,4,2,2,0
3187,D,Ship,123,5,medium,F,10,4231,3,1,0,Heavy,0,Low,3,2,1,0
3188,F,Ship,231,7,high,M,6,5755,5,5,0,Heavy,0,Low,4,2,2,1
3189,A,Ship,213,10,medium,M,2,4847,3,3,0,Heavy,0,Low,0,2,1,1
3190,B,Ship,160,3,high,M,2,5141,5,1,1,Heavy,0,Low,1,2,2,1
3191,C,Ship,225,5,low,M,8,4195,4,3,0,Heavy,0,Low,2,2,0,1
3192,F,Ship,178,3,low,F,3,5540,3,5,0,Heavy,0,Low,4,2,0,0
3193,D,Ship,273,3,medium,M,2,4374,4,5,0,Heavy,1,Low,3,2,1,1
3194,F,Ship,129,3,high,M,7,5197,3,3,1,Heavy,0,Low,4,2,2,1
3195,A,Ship,273,6,low,M,1,1293,3,1,0,Light,1,Low,0,2,0,1
3196,B,Ship,161,4,medium,M,3,1747,6,4,1,Light,0,Low,1,2,1,1
3197,C,Ship,206,4,low,M,5,1149,5,2,0,Light,0,Low,2,2,0,1
3198,F,Ship,296,2,medium,M,1,1678,4,5,0,Light,1,Low,4,2,1,1
3199,D,Ship,249,5,medium,F,6,1887,3,2,0,Light,0,Low,3,2,1,0
3200,F,Ship,301,5,low,M,6,1931,4,4,0,Light,1,Low,4,2,0,1
3201,A,Ship,296,3,low,M,4,1991,4,3,0,Light,1,Low,0,2,0,1
3202,B,Ship,205,4,low,M,2,1648,3,5,0,Light,0,Low,1,2,0,1
3203,C,Ship,132,2,low,F,9,4355,3,3,1,Heavy,0,Low,2,2,0,0
3204,F,Ship,223,3,high,M,5,4282,4,2,0,Heavy,0,Low,4,2,2,1
3205,D,Ship,190,3,medium,F,2,4312,3,1,0,Heavy,0,Low,3,2,1,0
3206,F,Ship,194,3,low,F,1,4331,5,3,0,Heavy,0,Low,4,2,0,0
3207,A,Ship,176,2,medium,F,2,5138,2,4,0,Heavy,0,Low,0,2,1,0
3208,B,Ship,227,5,medium,F,8,4388,6,4,0,Heavy,0,Low,1,2,1,0
3209,C,Ship,149,2,low,M,9,5435,5,1,0,Heavy,0,Low,2,2,0,1
3210,F,Ship,173,2,low,M,7,5836,5,2,0,Heavy,0,Low,4,2,0,1
3211,D,Ship,181,2,low,F,6,5410,3,2,0,Heavy,0,Low,3,2,0,0
3212,F,Ship,251,2,low,M,4,4015,3,5,0,Heavy,1,Low,4,2,0,1
3213,A,Ship,243,3,low,F,2,4909,4,5,0,Heavy,0,Low,0,2,0,0
3214,B,Ship,210,3,low,M,10,4398,3,4,1,Heavy,0,Low,1,2,0,1
3215,C,Ship,145,4,medium,F,9,4028,5,2,0,Heavy,0,Low,2,2,1,0
3216,F,Ship,196,3,low,M,10,4546,3,1,0,Heavy,0,Low,4,2,0,1
3217,D,Ship,154,2,medium,M,5,5735,3,4,1,Heavy,0,Low,3,2,1,1
3218,F,Ship,164,4,low,M,6,4432,4,1,1,Heavy,0,Low,4,2,0,1
3219,A,Ship,210,3,medium,F,1,4379,4,2,1,Heavy,0,Low,0,2,1,0
3220,B,Ship,212,2,low,F,7,5219,5,3,0,Heavy,0,Low,1,2,0,0
3221,C,Ship,263,2,medium,M,9,4868,3,1,1,Heavy,1,Low,2,2,1,1
3222,F,Ship,155,2,low,M,3,5481,3,4,1,Heavy,0,Low,4,2,0,1
3223,D,Ship,223,2,low,M,9,4211,3,4,0,Heavy,0,Low,3,2,0,1
3224,F,Ship,269,3,low,F,3,4489,5,4,0,Heavy,1,Low,4,2,0,0
3225,A,Ship,117,3,low,F,6,4046,3,4,0,Heavy,0,Low,0,2,0,0
3226,B,Ship,151,2,low,M,3,4105,4,4,1,Heavy,0,Low,1,2,0,1
3227,C,Ship,271,3,medium,M,4,4743,4,2,1,Heavy,1,Low,2,2,1,1
3228,F,Ship,205,3,low,M,10,5714,3,3,0,Heavy,0,Low,4,2,0,1
3229,D,Ship,210,5,medium,M,9,5431,5,3,1,Heavy,0,Low,3,2,1,1
3230,F,Ship,133,2,medium,M,8,4277,4,1,0,Heavy,0,Low,4,2,1,1
3231,A,Ship,215,6,medium,F,5,5195,5,2,1,Heavy,0,Low,0,2,1,0
3232,B,Ship,140,3,low,F,2,4691,2,3,0,Heavy,0,Low,1,2,0,0
3233,C,Ship,255,2,low,M,8,5955,3,3,1,Heavy,1,Low,2,2,0,1
3234,F,Ship,159,3,low,M,5,4190,2,5,0,Heavy,0,Low,4,2,0,1
3235,D,Ship,169,2,low,M,8,5352,5,3,1,Heavy,0,Low,3,2,0,1
3236,F,Ship,182,2,medium,M,2,4554,5,4,1,Heavy,0,Low,4,2,1,1
3237,A,Ship,231,2,low,F,10,4406,2,5,1,Heavy,0,Low,0,2,0,0
3238,B,Ship,177,3,low,F,6,4445,3,4,0,Heavy,0,Low,1,2,0,0
3239,C,Ship,250,3,medium,F,3,5055,4,3,1,Heavy,0,Low,2,2,1,0
3240,F,Ship,145,3,medium,F,4,5122,4,2,1,Heavy,0,Low,4,2,1,0
3241,D,Ship,117,3,high,F,2,4268,2,5,1,Heavy,0,Low,3,2,2,0
3242,F,Ship,170,3,low,M,5,4716,3,4,1,Heavy,0,Low,4,2,0,1
3243,A,Ship,173,3,high,F,9,5382,4,4,1,Heavy,0,Low,0,2,2,0
3244,B,Ship,232,3,medium,M,8,4658,4,2,1,Heavy,0,Low,1,2,1,1
3245,C,Ship,231,4,medium,M,4,5510,3,2,0,Heavy,0,Low,2,2,1,1
3246,F,Ship,136,3,medium,M,2,4524,3,4,1,Heavy,0,Low,4,2,1,1
3247,D,Ship,189,3,medium,M,5,4496,4,1,1,Heavy,0,Low,3,2,1,1
3248,F,Ship,222,3,low,M,7,5340,5,4,0,Heavy,0,Low,4,2,0,1
3249,A,Ship,148,3,high,F,7,5034,4,3,1,Heavy,0,Low,0,2,2,0
3250,B,Ship,265,2,medium,F,7,5464,5,2,1,Heavy,1,Low,1,2,1,0
3251,C,Ship,181,2,low,F,3,5877,4,1,0,Heavy,0,Low,2,2,0,0
3252,F,Ship,189,2,high,M,4,5898,6,5,1,Heavy,0,Low,4,2,2,1
3253,D,Ship,160,3,medium,F,6,4808,3,2,1,Heavy,0,Low,3,2,1,0
3254,F,Ship,235,3,medium,F,10,4186,3,3,0,Heavy,0,Low,4,2,1,0
3255,A,Ship,100,3,medium,M,4,4191,3,4,0,Heavy,0,Low,0,2,1,1
3256,B,Ship,135,4,medium,F,7,5765,5,5,1,Heavy,0,Low,1,2,1,0
3257,C,Ship,137,3,low,M,6,4883,5,2,0,Heavy,0,Low,2,2,0,1
3258,F,Ship,222,3,high,F,9,5337,4,2,0,Heavy,0,Low,4,2,2,0
3259,D,Ship,246,3,medium,F,10,4078,5,1,1,Heavy,0,Low,3,2,1,0
3260,F,Ship,202,3,medium,F,8,5486,3,3,1,Heavy,0,Low,4,2,1,0
3261,A,Ship,273,3,low,F,1,5043,4,5,1,Heavy,1,Low,0,2,0,0
3262,B,Road,248,2,low,F,9,5881,5,1,1,Heavy,0,Low,1,1,0,0
3263,C,Road,199,4,medium,F,5,4194,4,4,0,Heavy,0,Low,2,1,1,0
3264,F,Road,209,3,medium,M,7,4104,4,3,1,Heavy,0,Low,4,1,1,1
3265,D,Road,216,2,low,M,2,4905,4,5,0,Heavy,0,Low,3,1,0,1
3266,F,Road,227,3,low,M,2,4318,4,2,1,Heavy,0,Low,4,1,0,1
3267,A,Road,216,4,medium,F,4,4416,3,1,0,Heavy,0,Low,0,1,1,0
3268,B,Road,242,2,medium,F,1,5892,2,3,1,Heavy,0,Low,1,1,1,0
3269,C,Road,217,3,medium,F,8,4949,5,4,1,Heavy,0,Low,2,1,1,0
3270,F,Road,160,3,medium,F,9,4613,2,2,0,Heavy,0,Low,4,1,1,0
3271,D,Road,141,2,medium,M,4,5257,5,3,0,Heavy,0,Low,3,1,1,1
3272,F,Road,263,2,medium,F,5,4595,5,4,0,Heavy,1,Low,4,1,1,0
3273,A,Road,171,4,low,M,7,5359,5,4,1,Heavy,0,Low,0,1,0,1
3274,B,Road,195,2,low,F,4,4864,3,5,0,Heavy,0,Low,1,1,0,0
3275,C,Road,237,3,low,M,4,5561,3,5,1,Heavy,0,Low,2,1,0,1
3276,F,Road,241,4,low,F,4,5693,2,5,1,Heavy,0,Low,4,1,0,0
3277,D,Road,134,3,medium,F,9,4230,3,4,1,Heavy,0,Low,3,1,1,0
3278,F,Road,156,3,low,F,5,5398,5,5,1,Heavy,0,Low,4,1,0,0
3279,A,Road,211,2,low,M,6,6000,3,4,0,Heavy,0,Low,0,1,0,1
3280,B,Road,243,2,low,F,5,4769,3,2,0,Heavy,0,Low,1,1,0,0
3281,C,Road,196,2,medium,F,7,4116,4,3,1,Heavy,0,Low,2,1,1,0
3282,F,Road,242,2,medium,F,7,4960,3,3,0,Heavy,0,Low,4,1,1,0
3283,D,Road,175,3,low,F,3,4449,3,4,0,Heavy,0,Low,3,1,0,0
3284,F,Flight,155,3,low,M,1,5154,2,2,0,Heavy,0,Low,4,0,0,1
3285,A,Flight,200,2,low,F,9,4808,4,1,1,Heavy,0,Low,0,0,0,0
3286,B,Flight,191,3,low,M,4,4586,3,3,0,Heavy,0,Low,1,0,0,1
3287,C,Flight,221,3,low,F,6,5895,4,5,0,Heavy,0,Low,2,0,0,0
3288,F,Flight,135,3,low,M,9,4511,3,1,0,Heavy,0,Low,4,0,0,1
3289,D,Flight,152,4,medium,F,7,5943,3,2,1,Heavy,0,Low,3,0,1,0
3290,F,Flight,172,2,low,M,7,4649,2,5,0,Heavy,0,Low,4,0,0,1
3291,A,Flight,253,2,high,F,2,5643,5,2,1,Heavy,1,Low,0,0,2,0
3292,B,Flight,270,2,high,M,10,5360,5,1,0,Heavy,1,Low,1,0,2,1
3293,C,Flight,139,4,high,M,3,5041,2,4,0,Heavy,0,Low,2,0,2,1
3294,F,Flight,257,4,medium,M,9,5088,5,2,0,Heavy,1,Low,4,0,1,1
3295,D,Flight,155,3,low,F,5,4283,4,1,1,Heavy,0,Low,3,0,0,0
3296,F,Flight,125,2,low,M,5,4933,3,5,1,Heavy,0,Low,4,0,0,1
3297,A,Flight,233,2,low,F,7,4597,5,4,1,Heavy,0,Low,0,0,0,0
3298,B,Flight,205,2,medium,M,6,4989,3,3,1,Heavy,0,Low,1,0,1,1
3299,C,Flight,243,3,medium,M,4,4420,5,4,1,Heavy,0,Low,2,0,1,1
3300,F,Flight,208,3,low,F,10,4919,4,4,0,Heavy,0,Low,4,0,0,0
3301,D,Flight,230,3,medium,F,6,4392,3,1,0,Heavy,0,Low,3,0,1,0
3302,F,Flight,205,3,medium,M,5,4949,4,5,1,Heavy,0,Low,4,0,1,1
3303,A,Flight,170,2,low,F,2,5664,3,4,0,Heavy,0,Low,0,0,0,0
3304,B,Flight,222,2,medium,M,5,4268,4,2,0,Heavy,0,Low,1,0,1,1
3305,C,Flight,186,2,low,M,3,4213,5,4,0,Heavy,0,Low,2,0,0,1
3306,F,Ship,208,2,low,F,8,5218,5,1,0,Heavy,0,Low,4,2,0,0
3307,D,Ship,223,3,medium,F,9,5897,4,3,0,Heavy,0,Low,3,2,1,0
3308,F,Ship,154,2,medium,M,8,4006,5,3,0,Heavy,0,Low,4,2,1,1
3309,A,Ship,235,4,medium,F,10,4011,5,3,0,Heavy,0,Low,0,2,1,0
3310,B,Ship,271,3,medium,M,1,4137,4,3,0,Heavy,1,Low,1,2,1,1
3311,C,Ship,250,3,low,F,2,5206,4,5,0,Heavy,0,Low,2,2,0,0
3312,F,Ship,206,2,medium,M,4,5159,4,2,0,Heavy,0,Low,4,2,1,1
3313,D,Ship,153,3,low,M,10,5121,3,1,1,Heavy,0,Low,3,2,0,1
3314,F,Ship,212,2,medium,F,6,4117,4,4,1,Heavy,0,Low,4,2,1,0
3315,A,Ship,168,2,high,M,6,5686,6,4,0,Heavy,0,Low,0,2,2,1
3316,B,Ship,171,2,low,M,10,5379,3,1,1,Heavy,0,Low,1,2,0,1
3317,C,Ship,132,2,low,M,10,4462,3,5,1,Heavy,0,Low,2,2,0,1
3318,F,Ship,141,3,low,M,9,4857,5,3,0,Heavy,0,Low,4,2,0,1
3319,D,Ship,254,2,low,M,1,4334,3,2,0,Heavy,1,Low,3,2,0,1
3320,F,Ship,159,2,medium,F,6,5221,4,4,0,Heavy,0,Low,4,2,1,0
3321,A,Ship,194,2,low,F,4,4803,2,4,1,Heavy,0,Low,0,2,0,0
3322,B,Ship,178,6,low,M,6,4203,4,3,0,Heavy,0,Low,1,2,0,1
3323,C,Ship,151,3,low,M,2,5712,3,4,1,Heavy,0,Low,2,2,0,1
3324,F,Ship,244,2,low,F,5,4125,5,1,1,Heavy,0,Low,4,2,0,0
3325,D,Ship,237,3,low,M,8,5287,3,2,1,Heavy,0,Low,3,2,0,1
3326,F,Ship,241,3,medium,M,9,5184,3,1,0,Heavy,0,Low,4,2,1,1
3327,A,Ship,156,3,low,M,3,5923,4,2,0,Heavy,0,Low,0,2,0,1
3328,B,Ship,243,3,medium,M,1,5021,4,3,0,Heavy,0,Low,1,2,1,1
3329,C,Ship,219,2,medium,M,4,4289,5,5,0,Heavy,0,Low,2,2,1,1
3330,F,Ship,168,2,high,M,2,5776,4,5,0,Heavy,0,Low,4,2,2,1
3331,D,Ship,224,6,high,M,8,5661,6,3,0,Heavy,0,Low,3,2,2,1
3332,F,Ship,216,2,medium,M,2,5840,4,4,1,Heavy,0,Low,4,2,1,1
3333,A,Ship,187,5,low,F,6,4698,3,1,0,Heavy,0,Low,0,2,0,0
3334,B,Ship,204,3,high,F,1,4037,5,3,1,Heavy,0,Low,1,2,2,0
3335,C,Ship,266,5,low,M,10,4140,6,5,0,Heavy,1,Low,2,2,0,1
3336,F,Ship,179,2,low,F,2,4931,3,4,1,Heavy,0,Low,4,2,0,0
3337,D,Ship,184,3,low,M,10,4776,3,4,0,Heavy,0,Low,3,2,0,1
3338,F,Ship,204,4,medium,F,2,4431,6,2,0,Heavy,0,Low,4,2,1,0
3339,A,Ship,255,2,medium,F,7,4332,3,4,1,Heavy,1,Low,0,2,1,0
3340,B,Ship,272,2,medium,F,5,5252,4,1,0,Heavy,1,Low,1,2,1,0
3341,C,Ship,186,2,low,M,7,4947,4,3,1,Heavy,0,Low,2,2,0,1
3342,F,Ship,147,4,medium,M,6,4369,5,4,0,Heavy,0,Low,4,2,1,1
3343,D,Ship,145,3,medium,M,4,5361,3,4,1,Heavy,0,Low,3,2,1,1
3344,F,Ship,255,3,medium,F,6,5715,5,1,0,Heavy,1,Low,4,2,1,0
3345,A,Ship,133,2,low,F,7,4663,3,4,0,Heavy,0,Low,0,2,0,0
3346,B,Ship,155,4,low,F,1,4985,4,1,0,Heavy,0,Low,1,2,0,0
3347,C,Ship,151,4,medium,M,10,4796,4,5,0,Heavy,0,Low,2,2,1,1
3348,F,Ship,270,2,high,F,3,4914,4,2,1,Heavy,1,Low,4,2,2,0
3349,D,Ship,234,4,high,M,6,4942,3,1,0,Heavy,0,Low,3,2,2,1
3350,F,Ship,186,2,medium,M,4,4352,3,5,0,Heavy,0,Low,4,2,1,1
3351,A,Ship,157,2,medium,M,6,5937,4,5,0,Heavy,0,Low,0,2,1,1
3352,B,Ship,268,3,low,M,7,5947,4,4,0,Heavy,1,Low,1,2,0,1
3353,C,Ship,244,2,low,M,10,4486,4,3,1,Heavy,0,Low,2,2,0,1
3354,F,Ship,190,3,low,M,2,4554,4,5,0,Heavy,0,Low,4,2,0,1
3355,D,Ship,161,4,low,M,5,5038,4,4,0,Heavy,0,Low,3,2,0,1
3356,F,Ship,162,3,high,F,2,5893,2,4,1,Heavy,0,Low,4,2,2,0
3357,A,Ship,163,8,medium,F,6,5739,4,3,0,Heavy,0,Low,0,2,1,0
3358,B,Ship,211,6,low,M,5,5777,3,3,1,Heavy,0,Low,1,2,0,1
3359,C,Ship,205,8,medium,M,1,4977,3,4,1,Heavy,0,Low,2,2,1,1
3360,F,Ship,150,3,medium,F,4,4442,3,5,1,Heavy,0,Low,4,2,1,0
3361,D,Ship,209,5,medium,F,10,4623,2,5,1,Heavy,0,Low,3,2,1,0
3362,F,Ship,250,3,medium,F,6,5298,5,2,0,Heavy,0,Low,4,2,1,0
3363,A,Ship,206,3,high,F,1,4431,3,2,1,Heavy,0,Low,0,2,2,0
3364,B,Ship,244,3,low,M,2,4198,5,2,0,Heavy,0,Low,1,2,0,1
3365,C,Ship,180,3,low,M,2,4615,2,1,1,Heavy,0,Low,2,2,0,1
3366,F,Ship,256,3,medium,M,1,5784,4,4,1,Heavy,1,Low,4,2,1,1
3367,D,Ship,273,3,medium,F,2,5672,5,4,1,Heavy,1,Low,3,2,1,0
3368,F,Ship,178,8,medium,F,6,4872,4,1,0,Heavy,0,Low,4,2,1,0
3369,A,Ship,296,2,medium,F,2,1233,4,2,0,Light,1,Low,0,2,1,0
3370,B,Ship,249,5,medium,F,9,1752,3,3,0,Light,0,Low,1,2,1,0
3371,C,Ship,151,4,medium,M,3,5470,4,5,0,Heavy,0,Low,2,2,1,1
3372,F,Ship,270,2,high,F,5,5346,4,3,0,Heavy,1,Low,4,2,2,0
3373,D,Ship,234,4,high,F,7,4568,3,2,1,Heavy,0,Low,3,2,2,0
3374,F,Ship,186,2,medium,F,9,5841,3,4,0,Heavy,0,Low,4,2,1,0
3375,A,Ship,157,2,medium,M,3,5801,4,1,0,Heavy,0,Low,0,2,1,1
3376,B,Ship,268,3,low,F,3,5488,4,2,1,Heavy,1,Low,1,2,0,0
3377,C,Ship,244,2,low,F,3,4644,4,1,1,Heavy,0,Low,2,2,0,0
3378,F,Ship,190,3,low,M,2,4800,4,4,0,Heavy,0,Low,4,2,0,1
3379,D,Ship,161,4,low,F,10,5322,4,2,0,Heavy,0,Low,3,2,0,0
3380,F,Ship,162,3,high,M,10,4489,2,2,1,Heavy,0,Low,4,2,2,1
3381,A,Ship,163,8,medium,F,9,5489,4,1,1,Heavy,0,Low,0,2,1,0
3382,B,Ship,211,6,low,F,2,4417,3,2,0,Heavy,0,Low,1,2,0,0
3383,C,Ship,205,8,medium,F,5,4869,3,4,1,Heavy,0,Low,2,2,1,0
3384,F,Ship,150,3,medium,M,4,5536,3,3,0,Heavy,0,Low,4,2,1,1
3385,D,Ship,209,5,medium,F,9,5565,2,5,0,Heavy,0,Low,3,2,1,0
3386,F,Ship,250,3,medium,M,4,4343,5,3,0,Heavy,0,Low,4,2,1,1
3387,A,Ship,206,3,high,F,8,4763,3,1,1,Heavy,0,Low,0,2,2,0
3388,B,Ship,244,3,low,M,9,5695,5,5,0,Heavy,0,Low,1,2,0,1
3389,C,Ship,180,3,low,M,2,5033,2,2,1,Heavy,0,Low,2,2,0,1
3390,F,Ship,256,3,medium,M,10,4504,4,5,1,Heavy,1,Low,4,2,1,1
3391,D,Ship,273,3,medium,M,6,4044,5,4,1,Heavy,1,Low,3,2,1,1
3392,F,Ship,178,8,medium,M,5,4120,4,2,1,Heavy,0,Low,4,2,1,1
3393,A,Ship,296,2,medium,F,9,1523,4,3,1,Light,1,Low,0,2,1,0
3394,B,Ship,275,6,medium,M,2,1712,4,2,1,Light,1,Low,1,2,1,1
3395,C,Ship,270,3,low,M,2,4351,5,5,1,Heavy,1,Low,2,2,0,1
3396,F,Ship,224,4,medium,M,6,4616,6,5,0,Heavy,0,Low,4,2,1,1
3397,D,Ship,172,5,low,M,4,4668,2,4,0,Heavy,0,Low,3,2,0,1
3398,F,Ship,176,3,low,F,1,4774,4,4,0,Heavy,0,Low,4,2,0,0
3399,A,Road,240,4,low,M,9,4099,6,2,0,Heavy,0,Low,0,1,0,1
3400,B,Road,213,3,low,F,5,4535,3,4,1,Heavy,0,Low,1,1,0,0
3401,C,Road,197,3,low,F,2,5707,4,2,0,Heavy,0,Low,2,1,0,0
3402,F,Road,167,2,low,F,7,4289,4,5,1,Heavy,0,Low,4,1,0,0
3403,D,Road,180,3,low,F,2,5013,5,1,1,Heavy,0,Low,3,1,0,0
3404,F,Road,119,2,low,F,10,4146,3,1,1,Heavy,0,Low,4,1,0,0
3405,A,Road,232,4,low,M,3,5447,5,5,0,Heavy,0,Low,0,1,0,1
3406,B,Road,139,2,medium,M,7,5536,3,5,0,Heavy,0,Low,1,1,1,1
3407,C,Road,272,3,low,M,2,4459,3,2,1,Heavy,1,Low,2,1,0,1
3408,F,Road,253,3,low,F,7,4915,3,2,0,Heavy,1,Low,4,1,0,0
3409,D,Road,188,3,low,M,4,5376,3,2,0,Heavy,0,Low,3,1,0,1
3410,F,Road,202,3,medium,M,5,5169,3,4,0,Heavy,0,Low,4,1,1,1
3411,A,Road,134,3,low,F,7,5802,3,1,1,Heavy,0,Low,0,1,0,0
3412,B,Road,110,3,medium,M,3,4252,3,5,1,Heavy,0,Low,1,1,1,1
3413,C,Road,172,2,low,F,9,4532,3,2,1,Heavy,0,Low,2,1,0,0
3414,F,Road,188,3,low,M,3,4222,3,1,0,Heavy,0,Low,4,1,0,1
3415,D,Road,258,4,medium,F,6,5365,3,1,1,Heavy,1,Low,3,1,1,0
3416,F,Road,234,3,low,M,10,5673,5,3,0,Heavy,0,Low,4,1,0,1
3417,A,Road,148,4,medium,F,9,5301,3,4,0,Heavy,0,Low,0,1,1,0
3418,B,Road,194,4,low,F,2,5396,5,3,0,Heavy,0,Low,1,1,0,0
3419,C,Road,266,3,medium,F,2,5413,4,4,1,Heavy,1,Low,2,1,1,0
3420,F,Road,158,3,medium,M,7,5559,5,5,1,Heavy,0,Low,4,1,1,1
3421,D,Flight,228,2,high,M,6,4984,5,1,1,Heavy,0,Low,3,0,2,1
3422,F,Flight,159,2,low,M,1,5671,4,5,0,Heavy,0,Low,4,0,0,1
3423,A,Flight,255,4,low,M,10,4107,3,4,0,Heavy,1,Low,0,0,0,1
3424,B,Flight,213,3,low,F,4,5481,3,4,1,Heavy,0,Low,1,0,0,0
3425,C,Flight,148,2,low,F,5,4693,3,4,1,Heavy,0,Low,2,0,0,0
3426,F,Flight,219,3,medium,M,6,5957,4,5,1,Heavy,0,Low,4,0,1,1
3427,D,Flight,168,5,medium,M,9,5731,3,5,1,Heavy,0,Low,3,0,1,1
3428,F,Flight,148,5,medium,F,6,4802,4,3,0,Heavy,0,Low,4,0,1,0
3429,A,Flight,149,3,low,F,5,5467,3,4,0,Heavy,0,Low,0,0,0,0
3430,B,Flight,245,6,high,M,9,4793,3,5,0,Heavy,0,Low,1,0,2,1
3431,C,Flight,200,2,medium,M,10,5178,3,1,1,Heavy,0,Low,2,0,1,1
3432,F,Flight,228,3,medium,M,9,5530,3,1,0,Heavy,0,Low,4,0,1,1
3433,D,Flight,175,4,low,M,2,4053,4,1,0,Heavy,0,Low,3,0,0,1
3434,F,Flight,201,3,low,M,9,5895,3,3,1,Heavy,0,Low,4,0,0,1
3435,A,Flight,267,4,low,M,7,5140,4,3,0,Heavy,1,Low,0,0,0,1
3436,B,Flight,217,2,medium,F,9,5450,3,4,0,Heavy,0,Low,1,0,1,0
3437,C,Flight,160,2,high,M,3,4409,2,3,0,Heavy,0,Low,2,0,2,1
3438,F,Flight,264,3,low,F,2,4279,4,4,1,Heavy,1,Low,4,0,0,0
3439,D,Flight,179,3,high,M,5,5898,3,1,1,Heavy,0,Low,3,0,2,1
3440,F,Flight,259,3,medium,M,10,4921,4,5,1,Heavy,1,Low,4,0,1,1
3441,A,Flight,178,2,high,M,5,5403,4,5,0,Heavy,0,Low,0,0,2,1
3442,B,Flight,242,5,medium,M,6,4694,3,2,0,Heavy,0,Low,1,0,1,1
3443,C,Ship,235,2,low,M,4,5671,4,4,0,Heavy,0,Low,2,2,0,1
3444,F,Ship,247,2,medium,F,7,5098,4,1,0,Heavy,0,Low,4,2,1,0
3445,D,Ship,240,5,low,M,7,4138,2,2,1,Heavy,0,Low,3,2,0,1
3446,F,Ship,252,2,low,M,4,5559,3,1,0,Heavy,1,Low,4,2,0,1
3447,A,Ship,237,2,low,M,8,5600,5,4,1,Heavy,0,Low,0,2,0,1
3448,B,Ship,161,3,low,F,4,5947,4,2,0,Heavy,0,Low,1,2,0,0
3449,C,Ship,144,4,low,F,10,4075,2,3,0,Heavy,0,Low,2,2,0,0
3450,F,Ship,163,4,medium,M,2,5432,4,1,1,Heavy,0,Low,4,2,1,1
3451,D,Ship,246,3,low,F,5,5118,4,3,0,Heavy,0,Low,3,2,0,0
3452,F,Ship,213,3,medium,M,10,5993,3,2,1,Heavy,0,Low,4,2,1,1
3453,A,Ship,123,2,low,F,9,5497,5,1,0,Heavy,0,Low,0,2,0,0
3454,B,Ship,192,3,low,M,1,4045,4,3,1,Heavy,0,Low,1,2,0,1
3455,C,Ship,149,3,low,F,8,5658,4,4,1,Heavy,0,Low,2,2,0,0
3456,F,Ship,206,4,high,F,1,4583,5,3,0,Heavy,0,Low,4,2,2,0
3457,D,Ship,243,6,low,M,8,5218,6,4,0,Heavy,0,Low,3,2,0,1
3458,F,Ship,136,3,low,F,1,4585,4,5,1,Heavy,0,Low,4,2,0,0
3459,A,Ship,170,2,medium,F,5,5182,4,1,0,Heavy,0,Low,0,2,1,0
3460,B,Ship,180,2,low,F,8,4321,2,4,1,Heavy,0,Low,1,2,0,0
3461,C,Ship,220,2,low,F,1,5663,3,5,0,Heavy,0,Low,2,2,0,0
3462,F,Ship,144,2,low,M,6,5994,3,3,1,Heavy,0,Low,4,2,0,1
3463,D,Ship,271,2,medium,M,6,4218,3,4,0,Heavy,1,Low,3,2,1,1
3464,F,Ship,186,2,medium,F,9,4887,4,4,1,Heavy,0,Low,4,2,1,0
3465,A,Ship,247,4,medium,M,4,5255,2,5,1,Heavy,0,Low,0,2,1,1
3466,B,Ship,202,3,medium,M,2,4299,4,4,1,Heavy,0,Low,1,2,1,1
3467,C,Ship,143,3,medium,F,3,5062,4,3,1,Heavy,0,Low,2,2,1,0
3468,F,Ship,180,3,low,F,10,5633,3,1,0,Heavy,0,Low,4,2,0,0
3469,D,Ship,221,3,medium,F,3,4430,4,5,1,Heavy,0,Low,3,2,1,0
3470,F,Ship,173,3,low,F,7,4810,4,3,1,Heavy,0,Low,4,2,0,0
3471,A,Ship,107,3,medium,M,2,4853,2,5,0,Heavy,0,Low,0,2,1,1
3472,B,Ship,259,2,medium,F,3,4154,3,4,1,Heavy,1,Low,1,2,1,0
3473,C,Ship,134,3,medium,M,4,4908,5,4,0,Heavy,0,Low,2,2,1,1
3474,F,Ship,204,4,low,M,4,4745,3,2,0,Heavy,0,Low,4,2,0,1
3475,D,Ship,161,5,medium,M,3,4138,2,2,0,Heavy,0,Low,3,2,1,1
3476,F,Ship,100,5,low,F,7,5668,6,4,1,Heavy,0,Low,4,2,0,0
3477,A,Ship,260,4,medium,F,3,5890,5,2,0,Heavy,1,Low,0,2,1,0
3478,B,Ship,196,3,low,F,4,4271,5,2,0,Heavy,0,Low,1,2,0,0
3479,C,Ship,260,3,low,M,1,4799,5,2,1,Heavy,1,Low,2,2,0,1
3480,F,Ship,193,4,low,M,5,4700,3,1,0,Heavy,0,Low,4,2,0,1
3481,D,Ship,258,3,medium,M,7,4159,4,1,0,Heavy,1,Low,3,2,1,1
3482,F,Ship,254,4,low,M,9,4492,4,3,0,Heavy,1,Low,4,2,0,1
3483,A,Ship,216,4,low,F,3,4934,3,5,0,Heavy,0,Low,0,2,0,0
3484,B,Ship,273,3,low,F,5,5323,4,1,0,Heavy,1,Low,1,2,0,0
3485,C,Ship,223,4,low,M,1,4219,4,4,0,Heavy,0,Low,2,2,0,1
3486,F,Ship,182,2,medium,F,10,5638,4,1,0,Heavy,0,Low,4,2,1,0
3487,D,Ship,201,3,low,F,6,5722,3,4,1,Heavy,0,Low,3,2,0,0
3488,F,Ship,249,3,medium,F,6,5657,4,3,1,Heavy,0,Low,4,2,1,0
3489,A,Ship,152,3,low,M,1,5314,5,4,1,Heavy,0,Low,0,2,0,1
3490,B,Ship,244,4,medium,M,6,4734,3,1,1,Heavy,0,Low,1,2,1,1
3491,C,Ship,256,4,medium,F,3,4398,3,1,1,Heavy,1,Low,2,2,1,0
3492,F,Ship,223,3,medium,M,3,5121,4,2,0,Heavy,0,Low,4,2,1,1
3493,D,Ship,185,2,high,F,3,4816,3,2,1,Heavy,0,Low,3,2,2,0
3494,F,Ship,166,3,medium,M,9,4410,3,1,0,Heavy,0,Low,4,2,1,1
3495,A,Ship,113,3,medium,M,1,5765,3,4,1,Heavy,0,Low,0,2,1,1
3496,B,Ship,134,2,medium,F,7,5967,4,1,0,Heavy,0,Low,1,2,1,0
3497,C,Ship,228,2,high,F,4,4719,4,3,1,Heavy,0,Low,2,2,2,0
3498,F,Ship,204,2,low,F,10,5844,3,4,1,Heavy,0,Low,4,2,0,0
3499,D,Ship,152,2,medium,F,2,4136,3,1,0,Heavy,0,Low,3,2,1,0
3500,F,Ship,195,2,medium,M,9,5779,3,2,1,Heavy,0,Low,4,2,1,1
3501,A,Ship,192,6,high,F,3,5173,4,2,0,Heavy,0,Low,0,2,2,0
3502,B,Ship,247,3,medium,M,8,4977,4,2,0,Heavy,0,Low,1,2,1,1
3503,C,Ship,135,2,medium,M,2,4163,3,1,0,Heavy,0,Low,2,2,1,1
3504,F,Ship,209,2,medium,F,1,5337,4,2,0,Heavy,0,Low,4,2,1,0
3505,D,Ship,173,2,low,M,1,4721,2,4,0,Heavy,0,Low,3,2,0,1
3506,F,Ship,222,2,low,M,5,5660,4,4,0,Heavy,0,Low,4,2,0,1
3507,A,Ship,192,3,medium,F,10,4086,4,3,1,Heavy,0,Low,0,2,1,0
3508,B,Ship,206,3,medium,F,6,5618,3,5,0,Heavy,0,Low,1,2,1,0
3509,C,Ship,275,4,medium,M,6,4687,3,3,1,Heavy,1,Low,2,2,1,1
3510,F,Ship,192,3,medium,F,8,5787,2,3,1,Heavy,0,Low,4,2,1,0
3511,D,Ship,121,3,medium,F,10,5208,6,3,0,Heavy,0,Low,3,2,1,0
3512,F,Ship,177,3,low,M,8,4904,4,2,0,Heavy,0,Low,4,2,0,1
3513,A,Ship,243,3,low,F,2,4989,3,1,0,Heavy,0,Low,0,2,0,0
3514,B,Ship,262,4,low,M,1,4745,3,2,1,Heavy,1,Low,1,2,0,1
3515,C,Ship,189,3,low,M,3,5897,2,4,1,Heavy,0,Low,2,2,0,1
3516,F,Ship,178,2,low,F,4,5307,5,4,0,Heavy,0,Low,4,2,0,0
3517,D,Ship,232,3,medium,F,1,4228,3,4,1,Heavy,0,Low,3,2,1,0
3518,F,Ship,254,3,low,M,1,4377,4,5,1,Heavy,1,Low,4,2,0,1
3519,A,Ship,148,2,medium,M,5,4082,3,1,1,Heavy,0,Low,0,2,1,1
3520,B,Ship,253,4,high,M,4,4868,4,3,1,Heavy,1,Low,1,2,2,1
3521,C,Ship,223,3,medium,F,9,5279,4,5,1,Heavy,0,Low,2,2,1,0
3522,F,Ship,190,2,medium,M,7,4075,2,2,0,Heavy,0,Low,4,2,1,1
3523,D,Ship,181,4,low,F,2,5332,5,3,0,Heavy,0,Low,3,2,0,0
3524,F,Ship,226,3,low,M,8,5119,2,3,0,Heavy,0,Low,4,2,0,1
3525,A,Ship,182,2,medium,M,8,4883,3,4,0,Heavy,0,Low,0,2,1,1
3526,B,Ship,191,3,medium,F,6,4119,2,4,0,Heavy,0,Low,1,2,1,0
3527,C,Ship,223,4,low,M,1,4195,3,1,0,Heavy,0,Low,2,2,0,1
3528,F,Ship,274,3,medium,M,4,4521,4,5,0,Heavy,1,Low,4,2,1,1
3529,D,Ship,218,2,low,M,9,5637,4,4,0,Heavy,0,Low,3,2,0,1
3530,F,Ship,197,3,low,M,3,5658,3,5,0,Heavy,0,Low,4,2,0,1
3531,A,Ship,137,3,low,F,6,5271,4,2,0,Heavy,0,Low,0,2,0,0
3532,B,Ship,163,3,low,F,3,5873,2,1,1,Heavy,0,Low,1,2,0,0
3533,C,Ship,218,4,low,M,6,4377,4,4,1,Heavy,0,Low,2,2,0,1
3534,F,Ship,245,3,low,M,6,4343,5,1,1,Heavy,0,Low,4,2,0,1
3535,D,Ship,181,2,medium,M,2,4089,3,5,0,Heavy,0,Low,3,2,1,1
3536,F,Road,222,5,high,F,2,4612,6,3,0,Heavy,0,Low,4,1,2,0
3537,A,Road,259,2,low,M,7,4390,4,5,1,Heavy,1,Low,0,1,0,1
3538,B,Road,157,3,medium,F,6,5398,3,4,1,Heavy,0,Low,1,1,1,0
3539,C,Road,137,3,medium,F,10,4820,4,3,1,Heavy,0,Low,2,1,1,0
3540,F,Road,242,3,low,F,8,4199,3,3,0,Heavy,0,Low,4,1,0,0
3541,D,Road,154,4,medium,M,7,4938,4,5,0,Heavy,0,Low,3,1,1,1
3542,F,Road,150,2,low,F,3,4174,3,2,0,Heavy,0,Low,4,1,0,0
3543,A,Road,174,3,medium,F,7,5510,5,3,1,Heavy,0,Low,0,1,1,0
3544,B,Road,265,3,high,F,3,5837,5,5,1,Heavy,1,Low,1,1,2,0
3545,C,Road,248,4,medium,M,8,4540,3,4,0,Heavy,0,Low,2,1,1,1
3546,F,Road,186,3,low,M,7,5156,4,3,1,Heavy,0,Low,4,1,0,1
3547,D,Road,152,3,medium,M,6,5764,4,2,1,Heavy,0,Low,3,1,1,1
3548,F,Road,163,3,medium,M,2,5791,3,3,1,Heavy,0,Low,4,1,1,1
3549,A,Road,168,4,medium,M,5,5735,4,5,1,Heavy,0,Low,0,1,1,1
3550,B,Road,102,3,medium,F,3,4845,4,3,1,Heavy,0,Low,1,1,1,0
3551,C,Road,169,2,medium,F,1,4783,3,1,1,Heavy,0,Low,2,1,1,0
3552,F,Road,163,4,high,M,3,4031,6,1,1,Heavy,0,Low,4,1,2,1
3553,D,Road,154,3,medium,F,4,5100,2,1,0,Heavy,0,Low,3,1,1,0
3554,F,Road,271,2,low,F,3,4878,3,5,0,Heavy,1,Low,4,1,0,0
3555,A,Road,182,3,medium,F,7,5409,3,4,1,Heavy,0,Low,0,1,1,0
3556,B,Road,173,3,low,F,5,5232,4,1,0,Heavy,0,Low,1,1,0,0
3557,C,Road,244,2,low,M,10,5696,5,2,0,Heavy,0,Low,2,1,0,1
3558,F,Flight,214,2,low,M,8,4512,4,5,0,Heavy,0,Low,4,0,0,1
3559,D,Flight,210,2,high,M,6,4076,4,4,0,Heavy,0,Low,3,0,2,1
3560,F,Flight,194,7,medium,F,10,5700,5,3,0,Heavy,0,Low,4,0,1,0
3561,A,Flight,185,10,high,F,7,4818,4,3,1,Heavy,0,Low,0,0,2,0
3562,B,Flight,121,2,low,M,10,5130,3,3,1,Heavy,0,Low,1,0,0,1
3563,C,Flight,203,3,medium,F,3,4137,3,1,0,Heavy,0,Low,2,0,1,0
3564,F,Flight,134,10,high,M,8,5472,2,5,0,Heavy,0,Low,4,0,2,1
3565,D,Flight,263,3,medium,F,9,5665,3,3,1,Heavy,1,Low,3,0,1,0
3566,F,Flight,279,8,low,F,6,5888,5,1,1,Heavy,1,Low,4,0,0,0
3567,A,Flight,222,3,low,F,5,5584,4,5,0,Heavy,0,Low,0,0,0,0
3568,B,Flight,233,2,low,M,9,4799,4,1,1,Heavy,0,Low,1,0,0,1
3569,C,Flight,271,3,low,M,3,4152,4,4,0,Heavy,1,Low,2,0,0,1
3570,F,Flight,118,4,low,M,6,5964,3,4,0,Heavy,0,Low,4,0,0,1
3571,D,Flight,183,2,low,M,5,4261,3,4,1,Heavy,0,Low,3,0,0,1
3572,F,Flight,217,3,low,F,5,4077,3,4,0,Heavy,0,Low,4,0,0,0
3573,A,Flight,245,10,medium,M,8,4909,3,5,1,Heavy,0,Low,0,0,1,1
3574,B,Flight,143,4,medium,M,5,5545,3,4,1,Heavy,0,Low,1,0,1,1
3575,C,Flight,149,3,medium,F,3,4189,3,3,0,Heavy,0,Low,2,0,1,0
3576,F,Flight,275,6,medium,M,10,1400,4,5,1,Light,1,Low,4,0,1,1
3577,D,Flight,168,4,medium,F,4,4776,4,5,1,Heavy,0,Low,3,0,1,0
3578,F,Flight,102,3,medium,M,3,4179,4,1,0,Heavy,0,Low,4,0,1,1
3579,A,Flight,169,2,medium,F,10,4038,3,2,1,Heavy,0,Low,0,0,1,0
3580,B,Ship,163,4,high,M,3,5118,6,5,1,Heavy,0,Low,1,2,2,1
3581,C,Ship,154,3,medium,M,3,4478,2,3,0,Heavy,0,Low,2,2,1,1
3582,F,Ship,271,2,low,F,8,4444,3,3,1,Heavy,1,Low,4,2,0,0
3583,D,Ship,182,3,medium,F,2,5281,3,4,1,Heavy,0,Low,3,2,1,0
3584,F,Ship,173,3,low,F,7,4410,4,5,0,Heavy,0,Low,4,2,0,0
3585,A,Ship,244,2,low,M,10,5794,5,5,0,Heavy,0,Low,0,2,0,1
3586,B,Ship,214,2,low,M,3,5546,4,5,0,Heavy,0,Low,1,2,0,1
3587,C,Ship,210,2,high,F,3,5876,4,2,1,Heavy,0,Low,2,2,2,0
3588,F,Ship,194,7,medium,M,8,4770,5,1,0,Heavy,0,Low,4,2,1,1
3589,D,Ship,185,10,high,M,1,4973,4,3,0,Heavy,0,Low,3,2,2,1
3590,F,Ship,121,2,low,M,2,5210,3,1,1,Heavy,0,Low,4,2,0,1
3591,A,Ship,203,3,medium,M,1,5543,3,4,0,Heavy,0,Low,0,2,1,1
3592,B,Ship,134,10,high,F,1,5632,2,3,0,Heavy,0,Low,1,2,2,0
3593,C,Ship,263,3,medium,M,8,5447,3,2,1,Heavy,1,Low,2,2,1,1
3594,F,Ship,279,8,low,M,5,4785,5,2,0,Heavy,1,Low,4,2,0,1
3595,D,Ship,222,3,low,F,3,5130,4,2,0,Heavy,0,Low,3,2,0,0
3596,F,Ship,233,2,low,F,5,4668,4,2,0,Heavy,0,Low,4,2,0,0
3597,A,Ship,271,3,low,M,9,4085,4,2,0,Heavy,1,Low,0,2,0,1
3598,B,Ship,118,4,low,F,10,5699,3,5,1,Heavy,0,Low,1,2,0,0
3599,C,Ship,183,2,low,M,3,4179,3,4,1,Heavy,0,Low,2,2,0,1
3600,F,Ship,217,3,low,F,5,4883,3,4,1,Heavy,0,Low,4,2,0,0
3601,D,Ship,245,10,medium,M,1,5363,3,4,0,Heavy,0,Low,3,2,1,1
3602,F,Ship,143,4,medium,F,7,4486,3,2,0,Heavy,0,Low,4,2,1,0
3603,A,Ship,149,3,medium,F,7,4049,3,2,1,Heavy,0,Low,0,2,1,0
3604,B,Ship,275,6,medium,M,9,1890,4,2,0,Light,1,Low,1,2,1,1
3605,C,Ship,282,5,low,M,5,1149,7,4,0,Light,1,Low,2,2,0,1
3606,F,Ship,276,2,medium,M,3,1966,4,1,0,Light,1,Low,4,2,1,1
3607,D,Ship,244,3,low,M,6,1360,4,5,1,Light,0,Low,3,2,0,1
3608,F,Ship,258,4,medium,M,7,5478,5,5,0,Heavy,1,Low,4,2,1,1
3609,A,Ship,257,3,low,M,5,5657,3,5,0,Heavy,1,Low,0,2,0,1
3610,B,Ship,195,5,medium,M,9,5178,4,2,1,Heavy,0,Low,1,2,1,1
3611,C,Ship,152,4,low,M,6,4606,2,2,1,Heavy,0,Low,2,2,0,1
3612,F,Ship,100,3,low,M,1,5776,2,1,1,Heavy,0,Low,4,2,0,1
3613,D,Ship,248,2,medium,M,4,5783,4,1,0,Heavy,0,Low,3,2,1,1
3614,F,Ship,274,2,low,F,2,4492,4,5,1,Heavy,1,Low,4,2,0,0
3615,A,Ship,203,2,low,M,1,5244,3,3,0,Heavy,0,Low,0,2,0,1
3616,B,Ship,194,5,low,F,8,4777,6,5,0,Heavy,0,Low,1,2,0,0
3617,C,Ship,142,3,low,F,7,4439,3,3,0,Heavy,0,Low,2,2,0,0
3618,F,Ship,208,5,low,F,7,5833,4,5,0,Heavy,0,Low,4,2,0,0
3619,D,Ship,237,2,medium,F,6,5954,4,5,0,Heavy,0,Low,3,2,1,0
3620,F,Ship,210,2,low,M,9,4580,3,1,0,Heavy,0,Low,4,2,0,1
3621,A,Ship,158,2,low,M,10,4061,3,3,1,Heavy,0,Low,0,2,0,1
3622,B,Ship,148,3,low,M,1,5700,3,3,0,Heavy,0,Low,1,2,0,1
3623,C,Ship,146,3,high,F,4,5846,3,2,1,Heavy,0,Low,2,2,2,0
3624,F,Ship,155,3,low,F,3,5768,3,3,0,Heavy,0,Low,4,2,0,0
3625,D,Ship,233,3,medium,M,10,5211,2,5,1,Heavy,0,Low,3,2,1,1
3626,F,Ship,165,2,medium,F,8,4280,3,4,1,Heavy,0,Low,4,2,1,0
3627,A,Ship,227,3,medium,F,10,5491,4,3,1,Heavy,0,Low,0,2,1,0
3628,B,Ship,197,4,low,F,6,4184,5,3,0,Heavy,0,Low,1,2,0,0
3629,C,Ship,134,3,medium,M,2,4983,4,1,0,Heavy,0,Low,2,2,1,1
3630,F,Ship,134,2,low,M,9,5045,5,2,0,Heavy,0,Low,4,2,0,1
3631,D,Ship,194,2,low,M,3,4724,4,5,1,Heavy,0,Low,3,2,0,1
3632,F,Ship,172,3,low,F,4,4337,3,4,0,Heavy,0,Low,4,2,0,0
3633,A,Ship,205,2,medium,F,2,5322,3,1,0,Heavy,0,Low,0,2,1,0
3634,B,Ship,191,5,low,F,9,5196,3,1,1,Heavy,0,Low,1,2,0,0
3635,C,Ship,225,4,low,M,10,5690,3,3,0,Heavy,0,Low,2,2,0,1
3636,F,Ship,152,6,medium,M,2,4915,5,5,1,Heavy,0,Low,4,2,1,1
3637,D,Ship,249,3,medium,M,10,5001,5,3,1,Heavy,0,Low,3,2,1,1
3638,F,Ship,136,3,low,M,4,4218,5,5,1,Heavy,0,Low,4,2,0,1
3639,A,Ship,146,5,high,F,7,4538,3,5,0,Heavy,0,Low,0,2,2,0
3640,B,Ship,259,2,medium,M,1,4607,5,2,0,Heavy,1,Low,1,2,1,1
3641,C,Ship,159,3,medium,M,4,5577,3,2,1,Heavy,0,Low,2,2,1,1
3642,F,Ship,162,3,medium,M,5,4064,5,1,1,Heavy,0,Low,4,2,1,1
3643,D,Ship,205,4,low,F,6,5064,4,4,0,Heavy,0,Low,3,2,0,0
3644,F,Ship,155,3,medium,F,6,4109,5,5,1,Heavy,0,Low,4,2,1,0
3645,A,Ship,171,4,medium,F,4,4151,4,5,0,Heavy,0,Low,0,2,1,0
3646,B,Ship,244,3,medium,F,1,5695,3,1,1,Heavy,0,Low,1,2,1,0
3647,C,Ship,135,3,medium,M,2,5849,5,5,1,Heavy,0,Low,2,2,1,1
3648,F,Ship,147,3,low,F,5,5174,4,2,0,Heavy,0,Low,4,2,0,0
3649,D,Ship,245,2,low,F,4,4514,3,2,1,Heavy,0,Low,3,2,0,0
3650,F,Ship,266,6,low,F,5,5481,5,4,0,Heavy,1,Low,4,2,0,0
3651,A,Ship,165,3,low,M,3,5409,3,5,0,Heavy,0,Low,0,2,0,1
3652,B,Ship,226,3,medium,M,1,5433,4,3,1,Heavy,0,Low,1,2,1,1
3653,C,Ship,185,3,medium,F,1,4925,5,4,0,Heavy,0,Low,2,2,1,0
3654,F,Ship,267,3,low,M,9,5258,5,3,1,Heavy,1,Low,4,2,0,1
3655,D,Ship,169,3,low,F,9,4289,5,3,1,Heavy,0,Low,3,2,0,0
3656,F,Ship,191,3,high,F,6,5335,4,1,1,Heavy,0,Low,4,2,2,0
3657,A,Ship,187,3,medium,M,2,5154,3,1,1,Heavy,0,Low,0,2,1,1
3658,B,Ship,265,6,low,M,9,5936,3,2,0,Heavy,1,Low,1,2,0,1
3659,C,Ship,243,3,medium,F,8,4093,3,2,0,Heavy,0,Low,2,2,1,0
3660,F,Ship,166,3,low,F,2,5559,6,3,0,Heavy,0,Low,4,2,0,0
3661,D,Ship,249,2,medium,M,3,4440,5,3,0,Heavy,0,Low,3,2,1,1
3662,F,Ship,271,2,low,F,1,4866,4,1,0,Heavy,1,Low,4,2,0,0
3663,A,Ship,272,2,medium,F,5,4681,4,3,1,Heavy,1,Low,0,2,1,0
3664,B,Ship,226,2,low,F,8,4526,4,3,0,Heavy,0,Low,1,2,0,0
3665,C,Ship,250,5,medium,M,8,5762,3,3,1,Heavy,0,Low,2,2,1,1
3666,F,Ship,135,6,medium,F,9,5777,2,5,1,Heavy,0,Low,4,2,1,0
3667,D,Ship,274,3,high,F,3,4202,4,4,1,Heavy,1,Low,3,2,2,0
3668,F,Ship,184,3,medium,F,2,4124,4,4,1,Heavy,0,Low,4,2,1,0
3669,A,Ship,139,2,medium,F,2,4520,2,1,1,Heavy,0,Low,0,2,1,0
3670,B,Ship,198,2,low,M,8,4620,3,3,1,Heavy,0,Low,1,2,0,1
3671,C,Ship,168,2,medium,M,1,5154,4,2,0,Heavy,0,Low,2,2,1,1
3672,F,Ship,245,4,medium,M,4,5203,4,4,1,Heavy,0,Low,4,2,1,1
3673,D,Road,251,3,low,F,4,4374,4,1,1,Heavy,1,Low,3,1,0,0
3674,F,Road,153,2,medium,M,9,4359,4,1,0,Heavy,0,Low,4,1,1,1
3675,A,Road,142,4,medium,F,2,4735,5,1,1,Heavy,0,Low,0,1,1,0
3676,B,Road,148,3,low,M,5,4913,4,5,0,Heavy,0,Low,1,1,0,1
3677,C,Road,273,5,low,F,1,5012,4,2,0,Heavy,1,Low,2,1,0,0
3678,F,Road,180,6,low,M,5,4802,3,1,1,Heavy,0,Low,4,1,0,1
3679,D,Road,158,3,low,F,2,5205,3,3,1,Heavy,0,Low,3,1,0,0
3680,F,Road,240,2,medium,F,2,5588,4,3,0,Heavy,0,Low,4,1,1,0
3681,A,Road,174,3,low,M,7,4813,4,1,1,Heavy,0,Low,0,1,0,1
3682,B,Road,186,3,low,M,6,4524,4,2,0,Heavy,0,Low,1,1,0,1
3683,C,Road,174,3,high,F,9,5969,5,5,1,Heavy,0,Low,2,1,2,0
3684,F,Road,260,4,low,M,10,4072,4,1,1,Heavy,1,Low,4,1,0,1
3685,D,Road,258,2,low,F,2,4308,4,3,0,Heavy,1,Low,3,1,0,0
3686,F,Road,262,2,medium,M,3,4090,4,2,1,Heavy,1,Low,4,1,1,1
3687,A,Road,197,3,low,M,4,5800,4,2,0,Heavy,0,Low,0,1,0,1
3688,B,Road,238,3,low,M,4,5449,4,1,1,Heavy,0,Low,1,1,0,1
3689,C,Road,168,2,low,F,9,4608,3,3,0,Heavy,0,Low,2,1,0,0
3690,F,Road,266,3,low,M,9,5621,4,3,1,Heavy,1,Low,4,1,0,1
3691,D,Road,251,3,high,F,5,5460,4,4,0,Heavy,1,Low,3,1,2,0
3692,F,Road,272,2,low,M,3,5638,3,5,1,Heavy,1,Low,4,1,0,1
3693,A,Road,203,2,medium,M,4,4311,5,3,1,Heavy,0,Low,0,1,1,1
3694,B,Road,168,3,low,M,6,4096,5,5,0,Heavy,0,Low,1,1,0,1
3695,C,Flight,138,3,medium,F,7,5534,3,1,0,Heavy,0,Low,2,0,1,0
3696,F,Flight,129,3,medium,M,9,5296,3,1,1,Heavy,0,Low,4,0,1,1
3697,D,Flight,178,6,low,F,9,5279,4,4,1,Heavy,0,Low,3,0,0,0
3698,F,Flight,211,2,medium,M,1,5913,5,1,1,Heavy,0,Low,4,0,1,1
3699,A,Flight,169,3,high,F,5,5750,3,5,0,Heavy,0,Low,0,0,2,0
3700,B,Flight,267,3,low,M,8,5922,3,2,0,Heavy,1,Low,1,0,0,1
3701,C,Flight,183,3,low,F,1,5959,3,4,1,Heavy,0,Low,2,0,0,0
3702,F,Flight,194,2,low,M,8,4335,3,1,1,Heavy,0,Low,4,0,0,1
3703,D,Flight,151,2,low,M,8,4749,5,3,0,Heavy,0,Low,3,0,0,1
3704,F,Flight,225,4,low,M,5,4184,6,3,1,Heavy,0,Low,4,0,0,1
3705,A,Flight,184,4,low,M,6,4155,5,2,1,Heavy,0,Low,0,0,0,1
3706,B,Flight,269,2,medium,F,1,4978,3,2,0,Heavy,1,Low,1,0,1,0
3707,C,Flight,274,2,medium,M,5,5161,3,2,0,Heavy,1,Low,2,0,1,1
3708,F,Flight,142,2,high,M,7,5341,5,4,0,Heavy,0,Low,4,0,2,1
3709,D,Flight,140,4,low,M,6,5067,4,1,0,Heavy,0,Low,3,0,0,1
3710,F,Flight,219,5,medium,M,5,5253,4,1,0,Heavy,0,Low,4,0,1,1
3711,A,Flight,237,3,medium,M,2,5331,2,3,0,Heavy,0,Low,0,0,1,1
3712,B,Flight,140,5,low,M,7,4370,3,5,1,Heavy,0,Low,1,0,0,1
3713,C,Flight,105,5,low,F,10,5418,5,5,1,Heavy,0,Low,2,0,0,0
3714,F,Flight,192,2,low,M,6,4056,3,1,0,Heavy,0,Low,4,0,0,1
3715,D,Flight,154,3,low,F,2,4990,3,4,1,Heavy,0,Low,3,0,0,0
3716,F,Flight,165,2,low,M,3,4005,5,5,1,Heavy,0,Low,4,0,0,1
3717,A,Ship,197,4,low,F,2,5594,5,1,1,Heavy,0,Low,0,2,0,0
3718,B,Ship,274,3,low,F,3,5156,3,5,0,Heavy,1,Low,1,2,0,0
3719,C,Ship,193,3,high,F,10,5991,3,5,1,Heavy,0,Low,2,2,2,0
3720,F,Ship,252,4,high,M,4,4303,3,1,0,Heavy,1,Low,4,2,2,1
3721,D,Ship,224,2,low,M,6,4994,4,5,0,Heavy,0,Low,3,2,0,1
3722,F,Ship,230,4,low,F,4,4782,5,2,1,Heavy,0,Low,4,2,0,0
3723,A,Ship,174,3,medium,F,10,4318,4,2,0,Heavy,0,Low,0,2,1,0
3724,B,Ship,226,3,medium,M,3,4940,3,2,1,Heavy,0,Low,1,2,1,1
3725,C,Ship,245,3,medium,M,9,5690,5,1,0,Heavy,0,Low,2,2,1,1
3726,F,Ship,206,5,medium,M,2,5766,5,1,0,Heavy,0,Low,4,2,1,1
3727,D,Ship,241,3,low,M,2,4976,3,5,1,Heavy,0,Low,3,2,0,1
3728,F,Ship,148,4,high,F,1,4249,3,4,0,Heavy,0,Low,4,2,2,0
3729,A,Ship,181,3,low,M,7,5875,5,2,0,Heavy,0,Low,0,2,0,1
3730,B,Ship,146,3,low,F,8,5673,4,3,1,Heavy,0,Low,1,2,0,0
3731,C,Ship,115,6,high,F,6,5636,3,3,0,Heavy,0,Low,2,2,2,0
3732,F,Ship,201,3,low,F,10,4530,4,5,1,Heavy,0,Low,4,2,0,0
3733,D,Ship,273,4,low,M,1,5225,5,5,1,Heavy,1,Low,3,2,0,1
3734,F,Ship,228,5,low,F,6,4506,5,5,0,Heavy,0,Low,4,2,0,0
3735,A,Ship,185,3,low,F,2,4336,4,5,1,Heavy,0,Low,0,2,0,0
3736,B,Ship,170,3,low,F,10,4858,6,1,0,Heavy,0,Low,1,2,0,0
3737,C,Ship,156,2,low,M,7,5017,4,4,0,Heavy,0,Low,2,2,0,1
3738,F,Ship,159,3,medium,M,3,5545,4,4,0,Heavy,0,Low,4,2,1,1
3739,D,Ship,263,2,high,F,8,4914,5,4,0,Heavy,1,Low,3,2,2,0
3740,F,Ship,159,3,medium,F,1,4314,3,5,1,Heavy,0,Low,4,2,1,0
3741,A,Ship,241,3,low,F,10,4244,5,2,1,Heavy,0,Low,0,2,0,0
3742,B,Ship,167,3,medium,M,3,4267,5,1,1,Heavy,0,Low,1,2,1,1
3743,C,Ship,231,3,low,M,4,5089,4,5,1,Heavy,0,Low,2,2,0,1
3744,F,Ship,233,2,low,F,5,4817,4,2,0,Heavy,0,Low,4,2,0,0
3745,D,Ship,256,4,high,M,2,5021,6,4,0,Heavy,1,Low,3,2,2,1
3746,F,Ship,205,4,high,F,3,4426,3,1,0,Heavy,0,Low,4,2,2,0
3747,A,Ship,180,2,high,M,1,4407,2,2,0,Heavy,0,Low,0,2,2,1
3748,B,Ship,187,2,medium,F,10,5957,2,3,0,Heavy,0,Low,1,2,1,0
3749,C,Ship,250,2,medium,M,1,4922,3,4,1,Heavy,0,Low,2,2,1,1
3750,F,Ship,273,2,low,M,9,5151,4,4,0,Heavy,1,Low,4,2,0,1
3751,D,Ship,224,2,low,F,10,4445,3,5,0,Heavy,0,Low,3,2,0,0
3752,F,Ship,195,2,medium,M,8,4365,3,2,0,Heavy,0,Low,4,2,1,1
3753,A,Ship,148,2,low,M,9,4334,4,2,0,Heavy,0,Low,0,2,0,1
3754,B,Ship,181,2,medium,F,4,4629,3,4,0,Heavy,0,Low,1,2,1,0
3755,C,Ship,111,4,high,F,2,5978,5,1,1,Heavy,0,Low,2,2,2,0
3756,F,Ship,181,3,medium,F,9,4163,3,2,0,Heavy,0,Low,4,2,1,0
3757,D,Ship,108,4,low,F,5,4787,3,2,0,Heavy,0,Low,3,2,0,0
3758,F,Ship,188,5,low,F,1,5999,4,5,1,Heavy,0,Low,4,2,0,0
3759,A,Ship,231,4,low,F,7,4553,6,3,1,Heavy,0,Low,0,2,0,0
3760,B,Ship,230,3,low,F,4,5127,2,3,0,Heavy,0,Low,1,2,0,0
3761,C,Ship,197,2,low,M,7,5449,4,3,0,Heavy,0,Low,2,2,0,1
3762,F,Ship,252,3,high,F,6,5101,3,1,0,Heavy,1,Low,4,2,2,0
3763,D,Ship,237,5,medium,F,2,5437,6,4,1,Heavy,0,Low,3,2,1,0
3764,F,Ship,182,3,medium,F,8,5453,4,4,1,Heavy,0,Low,4,2,1,0
3765,A,Ship,241,3,high,M,6,4157,5,4,0,Heavy,0,Low,0,2,2,1
3766,B,Ship,247,2,medium,F,6,5833,4,4,1,Heavy,0,Low,1,2,1,0
3767,C,Ship,156,4,low,M,8,5014,5,2,0,Heavy,0,Low,2,2,0,1
3768,F,Ship,189,3,low,M,7,4741,5,4,1,Heavy,0,Low,4,2,0,1
3769,D,Ship,240,4,low,M,9,4471,4,1,1,Heavy,0,Low,3,2,0,1
3770,F,Ship,196,3,medium,M,8,4516,3,1,0,Heavy,0,Low,4,2,1,1
3771,A,Ship,157,3,low,M,7,5100,3,5,0,Heavy,0,Low,0,2,0,1
3772,B,Ship,203,4,medium,M,10,5764,2,2,0,Heavy,0,Low,1,2,1,1
3773,C,Ship,156,8,medium,F,9,4733,3,5,1,Heavy,0,Low,2,2,1,0
3774,F,Ship,172,6,medium,F,5,5366,3,3,1,Heavy,0,Low,4,2,1,0
3775,D,Ship,204,2,low,F,1,4533,4,2,0,Heavy,0,Low,3,2,0,0
3776,F,Ship,283,7,high,F,9,5252,4,2,1,Heavy,1,Low,4,2,2,0
3777,A,Ship,257,10,medium,M,4,4710,4,4,0,Heavy,1,Low,0,2,1,1
3778,B,Ship,147,2,medium,M,3,5136,2,4,1,Heavy,0,Low,1,2,1,1
3779,C,Ship,229,3,low,F,6,5691,4,2,1,Heavy,0,Low,2,2,0,0
3780,F,Ship,111,2,low,F,1,4296,2,1,1,Heavy,0,Low,4,2,0,0
3781,D,Ship,231,2,high,F,8,5021,3,3,0,Heavy,0,Low,3,2,2,0
3782,F,Ship,197,3,low,F,6,5032,4,1,0,Heavy,0,Low,4,2,0,0
3783,A,Ship,157,2,medium,F,5,5647,4,1,0,Heavy,0,Low,0,2,1,0
3784,B,Ship,201,10,high,M,10,5281,3,3,0,Heavy,0,Low,1,2,2,1
3785,C,Ship,247,10,high,M,10,5644,4,3,0,Heavy,0,Low,2,2,2,1
3786,F,Ship,184,3,low,F,5,5045,5,5,0,Heavy,0,Low,4,2,0,0
3787,D,Ship,144,10,high,F,3,5000,3,2,0,Heavy,0,Low,3,2,2,0
3788,F,Ship,245,4,low,M,9,4139,3,4,0,Heavy,0,Low,4,2,0,1
3789,A,Ship,163,3,low,M,5,5638,3,3,0,Heavy,0,Low,0,2,0,1
3790,B,Ship,154,10,medium,F,3,4524,3,1,0,Heavy,0,Low,1,2,1,0
3791,C,Ship,245,2,low,M,8,5871,4,2,1,Heavy,0,Low,2,2,0,1
3792,F,Ship,268,10,medium,M,2,5626,3,3,1,Heavy,1,Low,4,2,1,1
3793,D,Ship,180,3,low,F,1,5677,4,1,0,Heavy,0,Low,3,2,0,0
3794,F,Ship,230,3,low,F,7,4889,2,2,0,Heavy,0,Low,4,2,0,0
3795,A,Ship,197,2,low,F,2,5685,4,1,0,Heavy,0,Low,0,2,0,0
3796,B,Ship,252,3,high,F,4,4248,3,5,0,Heavy,1,Low,1,2,2,0
3797,C,Ship,237,5,medium,F,10,5434,6,4,0,Heavy,0,Low,2,2,1,0
3798,F,Ship,182,3,medium,M,7,4710,4,2,1,Heavy,0,Low,4,2,1,1
3799,D,Ship,241,3,high,M,8,5306,5,1,1,Heavy,0,Low,3,2,2,1
3800,F,Ship,247,2,medium,F,3,4862,4,3,1,Heavy,0,Low,4,2,1,0
3801,A,Ship,156,4,low,M,1,5533,5,4,1,Heavy,0,Low,0,2,0,1
3802,B,Ship,189,3,low,F,1,5965,5,2,0,Heavy,0,Low,1,2,0,0
3803,C,Ship,240,4,low,F,7,5905,4,1,1,Heavy,0,Low,2,2,0,0
3804,F,Ship,196,3,medium,M,8,5204,3,4,0,Heavy,0,Low,4,2,1,1
3805,D,Ship,157,3,low,M,9,5807,3,3,1,Heavy,0,Low,3,2,0,1
3806,F,Ship,203,4,medium,F,4,4145,2,1,0,Heavy,0,Low,4,2,1,0
3807,A,Ship,156,8,medium,M,6,5637,3,2,1,Heavy,0,Low,0,2,1,1
3808,B,Ship,172,6,medium,F,1,4618,3,4,0,Heavy,0,Low,1,2,1,0
3809,C,Ship,204,2,low,M,7,5795,4,1,0,Heavy,0,Low,2,2,0,1
3810,F,Road,283,7,high,F,1,4216,4,3,1,Heavy,1,Low,4,1,2,0
3811,D,Road,257,10,medium,F,3,5881,4,3,1,Heavy,1,Low,3,1,1,0
3812,F,Road,147,2,medium,F,8,5499,2,5,0,Heavy,0,Low,4,1,1,0
3813,A,Road,229,3,low,M,5,5225,4,3,1,Heavy,0,Low,0,1,0,1
3814,B,Road,111,2,low,M,4,4473,2,5,1,Heavy,0,Low,1,1,0,1
3815,C,Road,231,2,high,F,6,4452,3,4,0,Heavy,0,Low,2,1,2,0
3816,F,Road,197,3,low,M,2,4113,4,2,1,Heavy,0,Low,4,1,0,1
3817,D,Road,157,2,medium,M,8,5398,4,4,0,Heavy,0,Low,3,1,1,1
3818,F,Road,201,10,high,F,7,4699,3,4,0,Heavy,0,Low,4,1,2,0
3819,A,Road,247,10,high,M,10,5882,4,3,0,Heavy,0,Low,0,1,2,1
3820,B,Road,184,3,low,F,2,5800,5,5,0,Heavy,0,Low,1,1,0,0
3821,C,Road,144,10,high,M,8,4440,3,4,0,Heavy,0,Low,2,1,2,1
3822,F,Road,245,4,low,M,4,5186,3,4,1,Heavy,0,Low,4,1,0,1
3823,D,Road,163,3,low,M,5,4570,3,5,0,Heavy,0,Low,3,1,0,1
3824,F,Road,154,10,medium,F,1,5235,3,3,1,Heavy,0,Low,4,1,1,0
3825,A,Road,245,2,low,M,1,5978,4,2,0,Heavy,0,Low,0,1,0,1
3826,B,Road,268,10,medium,M,9,4483,3,2,0,Heavy,1,Low,1,1,1,1
3827,C,Road,180,3,low,M,7,5718,4,3,0,Heavy,0,Low,2,1,0,1
3828,F,Road,182,4,low,M,10,1690,3,3,1,Light,0,Low,4,1,0,1
3829,D,Road,164,2,low,F,7,1116,4,2,0,Light,0,Low,3,1,0,0
3830,F,Road,136,3,low,M,2,1187,6,4,0,Light,0,Low,4,1,0,1
3831,A,Road,290,5,medium,M,8,1512,6,2,1,Light,1,Low,0,1,1,1
3832,B,Flight,134,3,medium,M,10,1278,6,1,1,Light,0,Low,1,0,1,1
3833,C,Flight,215,3,low,F,2,5563,4,1,1,Heavy,0,Low,2,0,0,0
3834,F,Flight,213,4,low,M,2,5857,4,4,1,Heavy,0,Low,4,0,0,1
3835,D,Flight,132,3,medium,F,4,4475,5,2,1,Heavy,0,Low,3,0,1,0
3836,F,Flight,220,4,low,M,2,4313,3,5,0,Heavy,0,Low,4,0,0,1
3837,A,Flight,215,2,low,F,8,5683,3,4,0,Heavy,0,Low,0,0,0,0
3838,B,Flight,212,2,low,F,5,4804,6,5,1,Heavy,0,Low,1,0,0,0
3839,C,Flight,190,4,medium,F,5,5570,4,1,1,Heavy,0,Low,2,0,1,0
3840,F,Flight,171,3,low,M,3,4749,5,2,1,Heavy,0,Low,4,0,0,1
3841,D,Flight,153,2,medium,F,4,4069,4,2,1,Heavy,0,Low,3,0,1,0
3842,F,Flight,164,3,medium,M,2,5488,3,1,0,Heavy,0,Low,4,0,1,1
3843,A,Flight,172,2,low,M,5,4554,5,4,1,Heavy,0,Low,0,0,0,1
3844,B,Flight,199,6,medium,F,7,4805,3,1,0,Heavy,0,Low,1,0,1,0
3845,C,Flight,163,3,medium,M,6,4323,3,2,0,Heavy,0,Low,2,0,1,1
3846,F,Flight,263,3,low,M,9,4699,5,2,1,Heavy,1,Low,4,0,0,1
3847,D,Flight,156,3,medium,M,7,4636,3,4,0,Heavy,0,Low,3,0,1,1
3848,F,Flight,206,4,low,M,1,4596,4,3,1,Heavy,0,Low,4,0,0,1
3849,A,Flight,224,2,low,M,8,4162,3,4,0,Heavy,0,Low,0,0,0,1
3850,B,Flight,221,2,medium,F,5,4205,3,3,1,Heavy,0,Low,1,0,1,0
3851,C,Flight,221,4,low,F,1,4865,4,3,0,Heavy,0,Low,2,0,0,0
3852,F,Flight,263,3,medium,F,10,4779,2,3,0,Heavy,1,Low,4,0,1,0
3853,D,Flight,148,4,low,F,10,5088,6,4,0,Heavy,0,Low,3,0,0,0
3854,F,Ship,232,3,low,F,9,5016,3,3,1,Heavy,0,Low,4,2,0,0
3855,A,Ship,139,3,medium,F,3,5847,3,1,1,Heavy,0,Low,0,2,1,0
3856,B,Ship,185,4,low,F,6,4015,3,3,0,Heavy,0,Low,1,2,0,0
3857,C,Ship,183,3,medium,M,9,4282,3,2,0,Heavy,0,Low,2,2,1,1
3858,F,Ship,245,2,medium,F,2,4882,5,1,1,Heavy,0,Low,4,2,1,0
3859,D,Ship,159,4,medium,M,9,4214,3,3,0,Heavy,0,Low,3,2,1,1
3860,F,Ship,249,3,medium,M,6,5212,5,2,0,Heavy,0,Low,4,2,1,1
3861,A,Ship,233,2,medium,M,10,5865,4,5,1,Heavy,0,Low,0,2,1,1
3862,B,Ship,226,2,high,M,2,5881,4,5,1,Heavy,0,Low,1,2,2,1
3863,C,Ship,152,3,medium,F,6,4735,5,1,0,Heavy,0,Low,2,2,1,0
3864,F,Ship,143,6,medium,F,1,5514,2,4,0,Heavy,0,Low,4,2,1,0
3865,D,Ship,218,6,medium,M,1,4558,6,2,1,Heavy,0,Low,3,2,1,1
3866,F,Ship,209,3,medium,M,2,4976,3,4,0,Heavy,0,Low,4,2,1,1
3867,A,Ship,157,2,medium,M,9,5875,2,2,0,Heavy,0,Low,0,2,1,1
3868,B,Ship,218,2,medium,M,6,4414,4,3,1,Heavy,0,Low,1,2,1,1
3869,C,Ship,235,3,high,F,10,4172,4,3,0,Heavy,0,Low,2,2,2,0
3870,F,Ship,253,2,medium,F,2,4364,5,5,0,Heavy,1,Low,4,2,1,0
3871,D,Ship,211,3,high,M,7,4145,3,2,1,Heavy,0,Low,3,2,2,1
3872,F,Ship,265,4,medium,M,3,4283,4,2,1,Heavy,1,Low,4,2,1,1
3873,A,Ship,201,3,medium,M,7,5967,4,2,1,Heavy,0,Low,0,2,1,1
3874,B,Ship,216,3,medium,M,1,5167,4,5,1,Heavy,0,Low,1,2,1,1
3875,C,Ship,176,3,low,F,4,5463,2,5,0,Heavy,0,Low,2,2,0,0
3876,F,Ship,155,3,medium,M,8,4924,4,5,0,Heavy,0,Low,4,2,1,1
3877,D,Ship,266,2,low,F,2,4290,4,4,0,Heavy,1,Low,3,2,0,0
3878,F,Ship,250,6,medium,M,7,5115,4,3,1,Heavy,0,Low,4,2,1,1
3879,A,Ship,205,4,low,M,6,5486,5,2,0,Heavy,0,Low,0,2,0,1
3880,B,Ship,175,3,low,M,1,4019,5,2,0,Heavy,0,Low,1,2,0,1
3881,C,Ship,260,4,high,F,3,4423,3,2,0,Heavy,1,Low,2,2,2,0
3882,F,Ship,157,3,high,F,1,5398,3,2,0,Heavy,0,Low,4,2,2,0
3883,D,Ship,282,3,medium,M,5,4644,5,3,1,Heavy,1,Low,3,2,1,1
3884,F,Ship,238,3,medium,F,8,5337,3,4,1,Heavy,0,Low,4,2,1,0
3885,A,Ship,187,2,medium,M,4,5139,3,4,1,Heavy,0,Low,0,2,1,1
3886,B,Ship,104,5,low,F,5,4643,3,3,0,Heavy,0,Low,1,2,0,0
3887,C,Ship,230,3,low,M,1,4727,5,4,0,Heavy,0,Low,2,2,0,1
3888,F,Ship,174,2,low,M,10,5554,4,3,0,Heavy,0,Low,4,2,0,1
3889,D,Ship,237,2,medium,M,3,5113,5,3,0,Heavy,0,Low,3,2,1,1
3890,F,Ship,202,2,medium,F,7,4506,3,1,1,Heavy,0,Low,4,2,1,0
3891,A,Ship,204,3,medium,M,4,5900,3,1,1,Heavy,0,Low,0,2,1,1
3892,B,Ship,243,2,high,M,7,4024,3,4,0,Heavy,0,Low,1,2,2,1
3893,C,Ship,165,2,medium,F,5,5014,4,1,1,Heavy,0,Low,2,2,1,0
3894,F,Ship,169,4,low,F,3,4968,2,4,1,Heavy,0,Low,4,2,0,0
3895,D,Ship,197,3,low,F,7,4632,2,3,0,Heavy,0,Low,3,2,0,0
3896,F,Ship,263,2,medium,M,8,4350,5,5,0,Heavy,1,Low,4,2,1,1
3897,A,Ship,247,2,low,M,3,4113,4,1,0,Heavy,0,Low,0,2,0,1
3898,B,Ship,207,3,low,M,9,4314,4,4,0,Heavy,0,Low,1,2,0,1
3899,C,Ship,155,2,medium,F,9,4932,4,4,1,Heavy,0,Low,2,2,1,0
3900,F,Ship,174,2,low,M,10,5764,4,5,0,Heavy,0,Low,4,2,0,1
3901,D,Ship,220,3,medium,M,8,4148,3,2,0,Heavy,0,Low,3,2,1,1
3902,F,Ship,192,3,medium,M,5,4942,5,5,1,Heavy,0,Low,4,2,1,1
3903,A,Ship,231,3,medium,F,2,4735,5,3,0,Heavy,0,Low,0,2,1,0
3904,B,Ship,237,3,low,F,10,5381,4,1,0,Heavy,0,Low,1,2,0,0
3905,C,Ship,187,3,medium,M,8,5872,4,1,0,Heavy,0,Low,2,2,1,1
3906,F,Ship,141,4,high,F,5,5444,5,4,1,Heavy,0,Low,4,2,2,0
3907,D,Ship,272,5,low,F,3,5243,4,4,0,Heavy,1,Low,3,2,0,0
3908,F,Ship,229,3,low,M,5,4971,3,1,1,Heavy,0,Low,4,2,0,1
3909,A,Ship,173,2,medium,M,9,4307,4,2,0,Heavy,0,Low,0,2,1,1
3910,B,Ship,271,2,low,M,7,5875,2,1,0,Heavy,1,Low,1,2,0,1
3911,C,Ship,246,3,medium,F,7,4956,4,5,0,Heavy,0,Low,2,2,1,0
3912,F,Ship,104,4,medium,M,3,4548,4,3,0,Heavy,0,Low,4,2,1,1
3913,D,Ship,121,5,low,F,8,4233,4,4,1,Heavy,0,Low,3,2,0,0
3914,F,Ship,212,3,medium,F,10,5935,3,3,0,Heavy,0,Low,4,2,1,0
3915,A,Ship,139,5,medium,F,5,4572,3,1,0,Heavy,0,Low,0,2,1,0
3916,B,Ship,250,3,low,M,10,5688,3,4,0,Heavy,0,Low,1,2,0,1
3917,C,Ship,272,2,low,M,10,4826,4,4,1,Heavy,1,Low,2,2,0,1
3918,F,Ship,160,5,medium,M,8,5982,6,1,0,Heavy,0,Low,4,2,1,1
3919,D,Ship,170,4,low,F,4,4855,5,1,1,Heavy,0,Low,3,2,0,0
3920,F,Ship,260,2,low,F,1,5001,4,1,1,Heavy,1,Low,4,2,0,0
3921,A,Ship,168,3,low,F,7,4008,2,1,0,Heavy,0,Low,0,2,0,0
3922,B,Ship,261,2,medium,M,7,5764,4,2,0,Heavy,1,Low,1,2,1,1
3923,C,Ship,117,3,medium,F,4,5332,5,4,0,Heavy,0,Low,2,2,1,0
3924,F,Ship,151,4,medium,F,5,5469,4,2,0,Heavy,0,Low,4,2,1,0
3925,D,Ship,181,2,medium,F,4,5578,5,1,1,Heavy,0,Low,3,2,1,0
3926,F,Ship,251,4,low,M,2,5656,6,1,0,Heavy,1,Low,4,2,0,1
3927,A,Ship,178,3,medium,F,8,4451,2,3,1,Heavy,0,Low,0,2,1,0
3928,B,Ship,227,3,low,M,10,4305,3,1,1,Heavy,0,Low,1,2,0,1
3929,C,Ship,206,4,medium,M,1,4812,4,3,1,Heavy,0,Low,2,2,1,1
3930,F,Ship,181,4,low,M,4,5767,4,4,0,Heavy,0,Low,4,2,0,1
3931,D,Ship,117,5,medium,F,1,4378,4,5,0,Heavy,0,Low,3,2,1,0
3932,F,Ship,187,6,medium,F,9,4388,2,4,0,Heavy,0,Low,4,2,1,0
3933,A,Ship,219,4,medium,M,5,4096,5,3,0,Heavy,0,Low,0,2,1,1
3934,B,Ship,280,3,low,M,7,4620,6,3,1,Heavy,1,Low,1,2,0,1
3935,C,Ship,178,3,low,F,5,4096,6,5,0,Heavy,0,Low,2,2,0,0
3936,F,Ship,139,2,medium,M,3,4226,3,1,0,Heavy,0,Low,4,2,1,1
3937,D,Ship,137,2,low,F,6,5709,3,5,1,Heavy,0,Low,3,2,0,0
3938,F,Ship,248,2,low,F,6,5863,5,3,1,Heavy,0,Low,4,2,0,0
3939,A,Ship,259,3,low,F,10,5978,3,5,0,Heavy,1,Low,0,2,0,0
3940,B,Ship,139,3,medium,M,5,5126,4,5,0,Heavy,0,Low,1,2,1,1
3941,C,Ship,267,2,medium,M,4,4703,3,5,0,Heavy,1,Low,2,2,1,1
3942,F,Ship,271,4,medium,M,1,5852,3,5,1,Heavy,1,Low,4,2,1,1
3943,D,Ship,181,4,medium,F,4,5505,5,1,0,Heavy,0,Low,3,2,1,0
3944,F,Ship,222,2,medium,M,2,4425,4,5,0,Heavy,0,Low,4,2,1,1
3945,A,Ship,159,2,medium,M,6,5804,3,5,0,Heavy,0,Low,0,2,1,1
3946,B,Ship,238,2,medium,M,3,4930,3,4,0,Heavy,0,Low,1,2,1,1
3947,C,Road,256,6,medium,F,5,5614,5,3,1,Heavy,1,Low,2,1,1,0
3948,F,Road,202,3,low,M,9,4955,4,2,0,Heavy,0,Low,4,1,0,1
3949,D,Road,258,3,medium,M,2,4188,4,1,0,Heavy,1,Low,3,1,1,1
3950,F,Road,174,3,medium,F,8,5576,4,5,0,Heavy,0,Low,4,1,1,0
3951,A,Road,270,2,low,M,7,5814,4,3,0,Heavy,1,Low,0,1,0,1
3952,B,Road,215,3,low,M,9,4551,4,1,0,Heavy,0,Low,1,1,0,1
3953,C,Road,254,4,medium,M,9,4571,3,1,0,Heavy,1,Low,2,1,1,1
3954,F,Road,253,2,low,F,9,5972,6,4,0,Heavy,1,Low,4,1,0,0
3955,D,Road,269,4,medium,M,1,5797,3,2,0,Heavy,1,Low,3,1,1,1
3956,F,Road,224,5,low,F,7,5738,4,1,0,Heavy,0,Low,4,1,0,0
3957,A,Road,157,3,medium,M,1,4391,3,1,0,Heavy,0,Low,0,1,1,1
3958,B,Road,250,3,low,F,5,4625,3,3,0,Heavy,0,Low,1,1,0,0
3959,C,Road,132,4,medium,M,5,5235,6,1,1,Heavy,0,Low,2,1,1,1
3960,F,Road,256,3,medium,M,6,5604,5,2,1,Heavy,1,Low,4,1,1,1
3961,D,Road,237,3,low,M,1,5114,4,2,0,Heavy,0,Low,3,1,0,1
3962,F,Road,199,2,medium,M,7,4660,5,1,1,Heavy,0,Low,4,1,1,1
3963,A,Road,186,3,medium,M,7,4536,3,4,0,Heavy,0,Low,0,1,1,1
3964,B,Road,213,3,medium,F,7,4114,4,5,0,Heavy,0,Low,1,1,1,0
3965,C,Road,260,2,medium,F,6,4332,3,1,0,Heavy,1,Low,2,1,1,0
3966,F,Road,247,3,low,M,1,4637,6,1,1,Heavy,0,Low,4,1,0,1
3967,D,Road,178,2,medium,F,9,4322,4,3,1,Heavy,0,Low,3,1,1,0
3968,F,Road,135,2,low,M,7,5682,3,1,0,Heavy,0,Low,4,1,0,1
3969,A,Flight,234,3,medium,F,3,4187,3,3,1,Heavy,0,Low,0,0,1,0
3970,B,Flight,214,3,high,F,1,4004,4,5,0,Heavy,0,Low,1,0,2,0
3971,C,Flight,174,3,low,F,8,5549,4,1,0,Heavy,0,Low,2,0,0,0
3972,F,Flight,262,2,medium,M,8,4283,5,5,0,Heavy,1,Low,4,0,1,1
3973,D,Flight,180,3,high,F,5,4346,4,1,0,Heavy,0,Low,3,0,2,0
3974,F,Flight,165,2,medium,F,6,4819,5,2,1,Heavy,0,Low,4,0,1,0
3975,A,Flight,150,3,low,F,10,4470,4,1,0,Heavy,0,Low,0,0,0,0
3976,B,Flight,227,2,low,F,9,5706,5,4,1,Heavy,0,Low,1,0,0,0
3977,C,Flight,220,3,medium,M,8,5727,5,1,1,Heavy,0,Low,2,0,1,1
3978,F,Flight,255,2,medium,M,1,4604,5,5,1,Heavy,1,Low,4,0,1,1
3979,D,Flight,202,2,medium,M,5,5135,3,2,1,Heavy,0,Low,3,0,1,1
3980,F,Flight,261,3,medium,M,2,4140,4,4,0,Heavy,1,Low,4,0,1,1
3981,A,Flight,244,2,low,M,5,4713,5,3,0,Heavy,0,Low,0,0,0,1
3982,B,Flight,173,3,medium,F,1,5128,4,2,0,Heavy,0,Low,1,0,1,0
3983,C,Flight,224,3,medium,M,1,5343,3,2,1,Heavy,0,Low,2,0,1,1
3984,F,Flight,263,2,medium,M,2,5797,4,4,1,Heavy,1,Low,4,0,1,1
3985,D,Flight,160,5,low,F,1,4672,5,1,0,Heavy,0,Low,3,0,0,0
3986,F,Flight,106,5,low,M,9,4038,6,2,1,Heavy,0,Low,4,0,0,1
3987,A,Flight,227,2,medium,M,9,4659,3,2,0,Heavy,0,Low,0,0,1,1
3988,B,Flight,257,2,low,M,2,5251,3,5,1,Heavy,1,Low,1,0,0,1
3989,C,Flight,155,3,medium,F,6,5113,3,1,1,Heavy,0,Low,2,0,1,0
3990,F,Flight,212,3,low,F,8,5214,3,4,0,Heavy,0,Low,4,0,0,0
3991,D,Ship,205,3,low,M,10,4996,6,3,0,Heavy,0,Low,3,2,0,1
3992,F,Ship,211,3,low,F,6,5890,3,4,0,Heavy,0,Low,4,2,0,0
3993,A,Ship,178,5,low,F,9,4729,5,4,1,Heavy,0,Low,0,2,0,0
3994,B,Ship,221,3,high,M,5,4568,3,3,1,Heavy,0,Low,1,2,2,1
3995,C,Ship,253,4,low,F,9,4682,3,3,1,Heavy,1,Low,2,2,0,0
3996,F,Ship,185,2,medium,M,8,5430,3,1,1,Heavy,0,Low,4,2,1,1
3997,D,Ship,160,2,high,M,6,5667,3,3,0,Heavy,0,Low,3,2,2,1
3998,F,Ship,173,2,low,M,5,4402,3,4,0,Heavy,0,Low,4,2,0,1
3999,A,Ship,256,3,medium,M,8,4070,3,3,0,Heavy,1,Low,0,2,1,1
4000,B,Ship,134,3,high,F,6,5680,3,4,0,Heavy,0,Low,1,2,2,0
4001,C,Ship,160,6,low,F,4,4684,4,5,1,Heavy,0,Low,2,2,0,0
4002,F,Ship,205,3,low,M,1,5137,2,3,0,Heavy,0,Low,4,2,0,1
4003,D,Ship,202,3,low,M,4,4029,4,1,0,Heavy,0,Low,3,2,0,1
4004,F,Ship,158,3,medium,F,2,4153,2,2,0,Heavy,0,Low,4,2,1,0
4005,A,Ship,233,3,medium,M,4,5259,4,3,0,Heavy,0,Low,0,2,1,1
4006,B,Ship,163,2,high,F,10,5364,3,3,1,Heavy,0,Low,1,2,2,0
4007,C,Ship,202,4,medium,M,4,4053,4,4,0,Heavy,0,Low,2,2,1,1
4008,F,Ship,229,3,low,M,1,5189,5,2,1,Heavy,0,Low,4,2,0,1
4009,D,Ship,120,4,high,M,1,4183,5,4,0,Heavy,0,Low,3,2,2,1
4010,F,Ship,185,2,medium,F,10,5973,5,1,1,Heavy,0,Low,4,2,1,0
4011,A,Ship,154,3,medium,F,1,4377,2,5,0,Heavy,0,Low,0,2,1,0
4012,B,Ship,238,3,medium,M,4,5782,2,4,1,Heavy,0,Low,1,2,1,1
4013,C,Ship,179,3,low,M,3,5284,4,2,0,Heavy,0,Low,2,2,0,1
4014,F,Ship,237,2,medium,F,10,4963,4,5,0,Heavy,0,Low,4,2,1,0
4015,D,Ship,234,3,low,F,8,4996,4,1,0,Heavy,0,Low,3,2,0,0
4016,F,Ship,116,3,low,F,1,4091,2,5,1,Heavy,0,Low,4,2,0,0
4017,A,Ship,157,4,low,F,8,4344,4,5,1,Heavy,0,Low,0,2,0,0
4018,B,Ship,151,3,medium,M,8,4390,4,2,1,Heavy,0,Low,1,2,1,1
4019,C,Ship,160,3,medium,F,1,5062,3,5,0,Heavy,0,Low,2,2,1,0
4020,F,Ship,226,3,low,M,8,5203,3,5,1,Heavy,0,Low,4,2,0,1
4021,D,Ship,254,3,low,M,6,5684,2,5,0,Heavy,1,Low,3,2,0,1
4022,F,Ship,194,3,low,M,8,5726,3,5,1,Heavy,0,Low,4,2,0,1
4023,A,Ship,194,4,medium,F,4,4003,5,5,0,Heavy,0,Low,0,2,1,0
4024,B,Ship,175,3,low,M,6,5503,3,4,0,Heavy,0,Low,1,2,0,1
4025,C,Ship,228,2,medium,F,9,4091,4,1,0,Heavy,0,Low,2,2,1,0
4026,F,Ship,240,3,low,F,4,5056,3,3,1,Heavy,0,Low,4,2,0,0
4027,D,Ship,166,3,medium,F,8,4255,2,1,1,Heavy,0,Low,3,2,1,0
4028,F,Ship,249,2,medium,F,10,4562,4,5,0,Heavy,0,Low,4,2,1,0
4029,A,Ship,261,3,medium,M,7,4314,4,1,1,Heavy,1,Low,0,2,1,1
4030,B,Ship,209,2,low,F,10,5066,4,1,0,Heavy,0,Low,1,2,0,0
4031,C,Ship,154,2,medium,M,4,5864,3,2,0,Heavy,0,Low,2,2,1,1
4032,F,Ship,98,3,low,F,8,5946,6,5,0,Heavy,0,Low,4,2,0,0
4033,D,Ship,193,3,medium,M,2,4784,3,5,0,Heavy,0,Low,3,2,1,1
4034,F,Ship,169,3,low,F,6,5397,3,5,0,Heavy,0,Low,4,2,0,0
4035,A,Ship,227,2,medium,M,3,5904,5,4,0,Heavy,0,Low,0,2,1,1
4036,B,Ship,150,2,medium,M,6,4170,3,3,1,Heavy,0,Low,1,2,1,1
4037,C,Ship,260,6,medium,M,8,5440,5,4,1,Heavy,1,Low,2,2,1,1
4038,F,Ship,243,6,medium,F,9,4587,5,5,0,Heavy,0,Low,4,2,1,0
4039,D,Ship,271,8,medium,F,10,4183,2,4,0,Heavy,1,Low,3,2,1,0
4040,F,Ship,129,6,medium,F,5,5626,4,3,0,Heavy,0,Low,4,2,1,0
4041,A,Ship,228,3,medium,F,4,4208,3,2,0,Heavy,0,Low,0,2,1,0
4042,B,Ship,243,2,low,M,9,4669,5,5,1,Heavy,0,Low,1,2,0,1
4043,C,Ship,187,3,medium,F,6,5547,2,3,0,Heavy,0,Low,2,2,1,0
4044,F,Ship,185,3,medium,F,10,4387,3,3,0,Heavy,0,Low,4,2,1,0
4045,D,Ship,228,3,high,F,1,5500,2,1,1,Heavy,0,Low,3,2,2,0
4046,F,Ship,248,8,low,F,2,4023,5,1,1,Heavy,0,Low,4,2,0,0
4047,A,Ship,233,4,low,F,6,4652,4,5,0,Heavy,0,Low,0,2,0,0
4048,B,Ship,151,3,medium,F,8,4025,4,3,1,Heavy,0,Low,1,2,1,0
4049,C,Ship,160,3,high,M,3,4599,5,2,0,Heavy,0,Low,2,2,2,1
4050,F,Ship,265,3,medium,M,4,4268,3,5,1,Heavy,1,Low,4,2,1,1
4051,D,Ship,229,7,high,F,4,5075,3,3,1,Heavy,0,Low,3,2,2,0
4052,F,Ship,144,7,high,F,8,5646,6,3,1,Heavy,0,Low,4,2,2,0
4053,A,Ship,172,10,high,F,1,4929,3,5,1,Heavy,0,Low,0,2,2,0
4054,B,Ship,273,10,medium,F,5,4608,3,5,0,Heavy,1,Low,1,2,1,0
4055,C,Ship,182,4,low,M,7,1869,3,3,1,Light,0,Low,2,2,0,1
4056,F,Ship,164,2,low,F,3,1376,4,3,0,Light,0,Low,4,2,0,0
4057,D,Ship,240,3,low,F,4,5484,3,1,1,Heavy,0,Low,3,2,0,0
4058,F,Ship,166,3,medium,M,6,4280,2,1,0,Heavy,0,Low,4,2,1,1
4059,A,Ship,249,2,medium,F,7,5876,4,2,1,Heavy,0,Low,0,2,1,0
4060,B,Ship,261,3,medium,M,1,4590,4,3,0,Heavy,1,Low,1,2,1,1
4061,C,Ship,209,2,low,F,8,4047,4,5,0,Heavy,0,Low,2,2,0,0
4062,F,Ship,154,2,medium,M,6,4744,3,5,0,Heavy,0,Low,4,2,1,1
4063,D,Ship,98,3,low,F,8,4651,6,3,1,Heavy,0,Low,3,2,0,0
4064,F,Ship,193,3,medium,F,9,4982,3,5,0,Heavy,0,Low,4,2,1,0
4065,A,Ship,169,3,low,F,6,4081,3,1,1,Heavy,0,Low,0,2,0,0
4066,B,Ship,227,2,medium,M,10,4734,5,4,0,Heavy,0,Low,1,2,1,1
4067,C,Ship,150,2,medium,M,10,5944,3,5,0,Heavy,0,Low,2,2,1,1
4068,F,Ship,260,6,medium,F,10,4986,5,3,0,Heavy,1,Low,4,2,1,0
4069,D,Ship,243,6,medium,F,1,4170,5,4,1,Heavy,0,Low,3,2,1,0
4070,F,Ship,271,8,medium,F,5,4924,2,1,0,Heavy,1,Low,4,2,1,0
4071,A,Ship,129,6,medium,F,7,4873,4,4,1,Heavy,0,Low,0,2,1,0
4072,B,Ship,228,3,medium,F,8,4927,3,3,0,Heavy,0,Low,1,2,1,0
4073,C,Ship,243,2,low,F,9,4828,5,3,1,Heavy,0,Low,2,2,0,0
4074,F,Ship,187,3,medium,F,3,5922,2,1,0,Heavy,0,Low,4,2,1,0
4075,D,Ship,185,3,medium,M,4,4111,3,3,1,Heavy,0,Low,3,2,1,1
4076,F,Ship,228,3,high,M,5,4663,2,3,0,Heavy,0,Low,4,2,2,1
4077,A,Ship,248,8,low,F,10,4583,5,2,0,Heavy,0,Low,0,2,0,0
4078,B,Ship,233,4,low,F,6,4705,4,5,1,Heavy,0,Low,1,2,0,0
4079,C,Ship,151,3,medium,F,10,5275,4,5,0,Heavy,0,Low,2,2,1,0
4080,F,Ship,160,3,high,M,2,5876,5,4,0,Heavy,0,Low,4,2,2,1
4081,D,Ship,265,3,medium,F,7,5113,3,4,0,Heavy,1,Low,3,2,1,0
4082,F,Ship,229,7,high,M,3,5584,3,2,0,Heavy,0,Low,4,2,2,1
4083,A,Ship,144,7,high,M,1,5501,6,2,0,Heavy,0,Low,0,2,2,1
4084,B,Road,172,10,high,M,9,4883,3,4,0,Heavy,0,Low,1,1,2,1
4085,C,Road,273,10,medium,F,10,5574,3,3,1,Heavy,1,Low,2,1,1,0
4086,F,Road,182,4,low,M,6,1272,3,5,1,Light,0,Low,4,1,0,1
4087,D,Road,164,2,low,F,9,1949,4,4,1,Light,0,Low,3,1,0,0
4088,F,Road,268,2,medium,M,5,1707,3,5,0,Light,1,Low,4,1,1,1
4089,A,Road,218,4,medium,F,4,1678,3,3,1,Light,0,Low,0,1,1,0
4090,B,Road,236,2,medium,M,6,1329,5,3,1,Light,0,Low,1,1,1,1
4091,C,Road,188,4,low,M,2,1059,3,4,1,Light,0,Low,2,1,0,1
4092,F,Road,277,5,medium,F,8,1335,4,2,0,Light,1,Low,4,1,1,0
4093,D,Road,127,3,low,F,8,5976,6,1,1,Heavy,0,Low,3,1,0,0
4094,F,Road,143,3,low,M,5,5146,5,1,1,Heavy,0,Low,4,1,0,1
4095,A,Road,192,6,medium,M,7,4014,6,1,1,Heavy,0,Low,0,1,1,1
4096,B,Road,239,2,medium,F,9,4360,4,2,0,Heavy,0,Low,1,1,1,0
4097,C,Road,215,3,low,M,4,4828,3,5,1,Heavy,0,Low,2,1,0,1
4098,F,Road,139,5,medium,M,1,4243,6,1,0,Heavy,0,Low,4,1,1,1
4099,D,Road,250,3,medium,F,4,5361,3,2,0,Heavy,0,Low,3,1,1,0
4100,F,Road,187,3,medium,F,1,5541,3,1,0,Heavy,0,Low,4,1,1,0
4101,A,Road,151,3,low,F,5,5982,2,1,1,Heavy,0,Low,0,1,0,0
4102,B,Road,181,3,medium,M,9,4191,3,5,0,Heavy,0,Low,1,1,1,1
4103,C,Road,170,5,low,M,5,4823,4,4,1,Heavy,0,Low,2,1,0,1
4104,F,Road,139,3,low,F,1,4986,4,3,0,Heavy,0,Low,4,1,0,0
4105,D,Road,186,2,low,F,1,4519,4,4,0,Heavy,0,Low,3,1,0,0
4106,F,Flight,273,3,medium,F,2,4948,3,2,0,Heavy,1,Low,4,0,1,0
4107,A,Flight,274,5,low,F,8,4292,6,1,1,Heavy,1,Low,0,0,0,0
4108,B,Flight,108,2,low,F,10,5559,3,5,1,Heavy,0,Low,1,0,0,0
4109,C,Flight,132,3,medium,F,4,4212,3,5,0,Heavy,0,Low,2,0,1,0
4110,F,Flight,223,3,medium,F,4,4972,4,1,1,Heavy,0,Low,4,0,1,0
4111,D,Flight,240,3,medium,M,2,4804,3,2,0,Heavy,0,Low,3,0,1,1
4112,F,Flight,106,2,low,F,3,5615,3,5,0,Heavy,0,Low,4,0,0,0
4113,A,Flight,143,5,medium,F,5,4393,5,4,1,Heavy,0,Low,0,0,1,0
4114,B,Flight,238,2,medium,M,5,5441,5,1,1,Heavy,0,Low,1,0,1,1
4115,C,Flight,156,3,medium,M,3,5937,2,1,0,Heavy,0,Low,2,0,1,1
4116,F,Flight,203,3,low,F,9,5296,4,2,1,Heavy,0,Low,4,0,0,0
4117,D,Flight,259,4,medium,F,5,4564,3,4,1,Heavy,1,Low,3,0,1,0
4118,F,Flight,225,3,low,M,10,4486,4,4,0,Heavy,0,Low,4,0,0,1
4119,A,Flight,154,3,medium,F,9,5208,4,5,0,Heavy,0,Low,0,0,1,0
4120,B,Flight,227,3,medium,M,2,4058,5,2,1,Heavy,0,Low,1,0,1,1
4121,C,Flight,208,2,medium,F,1,5826,4,3,0,Heavy,0,Low,2,0,1,0
4122,F,Flight,255,3,medium,F,8,5983,5,3,0,Heavy,1,Low,4,0,1,0
4123,D,Flight,218,2,low,M,7,4597,4,1,0,Heavy,0,Low,3,0,0,1
4124,F,Flight,184,3,medium,M,1,4161,3,5,0,Heavy,0,Low,4,0,1,1
4125,A,Flight,233,2,low,M,7,4403,4,1,1,Heavy,0,Low,0,0,0,1
4126,B,Flight,230,4,medium,F,2,5916,3,5,1,Heavy,0,Low,1,0,1,0
4127,C,Flight,249,3,low,M,5,5017,4,3,1,Heavy,0,Low,2,0,0,1
4128,F,Ship,176,4,low,M,2,4893,5,2,0,Heavy,0,Low,4,2,0,1
4129,D,Ship,272,4,low,M,3,5566,4,2,0,Heavy,1,Low,3,2,0,1
4130,F,Ship,192,2,low,M,7,4151,4,4,0,Heavy,0,Low,4,2,0,1
4131,A,Ship,100,4,low,M,3,5756,6,3,0,Heavy,0,Low,0,2,0,1
4132,B,Ship,271,6,low,F,2,4237,2,1,1,Heavy,1,Low,1,2,0,0
4133,C,Ship,165,3,high,M,5,4735,4,5,0,Heavy,0,Low,2,2,2,1
4134,F,Ship,124,4,medium,F,10,5011,3,4,0,Heavy,0,Low,4,2,1,0
4135,D,Ship,193,4,low,F,4,4796,4,1,0,Heavy,0,Low,3,2,0,0
4136,F,Ship,156,3,medium,M,2,4681,3,2,0,Heavy,0,Low,4,2,1,1
4137,A,Ship,170,3,medium,M,10,4198,5,3,0,Heavy,0,Low,0,2,1,1
4138,B,Ship,243,5,medium,M,5,4750,2,3,1,Heavy,0,Low,1,2,1,1
4139,C,Ship,163,2,low,F,7,5720,3,4,0,Heavy,0,Low,2,2,0,0
4140,F,Ship,201,2,low,F,4,4955,4,3,1,Heavy,0,Low,4,2,0,0
4141,D,Ship,232,3,low,M,10,5333,3,5,0,Heavy,0,Low,3,2,0,1
4142,F,Ship,214,3,medium,F,2,4964,3,3,1,Heavy,0,Low,4,2,1,0
4143,A,Ship,149,2,medium,F,7,4147,3,1,1,Heavy,0,Low,0,2,1,0
4144,B,Ship,122,3,high,F,10,4880,3,4,0,Heavy,0,Low,1,2,2,0
4145,C,Ship,253,4,low,M,2,5040,3,3,1,Heavy,1,Low,2,2,0,1
4146,F,Ship,123,4,medium,M,8,4042,2,5,0,Heavy,0,Low,4,2,1,1
4147,D,Ship,261,3,medium,F,2,4028,4,3,0,Heavy,1,Low,3,2,1,0
4148,F,Ship,235,3,low,F,7,5061,5,1,0,Heavy,0,Low,4,2,0,0
4149,A,Ship,141,4,medium,M,8,4702,2,3,0,Heavy,0,Low,0,2,1,1
4150,B,Ship,241,2,low,M,8,5602,3,1,1,Heavy,0,Low,1,2,0,1
4151,C,Ship,253,2,low,F,9,4299,4,1,0,Heavy,1,Low,2,2,0,0
4152,F,Ship,177,2,low,F,6,5116,4,4,0,Heavy,0,Low,4,2,0,0
4153,D,Ship,160,3,high,M,10,5527,5,4,0,Heavy,0,Low,3,2,2,1
4154,F,Ship,134,3,low,F,9,4436,3,4,0,Heavy,0,Low,4,2,0,0
4155,A,Ship,258,2,medium,F,4,5965,5,2,0,Heavy,1,Low,0,2,1,0
4156,B,Ship,188,2,low,M,6,4840,5,3,0,Heavy,0,Low,1,2,0,1
4157,C,Ship,270,3,medium,F,5,5950,5,2,1,Heavy,1,Low,2,2,1,0
4158,F,Ship,243,2,medium,M,10,5460,3,1,0,Heavy,0,Low,4,2,1,1
4159,D,Ship,100,4,low,M,3,5398,2,4,0,Heavy,0,Low,3,2,0,1
4160,F,Ship,134,4,medium,M,7,5370,3,3,1,Heavy,0,Low,4,2,1,1
4161,A,Ship,255,3,medium,M,3,4562,4,2,1,Heavy,1,Low,0,2,1,1
4162,B,Ship,260,2,low,M,8,5382,3,3,0,Heavy,1,Low,1,2,0,1
4163,C,Ship,265,3,low,M,6,4423,5,5,1,Heavy,1,Low,2,2,0,1
4164,F,Ship,221,3,low,M,2,5847,2,5,0,Heavy,0,Low,4,2,0,1
4165,D,Ship,157,4,low,M,9,4840,5,4,0,Heavy,0,Low,3,2,0,1
4166,F,Ship,222,3,low,F,8,4861,4,3,0,Heavy,0,Low,4,2,0,0
4167,A,Ship,179,3,low,M,7,5496,5,2,0,Heavy,0,Low,0,2,0,1
4168,B,Ship,231,3,low,F,5,5046,3,2,0,Heavy,0,Low,1,2,0,0
4169,C,Ship,228,2,low,M,6,5893,3,5,0,Heavy,0,Low,2,2,0,1
4170,F,Ship,264,2,low,M,9,5898,2,5,1,Heavy,1,Low,4,2,0,1
4171,D,Ship,170,3,medium,F,2,5330,4,3,1,Heavy,0,Low,3,2,1,0
4172,F,Ship,159,2,medium,F,3,4876,3,2,0,Heavy,0,Low,4,2,1,0
4173,A,Ship,166,3,high,M,6,5089,3,3,1,Heavy,0,Low,0,2,2,1
4174,B,Ship,234,2,medium,M,8,4012,3,2,1,Heavy,0,Low,1,2,1,1
4175,C,Ship,215,5,medium,F,5,4362,6,1,0,Heavy,0,Low,2,2,1,0
4176,F,Ship,179,2,high,F,8,5589,3,2,0,Heavy,0,Low,4,2,2,0
4177,D,Ship,180,3,medium,M,8,5953,3,3,1,Heavy,0,Low,3,2,1,1
4178,F,Ship,149,3,low,M,9,4953,4,5,1,Heavy,0,Low,4,2,0,1
4179,A,Ship,150,3,low,M,1,5825,3,2,0,Heavy,0,Low,0,2,0,1
4180,B,Ship,155,3,low,F,4,5666,4,1,0,Heavy,0,Low,1,2,0,0
4181,C,Ship,199,2,medium,M,4,4762,4,5,0,Heavy,0,Low,2,2,1,1
4182,F,Ship,169,2,low,F,10,4248,4,5,0,Heavy,0,Low,4,2,0,0
4183,D,Ship,276,6,low,F,8,5037,6,4,0,Heavy,1,Low,3,2,0,0
4184,F,Ship,257,3,low,F,1,5843,4,3,0,Heavy,1,Low,4,2,0,0
4185,A,Ship,153,2,medium,M,1,4366,4,3,1,Heavy,0,Low,0,2,1,1
4186,B,Ship,228,4,low,M,6,4946,5,5,1,Heavy,0,Low,1,2,0,1
4187,C,Ship,133,2,medium,F,4,4724,4,4,0,Heavy,0,Low,2,2,1,0
4188,F,Ship,206,3,medium,F,10,4262,4,4,0,Heavy,0,Low,4,2,1,0
4189,D,Ship,263,5,low,M,9,5731,4,5,1,Heavy,1,Low,3,2,0,1
4190,F,Ship,190,2,medium,F,4,4501,4,1,0,Heavy,0,Low,4,2,1,0
4191,A,Ship,175,2,medium,M,4,4910,4,5,1,Heavy,0,Low,0,2,1,1
4192,B,Ship,272,3,low,M,2,4059,3,3,1,Heavy,1,Low,1,2,0,1
4193,C,Ship,111,4,medium,M,10,4711,4,1,0,Heavy,0,Low,2,2,1,1
4194,F,Ship,233,3,low,F,5,5756,5,2,1,Heavy,0,Low,4,2,0,0
4195,D,Ship,235,3,low,F,4,5325,5,5,0,Heavy,0,Low,3,2,0,0
4196,F,Ship,255,4,medium,M,5,4415,3,2,0,Heavy,1,Low,4,2,1,1
4197,A,Ship,216,2,low,F,6,4005,4,3,0,Heavy,0,Low,0,2,0,0
4198,B,Ship,266,3,medium,F,5,4641,4,4,0,Heavy,1,Low,1,2,1,0
4199,C,Ship,200,4,medium,F,7,4953,4,3,1,Heavy,0,Low,2,2,1,0
4200,F,Ship,194,3,medium,F,6,5721,3,3,1,Heavy,0,Low,4,2,1,0
4201,D,Ship,220,3,low,M,3,5020,4,2,0,Heavy,0,Low,3,2,0,1
4202,F,Ship,270,2,low,F,1,5148,4,4,1,Heavy,1,Low,4,2,0,0
4203,A,Ship,168,3,medium,M,2,4231,3,2,0,Heavy,0,Low,0,2,1,1
4204,B,Ship,172,4,medium,M,8,5900,4,5,1,Heavy,0,Low,1,2,1,1
4205,C,Ship,168,3,high,F,4,4759,4,5,1,Heavy,0,Low,2,2,2,0
4206,F,Ship,243,3,low,M,4,5415,5,2,0,Heavy,0,Low,4,2,0,1
4207,D,Ship,181,3,low,F,1,5094,3,3,1,Heavy,0,Low,3,2,0,0
4208,F,Ship,167,2,low,F,2,4141,3,5,0,Heavy,0,Low,4,2,0,0
4209,A,Ship,224,3,low,F,3,5967,4,2,0,Heavy,0,Low,0,2,0,0
4210,B,Ship,252,3,medium,M,6,5221,5,4,0,Heavy,1,Low,1,2,1,1
4211,C,Ship,266,3,medium,M,8,4493,4,3,0,Heavy,1,Low,2,2,1,1
4212,F,Ship,144,2,low,F,5,4882,4,3,0,Heavy,0,Low,4,2,0,0
4213,D,Ship,222,3,low,M,4,5149,3,5,0,Heavy,0,Low,3,2,0,1
4214,F,Ship,199,3,low,M,10,5002,4,4,1,Heavy,0,Low,4,2,0,1
4215,A,Ship,214,3,medium,F,2,4958,3,1,0,Heavy,0,Low,0,2,1,0
4216,B,Ship,258,3,medium,F,2,5828,3,1,1,Heavy,1,Low,1,2,1,0
4217,C,Ship,194,4,low,M,1,5534,3,5,0,Heavy,0,Low,2,2,0,1
4218,F,Ship,201,3,low,M,2,5132,5,2,1,Heavy,0,Low,4,2,0,1
4219,D,Ship,243,3,medium,F,5,4383,3,5,0,Heavy,0,Low,3,2,1,0
4220,F,Ship,264,3,medium,M,2,5716,5,4,0,Heavy,1,Low,4,2,1,1
4221,A,Road,204,3,medium,F,4,5476,4,5,0,Heavy,0,Low,0,1,1,0
4222,B,Road,239,2,low,F,3,5099,3,2,1,Heavy,0,Low,1,1,0,0
4223,C,Road,168,4,medium,M,5,5580,5,4,0,Heavy,0,Low,2,1,1,1
4224,F,Road,229,2,medium,F,10,5001,5,4,0,Heavy,0,Low,4,1,1,0
4225,D,Road,246,2,medium,M,1,5374,2,4,1,Heavy,0,Low,3,1,1,1
4226,F,Road,217,2,low,M,6,4029,4,4,1,Heavy,0,Low,4,1,0,1
4227,A,Road,166,2,low,F,6,5737,4,1,0,Heavy,0,Low,0,1,0,0
4228,B,Road,159,2,high,M,3,5731,4,3,1,Heavy,0,Low,1,1,2,1
4229,C,Road,220,3,medium,M,1,5508,6,5,0,Heavy,0,Low,2,1,1,1
4230,F,Road,172,4,medium,F,10,4659,5,4,1,Heavy,0,Low,4,1,1,0
4231,D,Road,262,3,medium,M,2,5910,3,2,1,Heavy,1,Low,3,1,1,1
4232,F,Road,194,2,low,F,1,5300,4,5,1,Heavy,0,Low,4,1,0,0
4233,A,Road,232,2,medium,M,10,4719,3,1,0,Heavy,0,Low,0,1,1,1
4234,B,Road,259,3,medium,M,3,4741,4,5,1,Heavy,1,Low,1,1,1,1
4235,C,Road,259,3,low,F,1,4914,4,3,1,Heavy,1,Low,2,1,0,0
4236,F,Road,246,3,low,M,10,4616,4,5,1,Heavy,0,Low,4,1,0,1
4237,D,Road,247,2,medium,F,2,5016,3,4,1,Heavy,0,Low,3,1,1,0
4238,F,Road,137,3,low,M,1,4539,2,1,0,Heavy,0,Low,4,1,0,1
4239,A,Road,273,2,high,M,5,4236,2,5,0,Heavy,1,Low,0,1,2,1
4240,B,Road,152,3,high,F,5,5502,5,2,1,Heavy,0,Low,1,1,2,0
4241,C,Road,235,4,high,M,7,4833,3,1,1,Heavy,0,Low,2,1,2,1
4242,F,Road,212,3,low,F,3,4555,4,2,0,Heavy,0,Low,4,1,0,0
4243,D,Flight,286,5,low,F,3,5208,5,4,0,Heavy,1,Low,3,0,0,0
4244,F,Flight,151,2,medium,M,6,4987,4,2,0,Heavy,0,Low,4,0,1,1
4245,A,Flight,204,3,low,M,6,5296,3,3,1,Heavy,0,Low,0,0,0,1
4246,B,Flight,191,3,low,M,1,4705,3,1,0,Heavy,0,Low,1,0,0,1
4247,C,Flight,221,3,low,F,1,4518,3,4,1,Heavy,0,Low,2,0,0,0
4248,F,Flight,161,3,low,M,2,4475,3,5,0,Heavy,0,Low,4,0,0,1
4249,D,Flight,183,4,low,M,9,5157,4,1,0,Heavy,0,Low,3,0,0,1
4250,F,Flight,243,2,low,F,6,5892,4,3,0,Heavy,0,Low,4,0,0,0
4251,A,Flight,194,5,low,M,8,4038,5,4,1,Heavy,0,Low,0,0,0,1
4252,B,Flight,266,3,medium,M,4,4197,4,2,1,Heavy,1,Low,1,0,1,1
4253,C,Flight,249,4,medium,M,10,4933,4,3,0,Heavy,0,Low,2,0,1,1
4254,F,Flight,133,2,low,F,10,4398,5,5,0,Heavy,0,Low,4,0,0,0
4255,D,Flight,244,4,low,M,10,4118,4,3,1,Heavy,0,Low,3,0,0,1
4256,F,Flight,235,3,medium,F,6,4832,4,3,1,Heavy,0,Low,4,0,1,0
4257,A,Flight,166,2,low,F,10,5932,3,1,1,Heavy,0,Low,0,0,0,0
4258,B,Flight,239,2,low,F,10,4028,4,2,0,Heavy,0,Low,1,0,0,0
4259,C,Flight,141,3,low,M,7,4683,4,4,0,Heavy,0,Low,2,0,0,1
4260,F,Flight,168,2,low,F,1,4831,2,5,0,Heavy,0,Low,4,0,0,0
4261,D,Flight,203,3,low,F,4,5699,4,2,0,Heavy,0,Low,3,0,0,0
4262,F,Flight,171,4,medium,F,9,4418,5,1,1,Heavy,0,Low,4,0,1,0
4263,A,Flight,120,4,high,M,10,5537,3,4,0,Heavy,0,Low,0,0,2,1
4264,B,Flight,240,4,low,F,6,4811,4,1,0,Heavy,0,Low,1,0,0,0
4265,C,Ship,178,6,medium,M,10,5197,5,4,0,Heavy,0,Low,2,2,1,1
4266,F,Ship,237,3,high,F,9,5514,3,4,1,Heavy,0,Low,4,2,2,0
4267,D,Ship,169,3,low,F,3,5673,3,2,0,Heavy,0,Low,3,2,0,0
4268,F,Ship,169,4,low,F,10,4245,4,1,0,Heavy,0,Low,4,2,0,0
4269,A,Ship,201,2,medium,F,8,5790,4,4,0,Heavy,0,Low,0,2,1,0
4270,B,Ship,249,4,medium,M,4,5418,4,2,1,Heavy,0,Low,1,2,1,1
4271,C,Ship,101,5,medium,F,1,4014,5,3,1,Heavy,0,Low,2,2,1,0
4272,F,Ship,140,3,low,M,6,4488,3,1,1,Heavy,0,Low,4,2,0,1
4273,D,Ship,214,3,medium,M,1,5362,3,2,0,Heavy,0,Low,3,2,1,1
4274,F,Ship,196,3,medium,F,6,4257,5,2,0,Heavy,0,Low,4,2,1,0
4275,A,Ship,204,2,high,M,7,5961,3,2,0,Heavy,0,Low,0,2,2,1
4276,B,Ship,159,3,low,M,9,4265,4,4,1,Heavy,0,Low,1,2,0,1
4277,C,Ship,175,4,medium,F,4,5685,4,3,0,Heavy,0,Low,2,2,1,0
4278,F,Ship,163,2,low,F,3,4099,4,1,1,Heavy,0,Low,4,2,0,0
4279,D,Ship,271,10,medium,F,2,4145,6,2,0,Heavy,1,Low,3,2,1,0
4280,F,Ship,191,3,medium,M,1,4219,4,3,0,Heavy,0,Low,4,2,1,1
4281,A,Ship,135,3,medium,F,5,4515,4,5,0,Heavy,0,Low,0,2,1,0
4282,B,Ship,224,3,medium,F,3,4511,4,2,0,Heavy,0,Low,1,2,1,0
4283,C,Ship,142,2,low,F,5,4728,3,1,0,Heavy,0,Low,2,2,0,0
4284,F,Ship,246,6,low,F,9,5466,6,1,1,Heavy,0,Low,4,2,0,0
4285,D,Ship,165,4,medium,F,3,4242,5,5,0,Heavy,0,Low,3,2,1,0
4286,F,Ship,150,4,medium,F,8,4357,3,3,1,Heavy,0,Low,4,2,1,0
4287,A,Ship,170,7,low,F,7,4373,3,5,1,Heavy,0,Low,0,2,0,0
4288,B,Ship,147,3,low,F,5,5013,2,3,0,Heavy,0,Low,1,2,0,0
4289,C,Ship,151,3,medium,M,10,5698,4,2,0,Heavy,0,Low,2,2,1,1
4290,F,Ship,259,8,high,F,6,5939,3,3,0,Heavy,1,Low,4,2,2,0
4291,D,Ship,211,4,medium,M,8,4747,4,4,1,Heavy,0,Low,3,2,1,1
4292,F,Ship,249,10,medium,M,7,5580,4,1,1,Heavy,0,Low,4,2,1,1
4293,A,Ship,133,3,medium,M,1,5026,3,2,1,Heavy,0,Low,0,2,1,1
4294,B,Ship,258,3,high,M,10,4643,4,2,1,Heavy,1,Low,1,2,2,1
4295,C,Ship,253,3,high,F,8,5857,3,4,0,Heavy,1,Low,2,2,2,0
4296,F,Ship,185,3,high,F,1,5399,6,5,1,Heavy,0,Low,4,2,2,0
4297,D,Ship,268,2,medium,F,4,1442,3,4,1,Light,1,Low,3,2,1,0
4298,F,Ship,218,4,medium,M,8,1883,3,3,0,Light,0,Low,4,2,1,1
4299,A,Ship,140,3,low,M,9,4733,3,5,0,Heavy,0,Low,0,2,0,1
4300,B,Ship,214,3,medium,F,9,5856,3,3,0,Heavy,0,Low,1,2,1,0
4301,C,Ship,196,3,medium,M,2,5427,5,4,1,Heavy,0,Low,2,2,1,1
4302,F,Ship,204,2,high,F,2,5526,3,2,0,Heavy,0,Low,4,2,2,0
4303,D,Ship,159,3,low,M,4,4574,4,1,0,Heavy,0,Low,3,2,0,1
4304,F,Ship,175,4,medium,F,5,5177,4,3,1,Heavy,0,Low,4,2,1,0
4305,A,Ship,163,2,low,F,9,4720,4,4,0,Heavy,0,Low,0,2,0,0
4306,B,Ship,271,10,medium,M,5,5459,6,1,0,Heavy,1,Low,1,2,1,1
4307,C,Ship,191,3,medium,F,6,4563,4,3,0,Heavy,0,Low,2,2,1,0
4308,F,Ship,135,3,medium,F,6,5266,4,5,1,Heavy,0,Low,4,2,1,0
4309,D,Ship,224,3,medium,F,9,5283,4,3,1,Heavy,0,Low,3,2,1,0
4310,F,Ship,142,2,low,F,8,4914,3,5,0,Heavy,0,Low,4,2,0,0
4311,A,Ship,246,6,low,F,1,4846,6,2,0,Heavy,0,Low,0,2,0,0
4312,B,Ship,165,4,medium,M,7,5091,5,4,1,Heavy,0,Low,1,2,1,1
4313,C,Ship,150,4,medium,F,8,4433,3,5,0,Heavy,0,Low,2,2,1,0
4314,F,Ship,170,7,low,M,7,4957,3,4,1,Heavy,0,Low,4,2,0,1
4315,D,Ship,147,3,low,M,3,4120,2,1,1,Heavy,0,Low,3,2,0,1
4316,F,Ship,151,3,medium,F,6,5379,4,3,1,Heavy,0,Low,4,2,1,0
4317,A,Ship,259,8,high,M,3,4390,3,2,1,Heavy,1,Low,0,2,2,1
4318,B,Ship,211,4,medium,F,10,4004,4,5,0,Heavy,0,Low,1,2,1,0
4319,C,Ship,249,10,medium,F,2,4190,4,4,0,Heavy,0,Low,2,2,1,0
4320,F,Ship,133,3,medium,F,4,5902,3,5,0,Heavy,0,Low,4,2,1,0
4321,D,Ship,258,3,high,F,1,4653,4,3,0,Heavy,1,Low,3,2,2,0
4322,F,Ship,253,3,high,M,1,4263,3,3,1,Heavy,1,Low,4,2,2,1
4323,A,Ship,185,3,high,F,8,4806,6,1,0,Heavy,0,Low,0,2,2,0
4324,B,Ship,268,2,medium,M,8,1991,3,4,1,Light,1,Low,1,2,1,1
4325,C,Ship,277,5,medium,M,3,1527,4,1,1,Light,1,Low,2,2,1,1
4326,F,Ship,157,4,low,M,3,1203,2,3,1,Light,0,Low,4,2,0,1
4327,D,Ship,132,6,low,F,8,1327,5,4,1,Light,0,Low,3,2,0,0
4328,F,Ship,104,4,low,M,3,4885,5,3,1,Heavy,0,Low,4,2,0,1
4329,A,Ship,213,2,medium,F,6,5374,3,4,1,Heavy,0,Low,0,2,1,0
4330,B,Ship,172,2,high,F,1,5112,5,2,0,Heavy,0,Low,1,2,2,0
4331,C,Ship,168,4,low,M,10,5373,5,2,1,Heavy,0,Low,2,2,0,1
4332,F,Ship,192,3,medium,M,3,4015,5,5,1,Heavy,0,Low,4,2,1,1
4333,D,Ship,189,2,low,M,10,4646,4,1,0,Heavy,0,Low,3,2,0,1
4334,F,Ship,255,6,low,M,3,4638,5,4,0,Heavy,1,Low,4,2,0,1
4335,A,Ship,152,3,low,F,2,4172,5,2,0,Heavy,0,Low,0,2,0,0
4336,B,Ship,171,5,low,F,2,5242,4,3,1,Heavy,0,Low,1,2,0,0
4337,C,Ship,177,3,medium,F,4,4551,4,3,0,Heavy,0,Low,2,2,1,0
4338,F,Ship,160,3,low,F,4,4683,3,2,0,Heavy,0,Low,4,2,0,0
4339,D,Ship,233,4,low,M,3,5849,4,4,1,Heavy,0,Low,3,2,0,1
4340,F,Ship,216,3,low,F,10,4083,3,2,0,Heavy,0,Low,4,2,0,0
4341,A,Ship,222,3,low,F,6,4744,5,3,1,Heavy,0,Low,0,2,0,0
4342,B,Ship,260,2,low,M,10,5633,5,3,0,Heavy,1,Low,1,2,0,1
4343,C,Ship,239,2,low,M,5,5759,5,1,1,Heavy,0,Low,2,2,0,1
4344,F,Ship,204,2,medium,F,9,4462,4,4,0,Heavy,0,Low,4,2,1,0
4345,D,Ship,116,5,low,F,6,4524,3,3,0,Heavy,0,Low,3,2,0,0
4346,F,Ship,245,3,low,M,8,4826,4,3,0,Heavy,0,Low,4,2,0,1
4347,A,Ship,280,5,low,F,3,5034,4,4,0,Heavy,1,Low,0,2,0,0
4348,B,Ship,155,4,low,M,6,5386,3,5,0,Heavy,0,Low,1,2,0,1
4349,C,Ship,139,5,low,M,8,4595,3,2,0,Heavy,0,Low,2,2,0,1
4350,F,Ship,237,3,high,M,9,5401,5,4,0,Heavy,0,Low,4,2,2,1
4351,D,Ship,211,4,low,M,1,5673,2,5,0,Heavy,0,Low,3,2,0,1
4352,F,Ship,220,3,medium,F,5,5078,3,4,0,Heavy,0,Low,4,2,1,0
4353,A,Ship,134,2,low,M,8,5646,5,1,0,Heavy,0,Low,0,2,0,1
4354,B,Ship,208,2,low,F,7,4582,3,2,1,Heavy,0,Low,1,2,0,0
4355,C,Ship,198,4,medium,M,2,5316,5,3,0,Heavy,0,Low,2,2,1,1
4356,F,Ship,277,4,low,M,2,5496,5,1,0,Heavy,1,Low,4,2,0,1
4357,D,Ship,144,3,low,M,1,5881,4,3,0,Heavy,0,Low,3,2,0,1
4358,F,Road,201,3,low,M,4,5166,5,1,1,Heavy,0,Low,4,1,0,1
4359,A,Road,201,4,medium,F,9,5721,3,1,1,Heavy,0,Low,0,1,1,0
4360,B,Road,236,2,low,F,2,4987,5,1,1,Heavy,0,Low,1,1,0,0
4361,C,Road,142,2,low,M,2,5150,4,5,1,Heavy,0,Low,2,1,0,1
4362,F,Road,172,5,medium,F,1,4730,5,1,0,Heavy,0,Low,4,1,1,0
4363,D,Road,217,2,medium,F,2,5442,4,3,0,Heavy,0,Low,3,1,1,0
4364,F,Road,231,3,high,M,3,5112,4,2,0,Heavy,0,Low,4,1,2,1
4365,A,Road,200,2,low,F,5,4884,3,1,0,Heavy,0,Low,0,1,0,0
4366,B,Road,260,6,high,M,10,4087,5,2,1,Heavy,1,Low,1,1,2,1
4367,C,Road,216,3,medium,F,2,5098,2,5,0,Heavy,0,Low,2,1,1,0
4368,F,Road,215,2,low,M,3,4700,5,1,0,Heavy,0,Low,4,1,0,1
4369,D,Road,217,3,low,M,6,4934,5,3,1,Heavy,0,Low,3,1,0,1
4370,F,Road,244,3,low,M,3,4652,3,5,1,Heavy,0,Low,4,1,0,1
4371,A,Road,221,3,low,M,10,5632,4,2,0,Heavy,0,Low,0,1,0,1
4372,B,Road,207,2,medium,M,4,4099,4,1,0,Heavy,0,Low,1,1,1,1
4373,C,Road,190,3,medium,M,2,4468,3,3,1,Heavy,0,Low,2,1,1,1
4374,F,Road,199,4,low,M,7,4520,3,5,0,Heavy,0,Low,4,1,0,1
4375,D,Road,246,3,medium,M,7,4733,6,1,1,Heavy,0,Low,3,1,1,1
4376,F,Road,195,3,medium,F,10,5585,3,5,0,Heavy,0,Low,4,1,1,0
4377,A,Road,244,3,medium,M,10,4636,3,2,1,Heavy,0,Low,0,1,1,1
4378,B,Road,158,3,high,F,1,4149,2,2,0,Heavy,0,Low,1,1,2,0
4379,C,Road,254,4,low,F,4,5137,4,2,1,Heavy,1,Low,2,1,0,0
4380,F,Flight,236,2,medium,F,8,5591,3,1,0,Heavy,0,Low,4,0,1,0
4381,D,Flight,255,4,medium,M,9,4881,5,1,1,Heavy,1,Low,3,0,1,1
4382,F,Flight,224,2,low,M,9,4007,3,1,1,Heavy,0,Low,4,0,0,1
4383,A,Flight,204,4,high,M,5,5382,2,2,0,Heavy,0,Low,0,0,2,1
4384,B,Flight,150,2,medium,M,3,5836,3,3,0,Heavy,0,Low,1,0,1,1
4385,C,Flight,134,2,high,M,1,5646,3,3,0,Heavy,0,Low,2,0,2,1
4386,F,Flight,157,4,low,M,7,5974,3,3,1,Heavy,0,Low,4,0,0,1
4387,D,Flight,257,2,medium,F,1,4132,3,2,1,Heavy,1,Low,3,0,1,0
4388,F,Flight,165,3,medium,F,10,5598,5,2,0,Heavy,0,Low,4,0,1,0
4389,A,Flight,175,4,low,M,4,4505,5,4,0,Heavy,0,Low,0,0,0,1
4390,B,Flight,201,2,medium,F,8,5032,3,3,1,Heavy,0,Low,1,0,1,0
4391,C,Flight,175,2,medium,M,2,4814,3,3,0,Heavy,0,Low,2,0,1,1
4392,F,Flight,185,5,low,M,7,4694,4,2,1,Heavy,0,Low,4,0,0,1
4393,D,Flight,202,3,low,M,7,5678,4,3,1,Heavy,0,Low,3,0,0,1
4394,F,Flight,270,2,low,M,4,4681,3,4,0,Heavy,1,Low,4,0,0,1
4395,A,Flight,175,3,low,M,7,4833,5,3,1,Heavy,0,Low,0,0,0,1
4396,B,Flight,149,3,medium,F,3,4781,4,3,1,Heavy,0,Low,1,0,1,0
4397,C,Flight,223,3,medium,F,4,4495,3,1,1,Heavy,0,Low,2,0,1,0
4398,F,Flight,143,4,low,F,10,5400,5,2,0,Heavy,0,Low,4,0,0,0
4399,D,Flight,203,3,medium,M,7,4977,3,3,1,Heavy,0,Low,3,0,1,1
4400,F,Flight,165,6,low,F,5,4640,4,4,1,Heavy,0,Low,4,0,0,0
4401,A,Flight,255,6,low,M,3,4278,4,3,1,Heavy,1,Low,0,0,0,1
4402,B,Ship,218,2,low,F,7,4423,4,3,0,Heavy,0,Low,1,2,0,0
4403,C,Ship,193,2,medium,F,1,5909,4,2,0,Heavy,0,Low,2,2,1,0
4404,F,Ship,187,3,low,F,3,4343,5,3,0,Heavy,0,Low,4,2,0,0
4405,D,Ship,246,3,low,M,1,4020,3,4,1,Heavy,0,Low,3,2,0,1
4406,F,Ship,237,3,medium,F,10,5851,3,2,0,Heavy,0,Low,4,2,1,0
4407,A,Ship,269,3,medium,M,5,4197,3,3,1,Heavy,1,Low,0,2,1,1
4408,B,Ship,107,5,low,F,4,5624,3,5,0,Heavy,0,Low,1,2,0,0
4409,C,Ship,147,3,low,M,4,5805,3,3,0,Heavy,0,Low,2,2,0,1
4410,F,Ship,111,5,medium,F,1,4102,3,4,0,Heavy,0,Low,4,2,1,0
4411,D,Ship,197,3,medium,F,2,4018,3,5,1,Heavy,0,Low,3,2,1,0
4412,F,Ship,257,4,low,M,9,4537,3,4,0,Heavy,1,Low,4,2,0,1
4413,A,Ship,269,2,medium,F,2,5276,5,4,0,Heavy,1,Low,0,2,1,0
4414,B,Ship,224,2,medium,F,3,4405,3,2,0,Heavy,0,Low,1,2,1,0
4415,C,Ship,262,2,medium,F,10,5032,3,3,0,Heavy,1,Low,2,2,1,0
4416,F,Ship,181,3,high,M,7,5675,5,3,1,Heavy,0,Low,4,2,2,1
4417,D,Ship,159,3,medium,M,9,4555,3,5,0,Heavy,0,Low,3,2,1,1
4418,F,Ship,207,2,low,M,9,4671,3,2,0,Heavy,0,Low,4,2,0,1
4419,A,Ship,238,3,medium,F,5,4399,3,1,1,Heavy,0,Low,0,2,1,0
4420,B,Ship,239,3,high,M,1,5910,2,3,0,Heavy,0,Low,1,2,2,1
4421,C,Ship,206,2,low,F,10,4264,4,5,1,Heavy,0,Low,2,2,0,0
4422,F,Ship,159,4,low,M,5,5420,4,1,1,Heavy,0,Low,4,2,0,1
4423,D,Ship,207,2,medium,M,10,4706,3,4,0,Heavy,0,Low,3,2,1,1
4424,F,Ship,262,2,low,M,10,5524,4,3,1,Heavy,1,Low,4,2,0,1
4425,A,Ship,251,2,low,M,3,5168,3,3,0,Heavy,1,Low,0,2,0,1
4426,B,Ship,188,3,low,F,7,4485,5,5,1,Heavy,0,Low,1,2,0,0
4427,C,Ship,254,2,low,F,4,5014,5,3,0,Heavy,1,Low,2,2,0,0
4428,F,Ship,234,3,high,M,10,4375,4,1,0,Heavy,0,Low,4,2,2,1
4429,D,Ship,246,3,medium,F,2,5653,3,5,1,Heavy,0,Low,3,2,1,0
4430,F,Ship,158,3,low,M,3,4527,4,2,0,Heavy,0,Low,4,2,0,1
4431,A,Ship,220,3,medium,M,4,4314,4,1,0,Heavy,0,Low,0,2,1,1
4432,B,Ship,257,3,medium,M,8,5045,4,2,1,Heavy,1,Low,1,2,1,1
4433,C,Ship,143,2,medium,F,3,5630,4,4,1,Heavy,0,Low,2,2,1,0
4434,F,Ship,163,3,high,M,4,5863,4,5,0,Heavy,0,Low,4,2,2,1
4435,D,Ship,171,4,low,M,8,4502,3,3,0,Heavy,0,Low,3,2,0,1
4436,F,Ship,261,4,medium,F,7,4542,3,3,1,Heavy,1,Low,4,2,1,0
4437,A,Ship,212,3,medium,M,10,4663,3,4,0,Heavy,0,Low,0,2,1,1
4438,B,Ship,176,2,low,F,10,4920,3,4,0,Heavy,0,Low,1,2,0,0
4439,C,Ship,257,4,low,M,5,5875,4,1,1,Heavy,1,Low,2,2,0,1
4440,F,Ship,133,2,low,F,10,4768,4,4,1,Heavy,0,Low,4,2,0,0
4441,D,Ship,153,3,medium,F,3,5251,3,2,0,Heavy,0,Low,3,2,1,0
4442,F,Ship,218,6,medium,M,1,4625,6,4,1,Heavy,0,Low,4,2,1,1
4443,A,Ship,164,2,low,F,9,5453,4,5,0,Heavy,0,Low,0,2,0,0
4444,B,Ship,256,2,medium,F,9,4228,3,2,1,Heavy,1,Low,1,2,1,0
4445,C,Ship,150,2,medium,F,9,4917,2,2,1,Heavy,0,Low,2,2,1,0
4446,F,Ship,107,4,high,F,4,4451,2,4,1,Heavy,0,Low,4,2,2,0
4447,D,Ship,219,4,medium,M,6,4885,6,3,1,Heavy,0,Low,3,2,1,1
4448,F,Ship,237,5,high,M,2,5364,6,1,0,Heavy,0,Low,4,2,2,1
4449,A,Ship,246,2,low,F,4,5461,5,1,0,Heavy,0,Low,0,2,0,0
4450,B,Ship,198,3,medium,F,1,5846,4,3,1,Heavy,0,Low,1,2,1,0
4451,C,Ship,176,6,high,M,5,4494,4,4,1,Heavy,0,Low,2,2,2,1
4452,F,Ship,168,2,high,F,3,4928,5,2,0,Heavy,0,Low,4,2,2,0
4453,D,Ship,173,4,medium,M,4,5363,5,2,0,Heavy,0,Low,3,2,1,1
4454,F,Ship,106,2,low,F,10,5173,4,4,1,Heavy,0,Low,4,2,0,0
4455,A,Ship,171,2,medium,F,7,4010,3,1,1,Heavy,0,Low,0,2,1,0
4456,B,Ship,224,2,medium,M,4,5063,5,1,0,Heavy,0,Low,1,2,1,1
4457,C,Ship,216,4,medium,M,3,4887,4,2,1,Heavy,0,Low,2,2,1,1
4458,F,Ship,174,3,medium,F,2,4221,3,3,0,Heavy,0,Low,4,2,1,0
4459,D,Ship,261,6,medium,F,10,4596,4,4,1,Heavy,1,Low,3,2,1,0
4460,F,Ship,229,3,low,F,3,5027,4,3,0,Heavy,0,Low,4,2,0,0
4461,A,Ship,214,3,high,M,6,5646,4,5,0,Heavy,0,Low,0,2,2,1
4462,B,Ship,199,5,medium,M,8,5669,4,5,1,Heavy,0,Low,1,2,1,1
4463,C,Ship,182,3,medium,F,7,5677,5,4,1,Heavy,0,Low,2,2,1,0
4464,F,Ship,152,3,low,M,4,5299,4,1,0,Heavy,0,Low,4,2,0,1
4465,D,Ship,258,2,medium,M,6,5062,4,5,1,Heavy,1,Low,3,2,1,1
4466,F,Ship,182,3,low,M,7,4371,6,2,1,Heavy,0,Low,4,2,0,1
4467,A,Ship,166,3,low,M,8,4968,2,4,1,Heavy,0,Low,0,2,0,1
4468,B,Ship,176,3,low,F,6,5006,2,3,0,Heavy,0,Low,1,2,0,0
4469,C,Ship,193,3,medium,M,3,5154,3,1,0,Heavy,0,Low,2,2,1,1
4470,F,Ship,135,2,low,F,10,4508,4,4,1,Heavy,0,Low,4,2,0,0
4471,D,Ship,213,4,medium,F,3,5549,6,5,0,Heavy,0,Low,3,2,1,0
4472,F,Ship,168,3,low,F,6,4088,5,5,1,Heavy,0,Low,4,2,0,0
4473,A,Ship,264,3,medium,F,6,4247,3,3,1,Heavy,1,Low,0,2,1,0
4474,B,Ship,173,2,low,M,10,4115,3,1,1,Heavy,0,Low,1,2,0,1
4475,C,Ship,142,2,low,F,9,5360,6,3,1,Heavy,0,Low,2,2,0,0
4476,F,Ship,278,2,medium,F,9,4318,2,2,0,Heavy,1,Low,4,2,1,0
4477,D,Ship,197,2,medium,M,10,5255,3,3,0,Heavy,0,Low,3,2,1,1
4478,F,Ship,226,2,low,M,6,4547,5,4,0,Heavy,0,Low,4,2,0,1
4479,A,Ship,197,5,medium,F,9,4291,3,2,1,Heavy,0,Low,0,2,1,0
4480,B,Ship,189,2,medium,M,6,5439,4,5,1,Heavy,0,Low,1,2,1,1
4481,C,Ship,210,2,medium,F,6,5250,2,1,0,Heavy,0,Low,2,2,1,0
4482,F,Ship,149,2,medium,F,8,5396,5,2,0,Heavy,0,Low,4,2,1,0
4483,D,Ship,171,5,medium,M,1,5749,5,4,0,Heavy,0,Low,3,2,1,1
4484,F,Ship,243,3,medium,F,10,4524,5,3,1,Heavy,0,Low,4,2,1,0
4485,A,Ship,171,4,low,F,4,5265,4,5,0,Heavy,0,Low,0,2,0,0
4486,B,Ship,215,4,low,M,5,5915,5,3,1,Heavy,0,Low,1,2,0,1
4487,C,Ship,174,3,medium,F,4,4051,3,4,0,Heavy,0,Low,2,2,1,0
4488,F,Ship,210,5,medium,M,2,4651,6,4,0,Heavy,0,Low,4,2,1,1
4489,D,Ship,135,2,low,F,4,5112,4,4,0,Heavy,0,Low,3,2,0,0
4490,F,Ship,134,3,low,M,6,4778,3,2,1,Heavy,0,Low,4,2,0,1
4491,A,Ship,166,4,medium,F,3,4638,2,5,0,Heavy,0,Low,0,2,1,0
4492,B,Ship,174,3,low,M,10,4008,5,1,0,Heavy,0,Low,1,2,0,1
4493,C,Ship,252,4,medium,F,4,4832,4,4,0,Heavy,1,Low,2,2,1,0
4494,F,Ship,219,4,low,F,7,4787,5,2,1,Heavy,0,Low,4,2,0,0
4495,D,Road,244,2,medium,F,7,5325,4,5,1,Heavy,0,Low,3,1,1,0
4496,F,Road,132,3,low,M,5,4195,5,5,1,Heavy,0,Low,4,1,0,1
4497,A,Road,223,4,low,M,2,5709,4,2,0,Heavy,0,Low,0,1,0,1
4498,B,Road,260,4,low,F,10,4109,3,4,0,Heavy,1,Low,1,1,0,0
4499,C,Road,269,2,medium,M,6,5951,3,4,0,Heavy,1,Low,2,1,1,1
4500,F,Road,170,3,low,F,5,5064,3,5,0,Heavy,0,Low,4,1,0,0
4501,D,Road,170,5,low,F,10,5621,2,5,1,Heavy,0,Low,3,1,0,0
4502,F,Road,173,2,medium,M,2,5327,4,2,0,Heavy,0,Low,4,1,1,1
4503,A,Road,148,8,medium,M,6,5700,4,5,0,Heavy,0,Low,0,1,1,1
4504,B,Road,174,6,medium,F,7,4608,3,5,0,Heavy,0,Low,1,1,1,0
4505,C,Road,263,6,low,F,4,4591,6,2,1,Heavy,1,Low,2,1,0,0
4506,F,Road,142,10,high,F,7,5425,4,4,1,Heavy,0,Low,4,1,2,0
4507,D,Road,183,3,low,M,2,4363,3,3,0,Heavy,0,Low,3,1,0,1
4508,F,Road,174,10,medium,F,1,5784,6,1,1,Heavy,0,Low,4,1,1,0
4509,A,Road,140,3,low,M,4,5210,4,1,1,Heavy,0,Low,0,1,0,1
4510,B,Road,154,2,high,M,7,4359,6,5,1,Heavy,0,Low,1,1,2,1
4511,C,Road,108,10,medium,M,5,4645,4,2,0,Heavy,0,Low,2,1,1,1
4512,F,Road,198,3,low,F,8,4680,5,2,0,Heavy,0,Low,4,1,0,0
4513,D,Road,266,3,high,M,5,4831,4,2,1,Heavy,1,Low,3,1,2,1
4514,F,Road,197,5,low,M,8,4793,4,4,0,Heavy,0,Low,4,1,0,1
4515,A,Road,219,8,low,F,1,4122,3,1,1,Heavy,0,Low,0,1,0,0
4516,B,Road,255,7,low,F,9,5224,2,4,1,Heavy,1,Low,1,1,0,0
4517,C,Flight,255,7,low,F,3,4477,3,1,0,Heavy,1,Low,2,0,0,0
4518,F,Flight,219,4,low,F,8,4540,5,4,0,Heavy,0,Low,4,0,0,0
4519,D,Flight,244,2,medium,F,7,5543,4,4,1,Heavy,0,Low,3,0,1,0
4520,F,Flight,132,3,low,M,3,4263,5,5,0,Heavy,0,Low,4,0,0,1
4521,A,Flight,223,4,low,M,3,5613,4,4,0,Heavy,0,Low,0,0,0,1
4522,B,Flight,260,4,low,M,8,5595,3,3,1,Heavy,1,Low,1,0,0,1
4523,C,Flight,269,2,medium,M,6,5703,3,1,1,Heavy,1,Low,2,0,1,1
4524,F,Flight,170,3,low,M,3,4454,3,1,1,Heavy,0,Low,4,0,0,1
4525,D,Flight,170,5,low,M,10,5448,2,4,0,Heavy,0,Low,3,0,0,1
4526,F,Flight,173,2,medium,F,5,4776,4,5,1,Heavy,0,Low,4,0,1,0
4527,A,Flight,148,8,medium,M,5,4851,4,1,1,Heavy,0,Low,0,0,1,1
4528,B,Flight,174,6,medium,F,4,4910,3,1,1,Heavy,0,Low,1,0,1,0
4529,C,Flight,263,6,low,M,10,5826,6,1,0,Heavy,1,Low,2,0,0,1
4530,F,Flight,142,10,high,F,5,4147,4,5,1,Heavy,0,Low,4,0,2,0
4531,D,Flight,183,3,low,M,4,5322,3,3,0,Heavy,0,Low,3,0,0,1
4532,F,Flight,174,10,medium,M,7,4287,6,1,0,Heavy,0,Low,4,0,1,1
4533,A,Flight,140,3,low,F,7,5383,4,5,0,Heavy,0,Low,0,0,0,0
4534,B,Flight,154,2,high,M,7,4732,6,3,0,Heavy,0,Low,1,0,2,1
4535,C,Flight,108,10,medium,F,7,5928,4,5,1,Heavy,0,Low,2,0,1,0
4536,F,Flight,198,3,low,F,6,5061,5,3,1,Heavy,0,Low,4,0,0,0
4537,D,Flight,266,3,high,M,1,5532,4,2,1,Heavy,1,Low,3,0,2,1
4538,F,Flight,197,5,low,F,8,4209,4,3,1,Heavy,0,Low,4,0,0,0
4539,A,Ship,219,8,low,M,2,5334,3,1,0,Heavy,0,Low,0,2,0,1
4540,B,Ship,255,7,low,M,10,5875,2,4,0,Heavy,1,Low,1,2,0,1
4541,C,Ship,255,7,low,F,3,5936,3,2,0,Heavy,1,Low,2,2,0,0
4542,F,Ship,247,4,low,F,3,1752,6,2,0,Light,0,Low,4,2,0,0
4543,D,Ship,275,4,medium,F,6,1569,5,1,0,Light,1,Low,3,2,1,0
4544,F,Ship,291,4,low,M,3,1102,6,5,1,Light,1,Low,4,2,0,1
4545,A,Ship,265,4,low,F,9,1511,6,4,0,Light,1,Low,0,2,0,0
4546,B,Ship,250,5,medium,M,8,1776,7,1,0,Light,0,Low,1,2,1,1
4547,C,Ship,291,4,low,F,9,1880,7,1,1,Light,1,Low,2,2,0,0
4548,F,Ship,255,4,low,F,3,1569,6,4,1,Light,1,Low,4,2,0,0
4549,D,Ship,290,4,medium,F,3,1463,6,5,1,Light,1,Low,3,2,1,0
4550,F,Ship,276,4,low,F,7,1742,5,5,0,Light,1,Low,4,2,0,0
4551,A,Ship,149,3,medium,F,1,1448,4,3,1,Light,0,Low,0,2,1,0
4552,B,Ship,310,4,medium,F,5,1791,6,2,1,Light,1,Low,1,2,1,0
4553,C,Ship,273,4,low,F,7,1364,7,5,0,Light,1,Low,2,2,0,0
4554,F,Ship,244,4,low,F,5,1668,6,3,1,Light,0,Low,4,2,0,0
4555,D,Ship,275,4,low,F,4,1192,6,4,1,Light,1,Low,3,2,0,0
4556,F,Ship,308,4,low,F,7,1176,7,2,0,Light,1,Low,4,2,0,0
4557,A,Ship,264,4,low,M,6,1005,6,5,0,Light,1,Low,0,2,0,1
4558,B,Ship,256,5,medium,F,2,1449,6,2,1,Light,1,Low,1,2,1,0
4559,C,Ship,252,4,medium,M,4,1837,5,1,0,Light,1,Low,2,2,1,1
4560,F,Ship,244,4,low,F,4,1245,6,2,1,Light,0,Low,4,2,0,0
4561,D,Ship,280,4,medium,M,5,1431,6,1,0,Light,1,Low,3,2,1,1
4562,F,Ship,227,4,low,F,10,1317,5,3,1,Light,0,Low,4,2,0,0
4563,A,Ship,272,4,low,F,7,1706,6,4,1,Light,1,Low,0,2,0,0
4564,B,Ship,274,4,medium,M,8,1626,6,2,1,Light,1,Low,1,2,1,1
4565,C,Ship,310,4,low,F,2,1817,6,3,0,Light,1,Low,2,2,0,0
4566,F,Ship,282,5,medium,M,5,1818,6,2,1,Light,1,Low,4,2,1,1
4567,D,Ship,247,4,medium,F,10,1783,6,1,0,Light,0,Low,3,2,1,0
4568,F,Ship,262,4,low,M,2,5311,4,2,0,Heavy,1,Low,4,2,0,1
4569,A,Ship,213,3,medium,M,7,4133,3,3,0,Heavy,0,Low,0,2,1,1
4570,B,Ship,136,3,medium,M,7,4817,4,5,1,Heavy,0,Low,1,2,1,1
4571,C,Ship,134,2,low,F,4,5291,3,5,0,Heavy,0,Low,2,2,0,0
4572,F,Ship,171,2,medium,F,6,5105,2,2,0,Heavy,0,Low,4,2,1,0
4573,D,Ship,182,2,low,M,10,4391,3,2,1,Heavy,0,Low,3,2,0,1
4574,F,Ship,185,3,medium,M,9,4469,4,4,0,Heavy,0,Low,4,2,1,1
4575,A,Ship,271,3,medium,F,4,5902,4,2,0,Heavy,1,Low,0,2,1,0
4576,B,Ship,166,5,low,F,1,5463,4,1,1,Heavy,0,Low,1,2,0,0
4577,C,Ship,196,2,low,M,4,5852,4,2,0,Heavy,0,Low,2,2,0,1
4578,F,Ship,157,4,low,M,6,4175,4,4,0,Heavy,0,Low,4,2,0,1
4579,D,Ship,218,2,low,M,4,4104,4,4,1,Heavy,0,Low,3,2,0,1
4580,F,Ship,142,3,medium,F,6,5930,4,3,0,Heavy,0,Low,4,2,1,0
4581,A,Ship,237,2,low,M,9,4626,3,1,1,Heavy,0,Low,0,2,0,1
4582,B,Ship,213,4,low,F,2,5349,6,3,0,Heavy,0,Low,1,2,0,0
4583,C,Ship,241,2,medium,F,3,5391,5,1,1,Heavy,0,Low,2,2,1,0
4584,F,Ship,170,3,high,F,7,4284,2,2,1,Heavy,0,Low,4,2,2,0
4585,D,Ship,156,3,medium,M,9,4278,3,1,0,Heavy,0,Low,3,2,1,1
4586,F,Ship,228,3,medium,F,8,5419,3,4,0,Heavy,0,Low,4,2,1,0
4587,A,Ship,145,3,high,F,10,4364,3,1,0,Heavy,0,Low,0,2,2,0
4588,B,Ship,145,3,low,M,3,5618,4,1,1,Heavy,0,Low,1,2,0,1
4589,C,Ship,166,3,medium,F,8,4369,3,4,1,Heavy,0,Low,2,2,1,0
4590,F,Ship,106,5,medium,F,4,4410,5,5,1,Heavy,0,Low,4,2,1,0
4591,D,Ship,210,3,high,F,4,4819,5,3,0,Heavy,0,Low,3,2,2,0
4592,F,Ship,235,3,medium,F,6,4411,2,1,1,Heavy,0,Low,4,2,1,0
4593,A,Ship,142,2,medium,F,5,4062,4,2,0,Heavy,0,Low,0,2,1,0
4594,B,Ship,271,3,low,F,9,4889,3,4,1,Heavy,1,Low,1,2,0,0
4595,C,Ship,245,3,medium,F,2,5439,4,5,1,Heavy,0,Low,2,2,1,0
4596,F,Ship,192,4,medium,F,2,5503,4,2,0,Heavy,0,Low,4,2,1,0
4597,D,Ship,270,3,medium,M,9,4992,5,4,1,Heavy,1,Low,3,2,1,1
4598,F,Ship,197,3,low,F,7,5099,4,4,0,Heavy,0,Low,4,2,0,0
4599,A,Ship,255,3,medium,F,1,5929,2,1,0,Heavy,1,Low,0,2,1,0
4600,B,Ship,223,2,medium,F,9,5735,5,3,0,Heavy,0,Low,1,2,1,0
4601,C,Ship,256,3,low,M,7,4366,3,5,1,Heavy,1,Low,2,2,0,1
4602,F,Ship,229,2,low,M,9,5026,4,2,0,Heavy,0,Low,4,2,0,1
4603,D,Ship,233,3,low,F,5,4976,3,3,1,Heavy,0,Low,3,2,0,0
4604,F,Ship,164,6,medium,F,4,5567,3,4,1,Heavy,0,Low,4,2,1,0
4605,A,Ship,171,2,medium,F,6,5704,3,1,1,Heavy,0,Low,0,2,1,0
4606,B,Ship,178,5,low,F,5,5167,5,2,0,Heavy,0,Low,1,2,0,0
4607,C,Ship,233,2,high,M,1,5073,3,1,1,Heavy,0,Low,2,2,2,1
4608,F,Ship,232,2,medium,F,2,5104,3,1,1,Heavy,0,Low,4,2,1,0
4609,D,Ship,236,3,low,F,1,4076,4,2,0,Heavy,0,Low,3,2,0,0
4610,F,Ship,197,3,medium,F,3,4491,3,2,0,Heavy,0,Low,4,2,1,0
4611,A,Ship,152,3,low,M,6,5749,3,3,1,Heavy,0,Low,0,2,0,1
4612,B,Ship,219,2,medium,M,7,4883,3,4,1,Heavy,0,Low,1,2,1,1
4613,C,Ship,205,2,low,F,10,5580,4,2,0,Heavy,0,Low,2,2,0,0
4614,F,Ship,142,2,low,M,7,4082,3,2,0,Heavy,0,Low,4,2,0,1
4615,D,Ship,112,4,medium,F,9,4005,6,4,1,Heavy,0,Low,3,2,1,0
4616,F,Ship,254,2,low,F,8,5827,2,2,0,Heavy,1,Low,4,2,0,0
4617,A,Ship,256,3,high,F,1,4323,4,3,0,Heavy,1,Low,0,2,2,0
4618,B,Ship,168,4,medium,F,4,4676,4,4,0,Heavy,0,Low,1,2,1,0
4619,C,Ship,171,3,low,F,5,5872,3,4,0,Heavy,0,Low,2,2,0,0
4620,F,Ship,215,4,medium,M,5,5409,6,5,1,Heavy,0,Low,4,2,1,1
4621,D,Ship,169,3,low,F,9,4317,3,3,1,Heavy,0,Low,3,2,0,0
4622,F,Ship,149,4,medium,F,3,5944,3,3,1,Heavy,0,Low,4,2,1,0
4623,A,Ship,223,3,low,F,9,4832,4,1,0,Heavy,0,Low,0,2,0,0
4624,B,Ship,224,2,low,M,6,5962,5,3,1,Heavy,0,Low,1,2,0,1
4625,C,Ship,186,2,medium,M,10,4506,2,5,0,Heavy,0,Low,2,2,1,1
4626,F,Ship,184,3,medium,F,2,5381,4,4,0,Heavy,0,Low,4,2,1,0
4627,D,Ship,152,3,low,F,3,5839,3,1,1,Heavy,0,Low,3,2,0,0
4628,F,Ship,249,2,low,F,9,4568,5,3,0,Heavy,0,Low,4,2,0,0
4629,A,Ship,173,5,medium,F,10,5840,3,3,0,Heavy,0,Low,0,2,1,0
4630,B,Ship,167,2,medium,M,2,5908,5,5,0,Heavy,0,Low,1,2,1,1
4631,C,Ship,230,2,medium,M,9,4483,5,2,0,Heavy,0,Low,2,2,1,1
4632,F,Road,237,3,low,F,8,5131,5,3,0,Heavy,0,Low,4,1,0,0
4633,D,Road,202,5,high,M,5,4632,3,4,0,Heavy,0,Low,3,1,2,1
4634,F,Road,134,4,low,M,3,5233,4,3,0,Heavy,0,Low,4,1,0,1
4635,A,Road,263,3,medium,F,2,4688,5,3,0,Heavy,1,Low,0,1,1,0
4636,B,Road,272,2,low,F,1,5412,5,2,0,Heavy,1,Low,1,1,0,0
4637,C,Road,231,6,low,M,8,5227,4,2,0,Heavy,0,Low,2,1,0,1
4638,F,Road,190,4,medium,F,7,5963,3,4,1,Heavy,0,Low,4,1,1,0
4639,D,Road,223,2,low,M,5,4424,5,4,1,Heavy,0,Low,3,1,0,1
4640,F,Road,257,3,medium,F,5,4355,5,1,0,Heavy,1,Low,4,1,1,0
4641,A,Road,184,3,medium,M,2,4639,4,4,0,Heavy,0,Low,0,1,1,1
4642,B,Road,193,3,medium,M,1,5810,3,5,1,Heavy,0,Low,1,1,1,1
4643,C,Road,204,2,low,F,7,4717,4,3,1,Heavy,0,Low,2,1,0,0
4644,F,Road,236,3,medium,M,8,5783,3,2,0,Heavy,0,Low,4,1,1,1
4645,D,Road,222,2,medium,M,3,4460,5,3,1,Heavy,0,Low,3,1,1,1
4646,F,Road,140,5,medium,M,6,4001,4,1,1,Heavy,0,Low,4,1,1,1
4647,A,Road,204,3,high,F,9,5093,3,1,0,Heavy,0,Low,0,1,2,0
4648,B,Road,271,2,medium,M,6,5280,3,2,1,Heavy,1,Low,1,1,1,1
4649,C,Road,108,6,medium,F,7,4024,3,1,0,Heavy,0,Low,2,1,1,0
4650,F,Road,206,3,low,F,4,4745,4,1,0,Heavy,0,Low,4,1,0,0
4651,D,Road,180,2,high,F,8,4408,3,2,0,Heavy,0,Low,3,1,2,0
4652,F,Road,193,3,low,F,7,5224,3,2,0,Heavy,0,Low,4,1,0,0
4653,A,Road,238,4,medium,M,10,4668,5,1,0,Heavy,0,Low,0,1,1,1
4654,B,Flight,234,3,low,F,6,4632,5,3,0,Heavy,0,Low,1,0,0,0
4655,C,Flight,271,2,low,F,5,5164,2,5,1,Heavy,1,Low,2,0,0,0
4656,F,Flight,102,5,medium,F,3,4784,5,2,0,Heavy,0,Low,4,0,1,0
4657,D,Flight,185,3,medium,M,7,5474,3,1,1,Heavy,0,Low,3,0,1,1
4658,F,Flight,273,2,high,F,10,5832,4,1,1,Heavy,1,Low,4,0,2,0
4659,A,Flight,233,6,low,F,9,4814,6,3,0,Heavy,0,Low,0,0,0,0
4660,B,Flight,191,2,medium,M,7,5783,5,3,1,Heavy,0,Low,1,0,1,1
4661,C,Flight,239,2,medium,M,4,4304,4,4,1,Heavy,0,Low,2,0,1,1
4662,F,Flight,270,3,low,M,7,4152,3,3,0,Heavy,1,Low,4,0,0,1
4663,D,Flight,279,4,low,F,8,4418,5,2,1,Heavy,1,Low,3,0,0,0
4664,F,Flight,233,4,high,M,2,4615,5,1,1,Heavy,0,Low,4,0,2,1
4665,A,Flight,178,4,high,M,3,4154,3,3,1,Heavy,0,Low,0,0,2,1
4666,B,Flight,184,4,medium,M,2,4052,3,4,0,Heavy,0,Low,1,0,1,1
4667,C,Flight,202,3,low,M,2,5208,3,5,0,Heavy,0,Low,2,0,0,1
4668,F,Flight,149,2,medium,M,3,4527,3,3,0,Heavy,0,Low,4,0,1,1
4669,D,Flight,133,2,high,F,2,4556,5,2,0,Heavy,0,Low,3,0,2,0
4670,F,Flight,224,5,low,F,9,4902,4,4,1,Heavy,0,Low,4,0,0,0
4671,A,Flight,252,2,medium,F,6,5414,4,2,0,Heavy,1,Low,0,0,1,0
4672,B,Flight,208,2,medium,M,6,4276,4,3,1,Heavy,0,Low,1,0,1,1
4673,C,Flight,256,2,low,M,3,4456,5,3,0,Heavy,1,Low,2,0,0,1
4674,F,Flight,206,4,medium,M,10,4321,3,5,1,Heavy,0,Low,4,0,1,1
4675,D,Flight,177,4,low,F,5,4358,2,1,0,Heavy,0,Low,3,0,0,0
4676,F,Ship,269,4,medium,F,3,5032,4,4,1,Heavy,1,Low,4,2,1,0
4677,A,Ship,216,3,high,F,2,4242,3,5,0,Heavy,0,Low,0,2,2,0
4678,B,Ship,221,3,high,F,7,5477,3,2,0,Heavy,0,Low,1,2,2,0
4679,C,Ship,210,3,medium,F,6,5102,5,4,0,Heavy,0,Low,2,2,1,0
4680,F,Ship,205,3,medium,F,9,4411,4,5,0,Heavy,0,Low,4,2,1,0
4681,D,Ship,237,3,low,F,7,4062,3,3,0,Heavy,0,Low,3,2,0,0
4682,F,Ship,139,2,medium,F,2,4217,5,4,1,Heavy,0,Low,4,2,1,0
4683,A,Ship,163,3,low,M,3,4185,4,4,1,Heavy,0,Low,0,2,0,1
4684,B,Ship,171,2,low,M,4,4962,4,4,0,Heavy,0,Low,1,2,0,1
4685,C,Ship,261,3,low,F,9,5994,4,3,1,Heavy,1,Low,2,2,0,0
4686,F,Ship,195,2,low,M,8,4576,4,3,0,Heavy,0,Low,4,2,0,1
4687,D,Ship,190,6,high,M,5,4139,4,2,1,Heavy,0,Low,3,2,2,1
4688,F,Ship,236,3,high,M,4,5724,5,5,1,Heavy,0,Low,4,2,2,1
4689,A,Ship,254,3,medium,M,6,5716,3,4,0,Heavy,1,Low,0,2,1,1
4690,B,Ship,157,3,medium,M,10,4877,3,3,0,Heavy,0,Low,1,2,1,1
4691,C,Ship,245,3,medium,F,1,5325,3,1,0,Heavy,0,Low,2,2,1,0
4692,F,Ship,144,4,medium,M,8,4303,4,1,0,Heavy,0,Low,4,2,1,1
4693,D,Ship,217,4,low,M,3,5718,5,3,1,Heavy,0,Low,3,2,0,1
4694,F,Ship,249,2,low,F,2,5078,3,3,0,Heavy,0,Low,4,2,0,0
4695,A,Ship,176,2,low,F,2,5083,3,2,0,Heavy,0,Low,0,2,0,0
4696,B,Ship,230,2,low,F,1,4970,3,1,1,Heavy,0,Low,1,2,0,0
4697,C,Ship,204,2,medium,F,5,4504,3,5,1,Heavy,0,Low,2,2,1,0
4698,F,Ship,266,2,low,F,5,5601,4,4,0,Heavy,1,Low,4,2,0,0
4699,D,Ship,213,3,low,F,2,5722,4,3,0,Heavy,0,Low,3,2,0,0
4700,F,Ship,147,3,low,F,8,5525,3,4,0,Heavy,0,Low,4,2,0,0
4701,A,Ship,201,3,low,F,3,4556,3,1,1,Heavy,0,Low,0,2,0,0
4702,B,Ship,248,3,low,F,5,5441,2,4,0,Heavy,0,Low,1,2,0,0
4703,C,Ship,167,3,medium,M,5,5791,4,3,0,Heavy,0,Low,2,2,1,1
4704,F,Ship,232,2,low,M,10,5678,3,4,0,Heavy,0,Low,4,2,0,1
4705,D,Ship,163,3,medium,M,9,4419,5,3,1,Heavy,0,Low,3,2,1,1
4706,F,Ship,201,5,medium,M,3,5901,4,4,1,Heavy,0,Low,4,2,1,1
4707,A,Ship,252,2,low,F,9,4157,4,5,0,Heavy,1,Low,0,2,0,0
4708,B,Ship,146,4,low,F,10,4583,3,1,0,Heavy,0,Low,1,2,0,0
4709,C,Ship,160,3,medium,M,3,5839,5,1,0,Heavy,0,Low,2,2,1,1
4710,F,Ship,167,4,low,M,10,4325,5,2,0,Heavy,0,Low,4,2,0,1
4711,D,Ship,224,2,medium,F,8,4781,4,2,1,Heavy,0,Low,3,2,1,0
4712,F,Ship,239,3,medium,F,5,5978,4,2,0,Heavy,0,Low,4,2,1,0
4713,A,Ship,151,6,low,M,7,4387,4,1,0,Heavy,0,Low,0,2,0,1
4714,B,Ship,264,3,low,F,10,5972,4,5,0,Heavy,1,Low,1,2,0,0
4715,C,Ship,242,3,medium,M,8,4644,4,2,1,Heavy,0,Low,2,2,1,1
4716,F,Ship,204,4,high,M,9,4712,3,3,0,Heavy,0,Low,4,2,2,1
4717,D,Ship,260,2,medium,M,1,5970,3,5,0,Heavy,1,Low,3,2,1,1
4718,F,Ship,279,3,medium,F,6,4560,3,2,0,Heavy,1,Low,4,2,1,0
4719,A,Ship,225,4,low,F,8,5209,3,4,0,Heavy,0,Low,0,2,0,0
4720,B,Ship,190,3,low,M,9,4468,3,5,0,Heavy,0,Low,1,2,0,1
4721,C,Ship,152,2,low,M,7,5026,4,2,0,Heavy,0,Low,2,2,0,1
4722,F,Ship,201,6,medium,M,7,4723,3,2,1,Heavy,0,Low,4,2,1,1
4723,D,Ship,191,2,medium,M,7,5357,3,2,0,Heavy,0,Low,3,2,1,1
4724,F,Ship,140,3,low,M,1,4453,4,3,0,Heavy,0,Low,4,2,0,1
4725,A,Ship,199,4,medium,F,8,5362,5,3,0,Heavy,0,Low,0,2,1,0
4726,B,Ship,194,3,medium,F,6,5282,4,1,0,Heavy,0,Low,1,2,1,0
4727,C,Ship,273,2,low,F,5,5608,4,2,1,Heavy,1,Low,2,2,0,0
4728,F,Ship,259,2,medium,F,4,4092,4,5,1,Heavy,1,Low,4,2,1,0
4729,D,Ship,180,3,medium,M,5,4038,4,3,1,Heavy,0,Low,3,2,1,1
4730,F,Ship,251,2,low,M,9,4458,5,3,0,Heavy,1,Low,4,2,0,1
4731,A,Ship,269,3,low,F,5,5031,5,1,0,Heavy,1,Low,0,2,0,0
4732,B,Ship,274,6,medium,F,2,4281,6,3,0,Heavy,1,Low,1,2,1,0
4733,C,Ship,250,2,medium,M,10,5475,5,5,1,Heavy,0,Low,2,2,1,1
4734,F,Ship,265,3,medium,F,8,5980,3,5,0,Heavy,1,Low,4,2,1,0
4735,D,Ship,169,10,medium,F,6,5106,4,3,1,Heavy,0,Low,3,2,1,0
4736,F,Ship,211,3,high,M,8,5191,3,4,1,Heavy,0,Low,4,2,2,1
4737,A,Ship,245,2,low,M,6,5772,4,4,0,Heavy,0,Low,0,2,0,1
4738,B,Ship,188,2,low,M,6,5894,4,1,1,Heavy,0,Low,1,2,0,1
4739,C,Ship,244,2,medium,F,10,4064,3,5,1,Heavy,0,Low,2,2,1,0
4740,F,Ship,233,3,medium,F,7,5787,3,5,0,Heavy,0,Low,4,2,1,0
4741,D,Ship,144,3,medium,F,6,4163,3,1,0,Heavy,0,Low,3,2,1,0
4742,F,Ship,221,2,low,F,6,5289,3,5,0,Heavy,0,Low,4,2,0,0
4743,A,Ship,267,2,high,M,2,5062,3,5,1,Heavy,1,Low,0,2,2,1
4744,B,Ship,211,3,high,F,7,5178,3,1,0,Heavy,0,Low,1,2,2,0
4745,C,Ship,205,3,low,F,10,4923,4,1,0,Heavy,0,Low,2,2,0,0
4746,F,Ship,144,3,high,M,1,5307,3,2,0,Heavy,0,Low,4,2,2,1
4747,D,Ship,195,7,medium,F,4,4614,3,3,0,Heavy,0,Low,3,2,1,0
4748,F,Ship,232,7,medium,M,6,5139,5,5,0,Heavy,0,Low,4,2,1,1
4749,A,Ship,199,10,medium,F,1,5865,5,3,0,Heavy,0,Low,0,2,1,0
4750,B,Ship,232,3,low,F,5,5338,5,5,0,Heavy,0,Low,1,2,0,0
4751,C,Ship,272,2,low,F,1,5983,5,4,1,Heavy,1,Low,2,2,0,0
4752,F,Ship,167,2,medium,M,1,4344,2,4,0,Heavy,0,Low,4,2,1,1
4753,D,Ship,272,8,high,F,10,4070,3,4,0,Heavy,1,Low,3,2,2,0
4754,F,Ship,247,4,low,M,10,1556,6,2,0,Light,0,Low,4,2,0,1
4755,A,Ship,275,4,medium,M,9,1215,5,5,1,Light,1,Low,0,2,1,1
4756,B,Ship,291,4,low,F,8,1131,6,4,0,Light,1,Low,1,2,0,0
4757,C,Ship,265,4,low,M,7,1404,6,5,1,Light,1,Low,2,2,0,1
4758,F,Ship,250,5,medium,F,4,1163,7,3,1,Light,0,Low,4,2,1,0
4759,D,Ship,291,4,low,F,8,1275,7,2,0,Light,1,Low,3,2,0,0
4760,F,Ship,255,4,low,F,9,1197,6,5,0,Light,1,Low,4,2,0,0
4761,A,Ship,290,4,medium,M,2,1867,6,5,1,Light,1,Low,0,2,1,1
4762,B,Ship,276,4,low,M,2,1411,5,5,1,Light,1,Low,1,2,0,1
4763,C,Ship,149,3,medium,F,8,1136,4,1,0,Light,0,Low,2,2,1,0
4764,F,Ship,201,6,medium,M,2,4984,3,3,0,Heavy,0,Low,4,2,1,1
4765,D,Ship,191,2,medium,M,8,5667,3,4,1,Heavy,0,Low,3,2,1,1
4766,F,Ship,140,3,low,F,4,5924,4,4,1,Heavy,0,Low,4,2,0,0
4767,A,Ship,199,4,medium,M,2,4902,5,4,1,Heavy,0,Low,0,2,1,1
4768,B,Ship,194,3,medium,F,9,5804,4,1,0,Heavy,0,Low,1,2,1,0
4769,C,Road,273,2,low,F,9,5724,4,5,0,Heavy,1,Low,2,1,0,0
4770,F,Road,259,2,medium,F,8,4672,4,4,0,Heavy,1,Low,4,1,1,0
4771,D,Road,180,3,medium,F,1,5088,4,5,0,Heavy,0,Low,3,1,1,0
4772,F,Road,251,2,low,F,3,5347,5,4,1,Heavy,1,Low,4,1,0,0
4773,A,Road,269,3,low,F,8,4811,5,3,0,Heavy,1,Low,0,1,0,0
4774,B,Road,274,6,medium,F,1,4632,6,3,0,Heavy,1,Low,1,1,1,0
4775,C,Road,250,2,medium,F,6,5565,5,2,0,Heavy,0,Low,2,1,1,0
4776,F,Road,265,3,medium,F,3,5241,3,3,0,Heavy,1,Low,4,1,1,0
4777,D,Road,169,10,medium,F,6,4385,4,5,0,Heavy,0,Low,3,1,1,0
4778,F,Road,211,3,high,F,4,4354,3,3,1,Heavy,0,Low,4,1,2,0
4779,A,Road,245,2,low,M,5,5324,4,1,1,Heavy,0,Low,0,1,0,1
4780,B,Road,188,2,low,F,4,4433,4,5,0,Heavy,0,Low,1,1,0,0
4781,C,Road,244,2,medium,M,8,5715,3,5,1,Heavy,0,Low,2,1,1,1
4782,F,Road,233,3,medium,F,10,4626,3,4,0,Heavy,0,Low,4,1,1,0
4783,D,Road,144,3,medium,M,8,5867,3,4,1,Heavy,0,Low,3,1,1,1
4784,F,Road,221,2,low,F,7,5320,3,1,0,Heavy,0,Low,4,1,0,0
4785,A,Road,267,2,high,M,1,4195,3,5,1,Heavy,1,Low,0,1,2,1
4786,B,Road,211,3,high,M,1,5144,3,4,0,Heavy,0,Low,1,1,2,1
4787,C,Road,205,3,low,M,6,4254,4,4,0,Heavy,0,Low,2,1,0,1
4788,F,Road,144,3,high,F,9,4428,3,2,1,Heavy,0,Low,4,1,2,0
4789,D,Road,195,7,medium,F,9,5829,3,4,0,Heavy,0,Low,3,1,1,0
4790,F,Road,232,7,medium,M,6,5285,5,3,1,Heavy,0,Low,4,1,1,1
4791,A,Flight,199,10,medium,F,8,4140,5,1,0,Heavy,0,Low,0,0,1,0
4792,B,Flight,232,3,low,F,3,5718,5,5,1,Heavy,0,Low,1,0,0,0
4793,C,Flight,272,2,low,F,4,5112,5,3,0,Heavy,1,Low,2,0,0,0
4794,F,Flight,167,2,medium,F,3,5894,2,2,1,Heavy,0,Low,4,0,1,0
4795,D,Flight,272,8,high,M,7,5257,3,3,1,Heavy,1,Low,3,0,2,1
4796,F,Flight,247,4,low,F,2,1326,6,4,0,Light,0,Low,4,0,0,0
4797,A,Flight,275,4,medium,F,10,1141,5,2,1,Light,1,Low,0,0,1,0
4798,B,Flight,291,4,low,M,9,1413,6,5,0,Light,1,Low,1,0,0,1
4799,C,Flight,265,4,low,F,7,1644,6,1,1,Light,1,Low,2,0,0,0
4800,F,Flight,250,5,medium,M,9,1327,7,2,0,Light,0,Low,4,0,1,1
4801,D,Flight,291,4,low,M,2,1216,7,1,1,Light,1,Low,3,0,0,1
4802,F,Flight,255,4,low,F,2,1385,6,1,0,Light,1,Low,4,0,0,0
4803,A,Flight,290,4,medium,F,9,1339,6,2,0,Light,1,Low,0,0,1,0
4804,B,Flight,247,4,medium,F,4,1476,6,3,1,Light,0,Low,1,0,1,0
4805,C,Flight,152,2,low,F,9,1993,6,2,0,Light,0,Low,2,0,0,0
4806,F,Flight,278,4,low,F,5,1572,7,5,1,Light,1,Low,4,0,0,0
4807,D,Flight,260,4,medium,F,2,1131,6,1,0,Light,1,Low,3,0,1,0
4808,F,Flight,254,4,low,M,6,1335,6,3,0,Light,1,Low,4,0,0,1
4809,A,Flight,151,4,low,F,6,1803,2,4,0,Light,0,Low,0,0,0,0
4810,B,Flight,198,2,medium,M,4,1913,2,5,1,Light,0,Low,1,0,1,1
4811,C,Flight,243,4,low,M,9,1353,6,4,1,Light,0,Low,2,0,0,1
4812,F,Flight,245,4,low,F,8,1403,6,5,0,Light,0,Low,4,0,0,0
4813,D,Ship,300,4,low,F,8,1301,6,4,1,Light,1,Low,3,2,0,0
4814,F,Ship,303,4,medium,F,10,1003,6,1,0,Light,1,Low,4,2,1,0
4815,A,Ship,286,4,low,F,3,1670,7,3,0,Light,1,Low,0,2,0,0
4816,B,Ship,248,4,medium,F,1,1163,7,2,1,Light,0,Low,1,2,1,0
4817,C,Ship,244,4,low,M,9,1789,6,5,1,Light,0,Low,2,2,0,1
4818,F,Ship,290,4,low,F,9,1885,7,1,0,Light,1,Low,4,2,0,0
4819,D,Ship,260,5,low,M,10,1832,4,3,1,Light,1,Low,3,2,0,1
4820,F,Ship,310,4,medium,M,1,1105,6,5,1,Light,1,Low,4,2,1,1
4821,A,Ship,247,4,low,M,3,1616,6,3,1,Light,0,Low,0,2,0,1
4822,B,Ship,281,4,low,M,8,1241,6,5,1,Light,1,Low,1,2,0,1
4823,C,Ship,260,4,medium,M,9,1800,6,3,0,Light,1,Low,2,2,1,1
4824,F,Ship,263,4,low,F,6,1153,6,1,0,Light,1,Low,4,2,0,0
4825,D,Ship,285,4,medium,F,10,1428,5,1,0,Light,1,Low,3,2,1,0
4826,F,Ship,269,3,medium,M,9,5133,3,4,1,Heavy,1,Low,4,2,1,1
4827,A,Ship,205,6,low,M,2,5671,2,5,0,Heavy,0,Low,0,2,0,1
4828,B,Ship,109,3,low,M,4,5746,3,2,0,Heavy,0,Low,1,2,0,1
4829,C,Ship,216,2,low,F,6,4535,5,4,0,Heavy,0,Low,2,2,0,0
4830,F,Ship,184,3,medium,F,8,4994,3,2,0,Heavy,0,Low,4,2,1,0
4831,D,Ship,106,2,low,M,6,5984,4,4,0,Heavy,0,Low,3,2,0,1
4832,F,Ship,228,2,low,F,5,4456,3,1,1,Heavy,0,Low,4,2,0,0
4833,A,Ship,140,3,medium,F,8,4956,4,5,0,Heavy,0,Low,0,2,1,0
4834,B,Ship,251,3,medium,M,5,4206,4,3,0,Heavy,1,Low,1,2,1,1
4835,C,Ship,153,3,medium,M,5,4578,3,3,1,Heavy,0,Low,2,2,1,1
4836,F,Ship,176,2,medium,F,1,5793,4,4,0,Heavy,0,Low,4,2,1,0
4837,D,Ship,206,2,medium,F,4,5194,4,3,1,Heavy,0,Low,3,2,1,0
4838,F,Ship,189,2,low,F,9,4690,3,3,0,Heavy,0,Low,4,2,0,0
4839,A,Ship,251,6,medium,F,1,4165,2,2,1,Heavy,1,Low,0,2,1,0
4840,B,Ship,155,3,low,F,1,4360,4,3,1,Heavy,0,Low,1,2,0,0
4841,C,Ship,260,5,medium,M,2,4687,6,4,1,Heavy,1,Low,2,2,1,1
4842,F,Ship,156,6,medium,F,4,4821,5,1,0,Heavy,0,Low,4,2,1,0
4843,D,Ship,225,2,medium,M,7,5241,4,2,1,Heavy,0,Low,3,2,1,1
4844,F,Ship,284,4,medium,M,8,5346,6,5,1,Heavy,1,Low,4,2,1,1
4845,A,Ship,263,2,low,M,3,4474,5,3,1,Heavy,1,Low,0,2,0,1
4846,B,Ship,238,2,medium,M,2,5512,3,3,0,Heavy,0,Low,1,2,1,1
4847,C,Ship,267,2,low,M,7,5292,5,4,0,Heavy,1,Low,2,2,0,1
4848,F,Ship,101,2,medium,M,9,4860,3,3,0,Heavy,0,Low,4,2,1,1
4849,D,Ship,175,3,medium,M,1,4872,3,1,0,Heavy,0,Low,3,2,1,1
4850,F,Ship,261,2,low,M,3,4119,4,5,0,Heavy,1,Low,4,2,0,1
4851,A,Ship,150,3,low,M,10,4799,5,3,1,Heavy,0,Low,0,2,0,1
4852,B,Ship,206,4,medium,F,2,5829,3,5,1,Heavy,0,Low,1,2,1,0
4853,C,Ship,254,4,low,F,10,4827,4,4,0,Heavy,1,Low,2,2,0,0
4854,F,Ship,159,3,low,M,5,4985,4,2,1,Heavy,0,Low,4,2,0,1
4855,D,Ship,284,3,medium,M,6,4575,2,5,0,Heavy,1,Low,3,2,1,1
4856,F,Ship,170,2,low,M,9,4112,3,1,0,Heavy,0,Low,4,2,0,1
4857,A,Ship,245,3,low,F,7,4297,4,5,0,Heavy,0,Low,0,2,0,0
4858,B,Ship,152,3,medium,M,5,5191,4,5,0,Heavy,0,Low,1,2,1,1
4859,C,Ship,193,4,high,F,4,5757,5,4,1,Heavy,0,Low,2,2,2,0
4860,F,Ship,231,2,low,M,8,5743,5,3,1,Heavy,0,Low,4,2,0,1
4861,D,Ship,212,3,low,M,3,4896,4,1,0,Heavy,0,Low,3,2,0,1
4862,F,Ship,185,2,medium,M,8,5449,3,4,1,Heavy,0,Low,4,2,1,1
4863,A,Ship,223,3,low,F,10,5560,4,3,1,Heavy,0,Low,0,2,0,0
4864,B,Ship,241,4,medium,M,9,5360,4,1,0,Heavy,0,Low,1,2,1,1
4865,C,Ship,215,3,low,F,5,5552,5,4,1,Heavy,0,Low,2,2,0,0
4866,F,Ship,261,2,medium,M,6,5920,4,5,0,Heavy,1,Low,4,2,1,1
4867,D,Ship,158,5,medium,F,7,4344,4,3,1,Heavy,0,Low,3,2,1,0
4868,F,Ship,166,2,medium,F,8,5871,3,3,0,Heavy,0,Low,4,2,1,0
4869,A,Ship,280,6,high,M,8,4525,4,3,0,Heavy,1,Low,0,2,2,1
4870,B,Ship,264,3,low,F,8,5831,3,2,0,Heavy,1,Low,1,2,0,0
4871,C,Ship,204,2,medium,M,6,5612,3,3,0,Heavy,0,Low,2,2,1,1
4872,F,Ship,261,2,medium,F,9,5306,4,4,1,Heavy,1,Low,4,2,1,0
4873,D,Ship,138,3,medium,F,4,4225,6,4,0,Heavy,0,Low,3,2,1,0
4874,F,Ship,225,2,medium,M,10,4829,4,4,1,Heavy,0,Low,4,2,1,1
4875,A,Ship,238,5,low,M,1,4753,4,4,0,Heavy,0,Low,0,2,0,1
4876,B,Ship,234,3,medium,F,3,5142,4,5,1,Heavy,0,Low,1,2,1,0
4877,C,Ship,237,3,low,F,7,4785,4,2,0,Heavy,0,Low,2,2,0,0
4878,F,Ship,165,3,medium,F,4,5924,3,3,1,Heavy,0,Low,4,2,1,0
4879,D,Ship,148,2,low,M,10,5939,2,1,1,Heavy,0,Low,3,2,0,1
4880,F,Ship,148,4,high,M,2,5821,5,1,1,Heavy,0,Low,4,2,2,1
4881,A,Ship,218,3,low,F,4,5086,3,3,1,Heavy,0,Low,0,2,0,0
4882,B,Ship,218,6,low,M,5,4364,4,5,1,Heavy,0,Low,1,2,0,1
4883,C,Ship,181,4,low,F,8,5106,4,3,0,Heavy,0,Low,2,2,0,0
4884,F,Ship,138,2,low,M,8,4932,2,1,1,Heavy,0,Low,4,2,0,1
4885,D,Ship,206,3,high,M,5,4022,3,4,0,Heavy,0,Low,3,2,2,1
4886,F,Ship,172,2,high,F,7,5165,5,1,0,Heavy,0,Low,4,2,2,0
4887,A,Ship,160,2,high,F,5,4343,4,2,0,Heavy,0,Low,0,2,2,0
4888,B,Ship,225,4,low,M,1,4328,5,2,1,Heavy,0,Low,1,2,0,1
4889,C,Ship,206,6,low,M,2,4014,6,5,1,Heavy,0,Low,2,2,0,1
4890,F,Ship,232,3,low,F,2,4545,5,5,1,Heavy,0,Low,4,2,0,0
4891,D,Ship,232,3,low,F,6,4050,3,4,0,Heavy,0,Low,3,2,0,0
4892,F,Ship,197,2,low,F,3,4865,3,4,0,Heavy,0,Low,4,2,0,0
4893,A,Ship,246,3,low,F,3,5013,5,1,0,Heavy,0,Low,0,2,0,0
4894,B,Ship,241,3,medium,M,3,4047,3,4,0,Heavy,0,Low,1,2,1,1
4895,C,Ship,211,4,medium,F,4,4032,6,5,0,Heavy,0,Low,2,2,1,0
4896,F,Ship,162,2,low,F,9,4903,3,3,0,Heavy,0,Low,4,2,0,0
4897,D,Ship,264,4,low,M,10,4265,3,1,0,Heavy,1,Low,3,2,0,1
4898,F,Ship,211,3,low,F,5,5087,5,3,0,Heavy,0,Low,4,2,0,0
4899,A,Ship,159,5,low,F,7,4063,4,5,0,Heavy,0,Low,0,2,0,0
4900,B,Ship,166,2,high,F,2,4562,5,5,1,Heavy,0,Low,1,2,2,0
4901,C,Ship,163,6,medium,M,1,4584,4,4,0,Heavy,0,Low,2,2,1,1
4902,F,Ship,164,2,low,M,3,5735,4,3,0,Heavy,0,Low,4,2,0,1
4903,D,Ship,255,3,high,M,6,4044,5,1,1,Heavy,1,Low,3,2,2,1
4904,F,Ship,153,3,medium,F,6,5748,4,3,0,Heavy,0,Low,4,2,1,0
4905,A,Ship,165,2,low,M,6,4445,3,1,0,Heavy,0,Low,0,2,0,1
4906,B,Road,162,3,medium,M,6,4505,3,2,1,Heavy,0,Low,1,1,1,1
4907,C,Road,223,3,low,M,8,5318,3,1,0,Heavy,0,Low,2,1,0,1
4908,F,Road,200,2,medium,F,6,4751,3,4,1,Heavy,0,Low,4,1,1,0
4909,D,Road,194,3,medium,F,3,4435,3,5,1,Heavy,0,Low,3,1,1,0
4910,F,Road,257,2,low,M,6,4897,3,1,1,Heavy,1,Low,4,1,0,1
4911,A,Road,188,2,low,M,5,5250,2,1,0,Heavy,0,Low,0,1,0,1
4912,B,Road,221,3,medium,F,1,5391,3,4,0,Heavy,0,Low,1,1,1,0
4913,C,Road,193,2,low,F,6,4855,4,4,1,Heavy,0,Low,2,1,0,0
4914,F,Road,166,2,low,M,2,5710,3,1,1,Heavy,0,Low,4,1,0,1
4915,D,Road,212,2,medium,M,8,4239,4,4,0,Heavy,0,Low,3,1,1,1
4916,F,Road,252,3,medium,M,7,4507,3,2,0,Heavy,1,Low,4,1,1,1
4917,A,Road,155,2,low,M,7,4221,3,1,1,Heavy,0,Low,0,1,0,1
4918,B,Road,244,4,medium,F,2,5365,4,5,1,Heavy,0,Low,1,1,1,0
4919,C,Road,162,2,medium,M,7,5719,3,3,1,Heavy,0,Low,2,1,1,1
4920,F,Road,228,2,medium,M,10,4854,2,1,1,Heavy,0,Low,4,1,1,1
4921,D,Road,208,3,medium,F,3,4837,4,3,1,Heavy,0,Low,3,1,1,0
4922,F,Road,156,3,medium,M,7,4293,5,3,0,Heavy,0,Low,4,1,1,1
4923,A,Road,209,2,high,F,1,5779,3,1,1,Heavy,0,Low,0,1,2,0
4924,B,Road,203,2,medium,F,8,4450,4,5,1,Heavy,0,Low,1,1,1,0
4925,C,Road,196,5,high,F,7,4622,4,4,0,Heavy,0,Low,2,1,2,0
4926,F,Road,256,3,low,M,8,4398,4,4,0,Heavy,1,Low,4,1,0,1
4927,D,Road,159,4,medium,F,4,4816,4,5,0,Heavy,0,Low,3,1,1,0
4928,F,Flight,137,4,low,M,4,5888,5,5,0,Heavy,0,Low,4,0,0,1
4929,A,Flight,271,3,low,M,4,5775,2,5,0,Heavy,1,Low,0,0,0,1
4930,B,Flight,264,2,medium,F,3,4056,5,1,1,Heavy,1,Low,1,0,1,0
4931,C,Flight,264,3,medium,M,1,4518,2,2,0,Heavy,1,Low,2,0,1,1
4932,F,Flight,205,2,medium,M,10,4178,4,3,1,Heavy,0,Low,4,0,1,1
4933,D,Flight,266,3,low,M,10,5858,5,1,0,Heavy,1,Low,3,0,0,1
4934,F,Flight,200,3,medium,F,8,5206,5,4,1,Heavy,0,Low,4,0,1,0
4935,A,Flight,154,6,medium,F,10,4361,4,4,1,Heavy,0,Low,0,0,1,0
4936,B,Flight,178,3,low,M,4,5119,3,2,1,Heavy,0,Low,1,0,0,1
4937,C,Flight,198,3,low,F,7,5768,5,2,1,Heavy,0,Low,2,0,0,0
4938,F,Flight,218,2,medium,M,2,5973,3,4,0,Heavy,0,Low,4,0,1,1
4939,D,Flight,185,3,high,F,6,4238,4,4,1,Heavy,0,Low,3,0,2,0
4940,F,Flight,235,3,low,M,4,5498,3,4,0,Heavy,0,Low,4,0,0,1
4941,A,Flight,251,3,high,F,4,4156,3,5,1,Heavy,1,Low,0,0,2,0
4942,B,Flight,275,5,low,F,9,5168,5,2,1,Heavy,1,Low,1,0,0,0
4943,C,Flight,156,5,low,M,9,5237,5,2,0,Heavy,0,Low,2,0,0,1
4944,F,Flight,135,3,low,M,3,4938,3,5,0,Heavy,0,Low,4,0,0,1
4945,D,Flight,143,3,medium,M,4,4283,4,1,0,Heavy,0,Low,3,0,1,1
4946,F,Flight,240,3,high,M,10,5277,5,1,0,Heavy,0,Low,4,0,2,1
4947,A,Flight,131,5,low,F,4,4600,5,2,1,Heavy,0,Low,0,0,0,0
4948,B,Flight,142,3,medium,M,2,5692,4,5,0,Heavy,0,Low,1,0,1,1
4949,C,Flight,275,4,low,F,7,4597,5,4,0,Heavy,1,Low,2,0,0,0
4950,F,Ship,137,3,low,M,5,5914,5,5,1,Heavy,0,Low,4,2,0,1
4951,D,Ship,165,4,medium,M,3,4235,3,3,0,Heavy,0,Low,3,2,1,1
4952,F,Ship,250,2,low,F,10,4277,5,4,0,Heavy,0,Low,4,2,0,0
4953,A,Ship,242,3,medium,M,10,4721,4,2,0,Heavy,0,Low,0,2,1,1
4954,B,Ship,181,3,medium,F,3,5620,3,3,1,Heavy,0,Low,1,2,1,0
4955,C,Ship,211,3,medium,M,5,4812,4,4,0,Heavy,0,Low,2,2,1,1
4956,F,Ship,177,4,low,M,8,5878,2,2,1,Heavy,0,Low,4,2,0,1
4957,D,Ship,135,3,medium,M,2,5860,3,3,0,Heavy,0,Low,3,2,1,1
4958,F,Ship,151,3,low,F,10,5414,6,4,1,Heavy,0,Low,4,2,0,0
4959,A,Ship,250,6,low,F,1,4343,5,4,0,Heavy,0,Low,0,2,0,0
4960,B,Ship,191,4,medium,F,10,4933,5,5,1,Heavy,0,Low,1,2,1,0
4961,C,Ship,158,5,medium,F,2,4303,2,4,1,Heavy,0,Low,2,2,1,0
4962,F,Ship,229,2,medium,F,1,5670,3,3,0,Heavy,0,Low,4,2,1,0
4963,D,Ship,169,4,low,M,6,4168,4,5,1,Heavy,0,Low,3,2,0,1
4964,F,Ship,164,3,low,M,7,4540,5,1,1,Heavy,0,Low,4,2,0,1
4965,A,Ship,177,2,medium,M,6,5566,4,1,0,Heavy,0,Low,0,2,1,1
4966,B,Ship,193,3,medium,M,8,4715,4,4,1,Heavy,0,Low,1,2,1,1
4967,C,Ship,198,3,medium,F,1,4090,4,1,0,Heavy,0,Low,2,2,1,0
4968,F,Ship,268,3,low,M,2,4746,3,1,1,Heavy,1,Low,4,2,0,1
4969,D,Ship,269,3,high,M,8,5910,3,3,0,Heavy,1,Low,3,2,2,1
4970,F,Ship,275,3,low,F,3,4824,4,3,0,Heavy,1,Low,4,2,0,0
4971,A,Ship,233,3,high,M,5,5330,5,5,0,Heavy,0,Low,0,2,2,1
4972,B,Ship,259,3,low,M,3,4770,2,5,1,Heavy,1,Low,1,2,0,1
4973,C,Ship,239,6,low,F,8,5791,3,5,1,Heavy,0,Low,2,2,0,0
4974,F,Ship,134,3,medium,F,3,5232,3,2,0,Heavy,0,Low,4,2,1,0
4975,D,Ship,131,8,low,M,7,4471,5,4,0,Heavy,0,Low,3,2,0,1
4976,F,Ship,194,8,medium,M,10,5995,4,2,0,Heavy,0,Low,4,2,1,1
4977,A,Ship,261,3,high,F,2,4954,4,5,1,Heavy,1,Low,0,2,2,0
4978,B,Ship,254,10,high,M,7,5820,4,2,0,Heavy,1,Low,1,2,2,1
4979,C,Ship,161,6,low,F,2,5734,4,1,0,Heavy,0,Low,2,2,0,0
4980,F,Ship,227,2,low,M,7,4414,4,5,0,Heavy,0,Low,4,2,0,1
4981,D,Ship,165,3,high,F,10,4208,3,1,0,Heavy,0,Low,3,2,2,0
4982,F,Ship,156,7,medium,F,9,5313,3,2,1,Heavy,0,Low,4,2,1,0
4983,A,Ship,262,7,high,F,9,5097,3,3,0,Heavy,1,Low,0,2,2,0
4984,B,Ship,263,3,low,M,4,4150,4,3,1,Heavy,1,Low,1,2,0,1
4985,C,Ship,196,3,low,M,1,5172,4,2,1,Heavy,0,Low,2,2,0,1
4986,F,Ship,152,2,low,F,3,1340,6,1,0,Light,0,Low,4,2,0,0
4987,D,Ship,278,4,low,M,10,1508,7,1,1,Light,1,Low,3,2,0,1
4988,F,Ship,260,4,medium,M,1,1726,6,4,0,Light,1,Low,4,2,1,1
4989,A,Ship,254,4,low,M,7,1674,6,5,0,Light,1,Low,0,2,0,1
4990,B,Ship,151,4,low,F,2,1150,2,4,0,Light,0,Low,1,2,0,0
4991,C,Ship,198,2,medium,F,6,1996,2,3,0,Light,0,Low,2,2,1,0
4992,F,Ship,243,4,low,M,9,1258,6,2,1,Light,0,Low,4,2,0,1
4993,D,Ship,245,4,low,F,10,1448,6,2,0,Light,0,Low,3,2,0,0
4994,F,Ship,268,3,low,F,6,5603,3,5,0,Heavy,1,Low,4,2,0,0
4995,A,Ship,269,3,high,F,6,4260,3,3,1,Heavy,1,Low,0,2,2,0
4996,B,Ship,275,3,low,M,10,5674,4,4,1,Heavy,1,Low,1,2,0,1
4997,C,Ship,233,3,high,M,7,5323,5,2,1,Heavy,0,Low,2,2,2,1
4998,F,Ship,259,3,low,M,6,4840,2,2,1,Heavy,1,Low,4,2,0,1
4999,D,Ship,239,6,low,M,7,4501,3,3,1,Heavy,0,Low,3,2,0,1
5000,F,Ship,134,3,medium,F,8,4950,3,3,0,Heavy,0,Low,4,2,1,0
5001,A,Ship,131,8,low,F,5,4149,5,3,1,Heavy,0,Low,0,2,0,0
5002,B,Ship,194,8,medium,F,9,4843,4,5,1,Heavy,0,Low,1,2,1,0
5003,C,Ship,261,3,high,M,1,4931,4,2,0,Heavy,1,Low,2,2,2,1
5004,F,Ship,254,10,high,M,7,5524,4,5,1,Heavy,1,Low,4,2,2,1
5005,D,Ship,161,6,low,M,6,5560,4,3,1,Heavy,0,Low,3,2,0,1
5006,F,Ship,227,2,low,F,7,4916,4,4,0,Heavy,0,Low,4,2,0,0
5007,A,Ship,165,3,high,M,10,4910,3,4,0,Heavy,0,Low,0,2,2,1
5008,B,Ship,156,7,medium,M,2,5467,3,3,0,Heavy,0,Low,1,2,1,1
5009,C,Ship,262,7,high,M,5,5985,3,2,1,Heavy,1,Low,2,2,2,1
5010,F,Ship,263,3,low,F,3,5253,4,3,0,Heavy,1,Low,4,2,0,0
5011,D,Ship,196,3,low,F,10,4194,4,3,1,Heavy,0,Low,3,2,0,0
5012,F,Ship,152,2,low,M,6,1711,6,2,0,Light,0,Low,4,2,0,1
5013,A,Ship,278,4,low,F,8,1909,7,3,1,Light,1,Low,0,2,0,0
5014,B,Ship,260,4,medium,F,10,1799,6,5,0,Light,1,Low,1,2,1,0
5015,C,Ship,254,4,low,M,4,1392,6,2,0,Light,1,Low,2,2,0,1
5016,F,Ship,151,4,low,F,3,1353,2,3,1,Light,0,Low,4,2,0,0
5017,D,Ship,198,2,medium,F,6,1730,2,3,1,Light,0,Low,3,2,1,0
5018,F,Ship,285,4,medium,F,7,1666,5,2,1,Light,1,Low,4,2,1,0
5019,A,Ship,306,4,medium,M,5,1467,7,1,0,Light,1,Low,0,2,1,1
5020,B,Ship,291,4,low,F,5,1327,6,4,0,Light,1,Low,1,2,0,0
5021,C,Ship,292,4,low,M,8,1925,6,3,0,Light,1,Low,2,2,0,1
5022,F,Ship,293,5,low,F,3,1969,6,2,0,Light,1,Low,4,2,0,0
5023,D,Ship,275,4,low,F,3,1182,6,4,0,Light,1,Low,3,2,0,0
5024,F,Ship,274,4,low,M,6,1066,6,5,0,Light,1,Low,4,2,0,1
5025,A,Ship,310,4,low,F,7,1294,7,2,0,Light,1,Low,0,2,0,0
5026,B,Ship,292,4,low,M,4,1762,6,5,1,Light,1,Low,1,2,0,1
5027,C,Ship,256,5,low,F,1,1980,6,3,0,Light,1,Low,2,2,0,0
5028,F,Ship,295,4,low,M,5,1239,7,4,0,Light,1,Low,4,2,0,1
5029,D,Ship,149,2,medium,M,5,1023,3,5,0,Light,0,Low,3,2,1,1
5030,F,Ship,294,4,medium,F,2,1273,6,5,1,Light,1,Low,4,2,1,0
5031,A,Ship,281,4,medium,F,7,1599,6,3,1,Light,1,Low,0,2,1,0
5032,B,Ship,294,4,medium,M,6,1112,6,4,0,Light,1,Low,1,2,1,1
5033,C,Ship,249,4,low,F,8,1274,6,5,0,Light,0,Low,2,2,0,0
5034,F,Ship,276,4,medium,F,6,1005,6,5,1,Light,1,Low,4,2,1,0
5035,D,Ship,284,4,medium,F,8,1148,7,5,1,Light,1,Low,3,2,1,0
5036,F,Ship,134,3,low,F,1,1008,4,5,0,Light,0,Low,4,2,0,0
5037,A,Ship,271,4,medium,F,1,1733,6,3,0,Light,1,Low,0,2,1,0
5038,B,Ship,244,4,medium,F,1,1406,6,2,1,Light,0,Low,1,2,1,0
5039,C,Ship,264,4,low,M,10,1960,6,1,0,Light,1,Low,2,2,0,1
5040,F,Ship,275,4,low,M,8,1553,6,5,1,Light,1,Low,4,2,0,1
5041,D,Ship,310,4,medium,F,7,1989,7,3,0,Light,1,Low,3,2,1,0
5042,F,Ship,301,5,medium,F,3,1586,6,2,0,Light,1,Low,4,2,1,0
5043,A,Road,247,4,medium,F,9,1011,6,3,0,Light,0,Low,0,1,1,0
5044,B,Road,224,2,low,M,9,5603,4,2,1,Heavy,0,Low,1,1,0,1
5045,C,Road,242,2,low,F,6,5635,3,5,0,Heavy,0,Low,2,1,0,0
5046,F,Road,145,2,low,F,2,5209,4,1,0,Heavy,0,Low,4,1,0,0
5047,D,Road,150,2,low,M,5,4140,4,1,0,Heavy,0,Low,3,1,0,1
5048,F,Road,266,3,low,M,4,5905,4,4,0,Heavy,1,Low,4,1,0,1
5049,A,Road,260,2,low,M,4,5580,5,1,0,Heavy,1,Low,0,1,0,1
5050,B,Road,259,3,medium,M,5,4435,4,1,1,Heavy,1,Low,1,1,1,1
5051,C,Road,192,3,low,F,10,4068,4,3,0,Heavy,0,Low,2,1,0,0
5052,F,Road,149,3,medium,M,5,4805,3,1,1,Heavy,0,Low,4,1,1,1
5053,D,Road,133,2,medium,M,1,5274,4,1,1,Heavy,0,Low,3,1,1,1
5054,F,Road,145,3,medium,F,3,5424,4,4,1,Heavy,0,Low,4,1,1,0
5055,A,Road,186,3,high,M,1,5922,3,4,1,Heavy,0,Low,0,1,2,1
5056,B,Road,267,3,medium,F,8,5786,5,3,1,Heavy,1,Low,1,1,1,0
5057,C,Road,157,4,medium,F,2,5684,3,3,0,Heavy,0,Low,2,1,1,0
5058,F,Road,174,3,low,F,3,5920,4,2,0,Heavy,0,Low,4,1,0,0
5059,D,Road,216,2,low,F,4,5984,4,4,0,Heavy,0,Low,3,1,0,0
5060,F,Road,143,3,low,F,2,4693,4,3,0,Heavy,0,Low,4,1,0,0
5061,A,Road,135,3,low,M,3,4939,5,1,1,Heavy,0,Low,0,1,0,1
5062,B,Road,222,3,low,M,4,5919,4,2,0,Heavy,0,Low,1,1,0,1
5063,C,Road,140,2,high,M,1,4053,6,2,0,Heavy,0,Low,2,1,2,1
5064,F,Road,209,2,medium,F,9,5131,4,2,0,Heavy,0,Low,4,1,1,0
5065,D,Flight,162,2,low,M,4,4495,3,5,0,Heavy,0,Low,3,0,0,1
5066,F,Flight,152,4,medium,M,6,5596,5,2,0,Heavy,0,Low,4,0,1,1
5067,A,Flight,236,3,medium,M,9,4725,4,2,0,Heavy,0,Low,0,0,1,1
5068,B,Flight,192,4,low,F,10,4691,4,5,0,Heavy,0,Low,1,0,0,0
5069,C,Flight,233,3,high,F,4,4140,5,2,0,Heavy,0,Low,2,0,2,0
5070,F,Flight,156,3,medium,F,2,4190,3,5,1,Heavy,0,Low,4,0,1,0
5071,D,Flight,257,3,medium,M,7,4133,5,1,0,Heavy,1,Low,3,0,1,1
5072,F,Flight,228,4,low,M,4,4750,4,5,0,Heavy,0,Low,4,0,0,1
5073,A,Flight,262,2,high,M,9,5008,5,1,0,Heavy,1,Low,0,0,2,1
5074,B,Flight,203,2,low,M,2,4647,3,1,1,Heavy,0,Low,1,0,0,1
5075,C,Flight,217,4,medium,F,3,5966,4,5,0,Heavy,0,Low,2,0,1,0
5076,F,Flight,197,5,medium,F,6,5919,3,1,0,Heavy,0,Low,4,0,1,0
5077,D,Flight,217,3,low,M,9,4306,3,5,0,Heavy,0,Low,3,0,0,1
5078,F,Flight,200,4,medium,F,4,4918,3,2,0,Heavy,0,Low,4,0,1,0
5079,A,Flight,181,3,medium,M,10,4541,4,3,1,Heavy,0,Low,0,0,1,1
5080,B,Flight,212,3,low,M,2,4353,4,1,1,Heavy,0,Low,1,0,0,1
5081,C,Flight,217,2,low,F,4,5588,5,3,0,Heavy,0,Low,2,0,0,0
5082,F,Flight,240,4,medium,F,2,5215,5,4,0,Heavy,0,Low,4,0,1,0
5083,D,Flight,161,3,low,M,9,4865,3,1,1,Heavy,0,Low,3,0,0,1
5084,F,Flight,157,3,medium,F,6,5611,3,4,0,Heavy,0,Low,4,0,1,0
5085,A,Flight,133,3,medium,M,4,5180,4,5,1,Heavy,0,Low,0,0,1,1
5086,B,Flight,138,3,low,F,2,5593,4,3,0,Heavy,0,Low,1,0,0,0
5087,C,Ship,158,3,high,M,1,5089,4,3,1,Heavy,0,Low,2,2,2,1
5088,F,Ship,243,3,high,M,2,5734,5,2,1,Heavy,0,Low,4,2,2,1
5089,D,Ship,189,3,medium,M,2,4718,3,2,0,Heavy,0,Low,3,2,1,1
5090,F,Ship,272,2,medium,M,4,4632,2,4,0,Heavy,1,Low,4,2,1,1
5091,A,Ship,168,3,low,M,6,5488,4,4,1,Heavy,0,Low,0,2,0,1
5092,B,Ship,157,3,medium,F,10,5041,4,4,1,Heavy,0,Low,1,2,1,0
5093,C,Ship,217,2,medium,F,6,5182,3,5,0,Heavy,0,Low,2,2,1,0
5094,F,Ship,237,4,low,F,8,5432,5,3,0,Heavy,0,Low,4,2,0,0
5095,D,Ship,133,2,low,M,9,4145,4,3,0,Heavy,0,Low,3,2,0,1
5096,F,Ship,243,2,medium,M,1,5840,3,4,1,Heavy,0,Low,4,2,1,1
5097,A,Ship,273,4,medium,M,2,4186,5,3,1,Heavy,1,Low,0,2,1,1
5098,B,Ship,202,5,low,F,6,5230,5,4,1,Heavy,0,Low,1,2,0,0
5099,C,Ship,240,2,low,F,7,4409,5,5,1,Heavy,0,Low,2,2,0,0
5100,F,Ship,275,3,low,M,6,5148,3,5,0,Heavy,1,Low,4,2,0,1
5101,D,Ship,274,3,medium,M,5,4710,3,5,1,Heavy,1,Low,3,2,1,1
5102,F,Ship,272,3,low,F,4,5654,4,3,0,Heavy,1,Low,4,2,0,0
5103,A,Ship,126,5,medium,M,2,5461,2,4,0,Heavy,0,Low,0,2,1,1
5104,B,Ship,215,2,medium,F,10,5194,5,3,1,Heavy,0,Low,1,2,1,0
5105,C,Ship,175,5,low,F,8,4269,2,5,0,Heavy,0,Low,2,2,0,0
5106,F,Ship,149,6,medium,M,5,5456,4,3,1,Heavy,0,Low,4,2,1,1
5107,D,Ship,145,3,medium,F,1,4346,6,1,1,Heavy,0,Low,3,2,1,0
5108,F,Ship,257,4,medium,F,3,5656,6,1,1,Heavy,1,Low,4,2,1,0
5109,A,Ship,136,3,medium,M,10,4299,4,3,1,Heavy,0,Low,0,2,1,1
5110,B,Ship,163,6,low,M,6,4349,5,3,0,Heavy,0,Low,1,2,0,1
5111,C,Ship,256,3,low,M,7,5013,3,4,1,Heavy,1,Low,2,2,0,1
5112,F,Ship,141,3,low,F,7,4954,3,3,1,Heavy,0,Low,4,2,0,0
5113,D,Ship,196,2,medium,F,4,4203,4,3,1,Heavy,0,Low,3,2,1,0
5114,F,Ship,154,2,low,F,5,5528,5,4,0,Heavy,0,Low,4,2,0,0
5115,A,Ship,197,3,medium,F,2,4678,5,3,1,Heavy,0,Low,0,2,1,0
5116,B,Ship,207,3,medium,F,1,4369,3,2,0,Heavy,0,Low,1,2,1,0
5117,C,Ship,258,4,low,M,5,5664,4,1,0,Heavy,1,Low,2,2,0,1
5118,F,Ship,270,3,high,F,7,4690,3,3,1,Heavy,1,Low,4,2,2,0
5119,D,Ship,139,4,low,F,9,5070,5,2,1,Heavy,0,Low,3,2,0,0
5120,F,Ship,197,3,low,M,4,5423,3,5,0,Heavy,0,Low,4,2,0,1
5121,A,Ship,176,3,low,M,9,5656,5,2,0,Heavy,0,Low,0,2,0,1
5122,B,Ship,206,3,medium,M,5,5676,3,1,1,Heavy,0,Low,1,2,1,1
5123,C,Ship,176,4,medium,M,6,5061,4,5,0,Heavy,0,Low,2,2,1,1
5124,F,Ship,208,3,medium,F,6,4226,2,4,1,Heavy,0,Low,4,2,1,0
5125,D,Ship,154,2,medium,F,1,5746,3,3,1,Heavy,0,Low,3,2,1,0
5126,F,Ship,206,5,low,F,7,5203,2,2,0,Heavy,0,Low,4,2,0,0
5127,A,Ship,253,2,low,M,8,5476,3,5,1,Heavy,1,Low,0,2,0,1
5128,B,Ship,270,3,medium,F,2,5272,4,5,0,Heavy,1,Low,1,2,1,0
5129,C,Ship,271,4,high,M,3,4006,3,3,1,Heavy,1,Low,2,2,2,1
5130,F,Ship,108,3,low,M,4,5924,2,1,1,Heavy,0,Low,4,2,0,1
5131,D,Ship,172,2,medium,M,7,4559,4,5,0,Heavy,0,Low,3,2,1,1
5132,F,Ship,265,3,high,M,5,4951,5,1,1,Heavy,1,Low,4,2,2,1
5133,A,Ship,208,5,medium,F,7,5401,4,4,0,Heavy,0,Low,0,2,1,0
5134,B,Ship,261,3,high,M,3,4885,4,5,1,Heavy,1,Low,1,2,2,1
5135,C,Ship,197,2,medium,F,1,5211,4,4,0,Heavy,0,Low,2,2,1,0
5136,F,Ship,240,2,medium,F,4,5101,4,4,0,Heavy,0,Low,4,2,1,0
5137,D,Ship,273,4,low,M,1,4857,4,1,0,Heavy,1,Low,3,2,0,1
5138,F,Ship,180,2,medium,M,1,5940,3,5,1,Heavy,0,Low,4,2,1,1
5139,A,Ship,136,2,medium,F,7,4305,4,2,1,Heavy,0,Low,0,2,1,0
5140,B,Ship,222,6,medium,F,10,4579,3,4,1,Heavy,0,Low,1,2,1,0
5141,C,Ship,231,4,medium,M,9,5528,4,5,0,Heavy,0,Low,2,2,1,1
5142,F,Ship,240,5,low,M,8,4558,4,5,0,Heavy,0,Low,4,2,0,1
5143,D,Ship,152,3,low,M,10,5974,4,1,0,Heavy,0,Low,3,2,0,1
5144,F,Ship,206,2,medium,F,2,5627,5,2,1,Heavy,0,Low,4,2,1,0
5145,A,Ship,274,4,medium,F,10,4798,2,3,1,Heavy,1,Low,0,2,1,0
5146,B,Ship,97,6,high,M,7,5509,5,4,1,Heavy,0,Low,1,2,2,1
5147,C,Ship,243,4,medium,F,10,4076,3,4,0,Heavy,0,Low,2,2,1,0
5148,F,Ship,106,6,medium,F,7,4621,3,4,0,Heavy,0,Low,4,2,1,0
5149,D,Ship,241,3,low,F,2,5587,5,3,1,Heavy,0,Low,3,2,0,0
5150,F,Ship,217,4,medium,F,1,5761,3,1,1,Heavy,0,Low,4,2,1,0
5151,A,Ship,241,4,medium,M,5,5080,4,1,0,Heavy,0,Low,0,2,1,1
5152,B,Ship,213,3,low,M,6,5447,4,3,0,Heavy,0,Low,1,2,0,1
5153,C,Ship,134,3,medium,M,10,4200,3,1,0,Heavy,0,Low,2,2,1,1
5154,F,Ship,162,2,medium,F,8,4972,3,4,0,Heavy,0,Low,4,2,1,0
5155,D,Ship,193,4,low,M,7,5552,2,4,1,Heavy,0,Low,3,2,0,1
5156,F,Ship,138,2,medium,M,9,5297,4,3,1,Heavy,0,Low,4,2,1,1
5157,A,Ship,181,5,medium,M,2,5324,5,4,0,Heavy,0,Low,0,2,1,1
5158,B,Ship,274,2,low,M,10,4361,4,2,0,Heavy,1,Low,1,2,0,1
5159,C,Ship,254,2,high,F,3,4930,4,3,0,Heavy,1,Low,2,2,2,0
5160,F,Ship,196,5,low,M,10,5111,5,2,0,Heavy,0,Low,4,2,0,1
5161,D,Ship,157,4,low,F,6,4964,4,2,0,Heavy,0,Low,3,2,0,0
5162,F,Ship,130,3,medium,F,3,4317,4,3,0,Heavy,0,Low,4,2,1,0
5163,A,Ship,273,2,medium,F,7,5491,3,3,0,Heavy,1,Low,0,2,1,0
5164,B,Ship,154,3,medium,F,9,5489,4,5,1,Heavy,0,Low,1,2,1,0
5165,C,Ship,166,3,medium,F,8,4758,4,2,0,Heavy,0,Low,2,2,1,0
5166,F,Ship,171,3,low,M,8,4227,5,5,0,Heavy,0,Low,4,2,0,1
5167,D,Ship,177,2,low,M,2,5618,5,4,1,Heavy,0,Low,3,2,0,1
5168,F,Ship,195,3,low,M,3,5785,2,5,0,Heavy,0,Low,4,2,0,1
5169,A,Ship,269,2,low,F,9,5517,5,4,0,Heavy,1,Low,0,2,0,0
5170,B,Ship,196,3,low,M,4,4634,4,1,1,Heavy,0,Low,1,2,0,1
5171,C,Ship,244,3,high,M,7,5140,3,1,1,Heavy,0,Low,2,2,2,1
5172,F,Ship,137,3,medium,M,1,5490,3,3,1,Heavy,0,Low,4,2,1,1
5173,D,Ship,201,3,high,M,6,5165,3,2,1,Heavy,0,Low,3,2,2,1
5174,F,Ship,211,3,medium,M,7,5185,3,3,0,Heavy,0,Low,4,2,1,1
5175,A,Ship,266,3,medium,F,4,4195,5,3,0,Heavy,1,Low,0,2,1,0
5176,B,Ship,222,2,low,F,2,5953,5,3,1,Heavy,0,Low,1,2,0,0
5177,C,Ship,241,4,high,M,6,4412,5,4,1,Heavy,0,Low,2,2,2,1
5178,F,Ship,226,4,medium,F,8,5225,3,2,0,Heavy,0,Low,4,2,1,0
5179,D,Ship,254,3,medium,M,3,4072,3,5,0,Heavy,1,Low,3,2,1,1
5180,F,Road,222,3,medium,F,8,4950,4,5,0,Heavy,0,Low,4,1,1,0
5181,A,Road,148,3,medium,F,5,4892,4,4,0,Heavy,0,Low,0,1,1,0
5182,B,Road,194,3,medium,M,3,5916,4,3,1,Heavy,0,Low,1,1,1,1
5183,C,Road,177,2,high,F,7,5599,4,1,1,Heavy,0,Low,2,1,2,0
5184,F,Road,150,3,low,F,6,5854,2,2,1,Heavy,0,Low,4,1,0,0
5185,D,Road,111,2,low,F,4,4245,3,2,1,Heavy,0,Low,3,1,0,0
5186,F,Road,172,3,low,F,3,5064,5,4,1,Heavy,0,Low,4,1,0,0
5187,A,Road,234,3,low,M,3,5438,4,5,0,Heavy,0,Low,0,1,0,1
5188,B,Road,257,4,medium,M,10,5180,5,5,1,Heavy,1,Low,1,1,1,1
5189,C,Road,221,3,high,M,3,5005,3,1,1,Heavy,0,Low,2,1,2,1
5190,F,Road,171,5,medium,F,8,4699,5,1,0,Heavy,0,Low,4,1,1,0
5191,D,Road,231,2,low,F,4,5825,4,4,0,Heavy,0,Low,3,1,0,0
5192,F,Road,187,4,medium,F,9,5326,5,5,0,Heavy,0,Low,4,1,1,0
5193,A,Road,233,3,low,M,8,5076,5,4,1,Heavy,0,Low,0,1,0,1
5194,B,Road,268,6,medium,F,3,4834,4,4,0,Heavy,1,Low,1,1,1,0
5195,C,Road,262,3,low,F,9,4941,4,2,0,Heavy,1,Low,2,1,0,0
5196,F,Road,284,10,low,M,8,4562,3,4,1,Heavy,1,Low,4,1,0,1
5197,D,Road,259,3,medium,F,5,4664,3,3,0,Heavy,1,Low,3,1,1,0
5198,F,Road,221,10,medium,M,10,5473,3,1,0,Heavy,0,Low,4,1,1,1
5199,A,Road,271,4,high,F,6,4547,5,5,1,Heavy,1,Low,0,1,2,0
5200,B,Road,249,3,high,F,2,4397,5,4,1,Heavy,0,Low,1,1,2,0
5201,C,Road,259,3,medium,F,5,4315,5,5,0,Heavy,1,Low,2,1,1,0
5202,F,Flight,176,3,low,M,5,5316,3,1,1,Heavy,0,Low,4,0,0,1
5203,D,Flight,139,3,low,M,6,4942,4,1,1,Heavy,0,Low,3,0,0,1
5204,F,Flight,243,3,medium,F,8,4959,3,4,0,Heavy,0,Low,4,0,1,0
5205,A,Flight,248,3,medium,M,5,5946,5,2,0,Heavy,0,Low,0,0,1,1
5206,B,Flight,247,3,low,F,4,5891,3,5,1,Heavy,0,Low,1,0,0,0
5207,C,Flight,230,10,high,M,10,5619,5,5,1,Heavy,0,Low,2,0,2,1
5208,F,Flight,134,3,high,M,8,5016,5,3,0,Heavy,0,Low,4,0,2,1
5209,D,Flight,184,3,low,F,8,4667,4,1,0,Heavy,0,Low,3,0,0,0
5210,F,Flight,263,3,medium,F,6,5445,4,5,0,Heavy,1,Low,4,0,1,0
5211,A,Flight,121,5,high,F,4,4814,5,4,0,Heavy,0,Low,0,0,2,0
5212,B,Flight,160,3,medium,M,3,5807,3,2,0,Heavy,0,Low,1,0,1,1
5213,C,Flight,229,4,medium,M,3,5340,4,2,0,Heavy,0,Low,2,0,1,1
5214,F,Flight,306,4,medium,M,4,1739,7,3,1,Light,1,Low,4,0,1,1
5215,D,Flight,291,4,low,M,8,1019,6,2,0,Light,1,Low,3,0,0,1
5216,F,Flight,292,4,low,F,10,1321,6,4,1,Light,1,Low,4,0,0,0
5217,A,Flight,293,5,low,M,2,1494,6,2,0,Light,1,Low,0,0,0,1
5218,B,Flight,275,4,low,M,9,1585,6,4,0,Light,1,Low,1,0,0,1
5219,C,Flight,274,4,low,M,2,1833,6,3,1,Light,1,Low,2,0,0,1
5220,F,Flight,310,4,low,F,5,1975,7,5,0,Light,1,Low,4,0,0,0
5221,D,Flight,292,4,low,F,10,1270,6,3,0,Light,1,Low,3,0,0,0
5222,F,Flight,256,5,low,M,10,1686,6,5,0,Light,1,Low,4,0,0,1
5223,A,Flight,234,3,low,M,5,5213,4,5,0,Heavy,0,Low,0,0,0,1
5224,B,Ship,257,4,medium,M,1,4924,5,1,0,Heavy,1,Low,1,2,1,1
5225,C,Ship,221,3,high,M,1,4948,3,1,0,Heavy,0,Low,2,2,2,1
5226,F,Ship,171,5,medium,F,2,5921,5,1,1,Heavy,0,Low,4,2,1,0
5227,D,Ship,231,2,low,F,1,5917,4,1,1,Heavy,0,Low,3,2,0,0
5228,F,Ship,187,4,medium,F,8,5164,5,1,0,Heavy,0,Low,4,2,1,0
5229,A,Ship,233,3,low,M,10,5289,5,1,0,Heavy,0,Low,0,2,0,1
5230,B,Ship,268,6,medium,M,2,4348,4,2,0,Heavy,1,Low,1,2,1,1
5231,C,Ship,262,3,low,M,9,4404,4,3,1,Heavy,1,Low,2,2,0,1
5232,F,Ship,284,10,low,M,5,5479,3,4,0,Heavy,1,Low,4,2,0,1
5233,D,Ship,259,3,medium,F,4,4259,3,3,0,Heavy,1,Low,3,2,1,0
5234,F,Ship,221,10,medium,F,7,5743,3,5,1,Heavy,0,Low,4,2,1,0
5235,A,Ship,271,4,high,M,10,4305,5,5,1,Heavy,1,Low,0,2,2,1
5236,B,Ship,249,3,high,F,8,5000,5,2,1,Heavy,0,Low,1,2,2,0
5237,C,Ship,259,3,medium,F,1,4608,5,5,0,Heavy,1,Low,2,2,1,0
5238,F,Ship,176,3,low,F,7,4276,3,1,0,Heavy,0,Low,4,2,0,0
5239,D,Ship,139,3,low,F,1,5502,4,1,1,Heavy,0,Low,3,2,0,0
5240,F,Ship,243,3,medium,F,2,5827,3,1,1,Heavy,0,Low,4,2,1,0
5241,A,Ship,248,3,medium,M,10,5567,5,3,1,Heavy,0,Low,0,2,1,1
5242,B,Ship,247,3,low,M,6,4873,3,4,0,Heavy,0,Low,1,2,0,1
5243,C,Ship,230,10,high,F,3,5391,5,5,0,Heavy,0,Low,2,2,2,0
5244,F,Ship,134,3,high,F,5,5783,5,5,1,Heavy,0,Low,4,2,2,0
5245,D,Ship,184,3,low,M,10,4931,4,2,0,Heavy,0,Low,3,2,0,1
5246,F,Ship,263,3,medium,M,10,4680,4,4,0,Heavy,1,Low,4,2,1,1
5247,A,Ship,121,5,high,F,4,5833,5,2,0,Heavy,0,Low,0,2,2,0
5248,B,Ship,160,3,medium,F,4,5132,3,1,0,Heavy,0,Low,1,2,1,0
5249,C,Ship,229,4,medium,F,2,5378,4,1,1,Heavy,0,Low,2,2,1,0
5250,F,Ship,306,4,medium,F,2,1281,7,5,0,Light,1,Low,4,2,1,0
5251,D,Ship,291,4,low,F,7,1046,6,2,0,Light,1,Low,3,2,0,0
5252,F,Ship,292,4,low,M,9,1056,6,4,1,Light,1,Low,4,2,0,1
5253,A,Ship,293,5,low,F,1,1278,6,5,0,Light,1,Low,0,2,0,0
5254,B,Ship,275,4,low,M,10,1266,6,4,1,Light,1,Low,1,2,0,1
5255,C,Ship,274,4,low,M,10,1174,6,3,0,Light,1,Low,2,2,0,1
5256,F,Ship,310,4,low,M,4,1806,7,2,0,Light,1,Low,4,2,0,1
5257,D,Ship,292,4,low,F,10,1969,6,5,1,Light,1,Low,3,2,0,0
5258,F,Ship,275,4,low,F,5,1228,6,1,0,Light,1,Low,4,2,0,0
5259,A,Ship,310,4,medium,M,8,1860,7,3,1,Light,1,Low,0,2,1,1
5260,B,Ship,281,4,low,M,8,1987,7,5,1,Light,1,Low,1,2,0,1
5261,C,Ship,256,4,low,M,5,1033,6,5,1,Light,1,Low,2,2,0,1
5262,F,Ship,304,4,low,F,2,1749,6,4,0,Light,1,Low,4,2,0,0
5263,D,Ship,285,4,medium,M,6,1582,6,4,0,Light,1,Low,3,2,1,1
5264,F,Ship,283,5,low,M,6,1882,7,4,1,Light,1,Low,4,2,0,1
5265,A,Ship,304,4,low,F,4,1236,6,1,1,Light,1,Low,0,2,0,0
5266,B,Ship,282,4,medium,M,3,1661,6,3,0,Light,1,Low,1,2,1,1
5267,C,Ship,304,5,medium,M,6,1178,6,2,1,Light,1,Low,2,2,1,1
5268,F,Ship,301,5,medium,M,3,1844,6,2,1,Light,1,Low,4,2,1,1
5269,D,Ship,296,4,low,F,6,1005,7,2,1,Light,1,Low,3,2,0,0
5270,F,Ship,264,4,low,M,1,1660,6,4,1,Light,1,Low,4,2,0,1
5271,A,Ship,306,4,low,F,6,1461,6,4,0,Light,1,Low,0,2,0,0
5272,B,Ship,243,4,medium,F,6,1362,7,4,1,Light,0,Low,1,2,1,0
5273,C,Ship,286,4,low,M,9,1418,6,2,0,Light,1,Low,2,2,0,1
5274,F,Ship,247,4,medium,M,1,1668,6,2,0,Light,0,Low,4,2,1,1
5275,D,Ship,292,5,low,M,5,1932,7,5,1,Light,1,Low,3,2,0,1
5276,F,Ship,281,2,medium,F,9,1715,6,2,1,Light,1,Low,4,2,1,0
5277,A,Ship,294,4,low,M,4,1302,6,5,0,Light,1,Low,0,2,0,1
5278,B,Ship,279,4,low,F,3,1499,5,1,0,Light,1,Low,1,2,0,0
5279,C,Ship,298,4,medium,M,9,1629,6,4,0,Light,1,Low,2,2,1,1
5280,F,Ship,248,4,low,F,6,1997,6,3,1,Light,0,Low,4,2,0,0
5281,D,Ship,261,4,low,F,3,1217,6,5,1,Light,1,Low,3,2,0,0
5282,F,Ship,136,2,low,M,3,1370,5,2,0,Light,0,Low,4,2,0,1
5283,A,Ship,259,5,medium,F,1,1271,6,3,0,Light,1,Low,0,2,1,0
5284,B,Ship,292,4,medium,F,7,1094,6,4,1,Light,1,Low,1,2,1,0
5285,C,Ship,305,4,medium,F,6,1873,7,4,0,Light,1,Low,2,2,1,0
5286,F,Ship,304,4,low,F,9,1392,6,2,0,Light,1,Low,4,2,0,0
5287,D,Ship,218,2,low,M,4,5142,3,5,0,Heavy,0,Low,3,2,0,1
5288,F,Ship,268,3,medium,M,6,4681,4,1,1,Heavy,1,Low,4,2,1,1
5289,A,Ship,110,5,low,M,3,4124,2,3,0,Heavy,0,Low,0,2,0,1
5290,B,Ship,248,3,low,F,1,5198,4,4,0,Heavy,0,Low,1,2,0,0
5291,C,Ship,194,2,medium,M,4,5780,4,3,1,Heavy,0,Low,2,2,1,1
5292,F,Ship,151,2,low,F,10,5643,5,4,1,Heavy,0,Low,4,2,0,0
5293,D,Ship,205,2,low,M,6,4853,3,2,0,Heavy,0,Low,3,2,0,1
5294,F,Ship,275,2,low,F,5,4163,2,1,1,Heavy,1,Low,4,2,0,0
5295,A,Ship,229,2,medium,M,10,5149,5,3,0,Heavy,0,Low,0,2,1,1
5296,B,Ship,169,3,low,F,4,5716,3,4,0,Heavy,0,Low,1,2,0,0
5297,C,Ship,137,5,low,F,8,4980,3,1,1,Heavy,0,Low,2,2,0,0
5298,F,Ship,263,3,medium,F,3,4181,3,2,0,Heavy,1,Low,4,2,1,0
5299,D,Ship,187,3,low,F,1,4181,5,4,0,Heavy,0,Low,3,2,0,0
5300,F,Ship,287,4,low,M,6,5889,4,3,0,Heavy,1,Low,4,2,0,1
5301,A,Ship,134,2,medium,F,5,5230,4,4,0,Heavy,0,Low,0,2,1,0
5302,B,Ship,244,3,medium,F,3,4015,5,4,0,Heavy,0,Low,1,2,1,0
5303,C,Ship,229,2,medium,F,8,5868,4,3,0,Heavy,0,Low,2,2,1,0
5304,F,Ship,203,5,medium,M,2,4845,5,1,0,Heavy,0,Low,4,2,1,1
5305,D,Ship,183,2,medium,F,8,4422,4,5,0,Heavy,0,Low,3,2,1,0
5306,F,Ship,146,2,medium,M,4,4348,4,2,1,Heavy,0,Low,4,2,1,1
5307,A,Ship,252,3,medium,M,1,5676,4,4,1,Heavy,1,Low,0,2,1,1
5308,B,Ship,133,3,medium,M,7,4314,3,5,0,Heavy,0,Low,1,2,1,1
5309,C,Ship,207,3,low,M,7,4816,3,3,1,Heavy,0,Low,2,2,0,1
5310,F,Ship,243,3,medium,M,8,5705,3,4,1,Heavy,0,Low,4,2,1,1
5311,D,Ship,219,4,low,M,7,5573,2,1,1,Heavy,0,Low,3,2,0,1
5312,F,Ship,182,2,low,F,3,5510,3,1,1,Heavy,0,Low,4,2,0,0
5313,A,Ship,257,3,medium,F,5,5084,5,5,0,Heavy,1,Low,0,2,1,0
5314,B,Ship,256,4,medium,M,4,5469,4,2,0,Heavy,1,Low,1,2,1,1
5315,C,Ship,181,4,high,F,1,4971,3,5,1,Heavy,0,Low,2,2,2,0
5316,F,Ship,219,3,medium,M,6,4893,3,1,1,Heavy,0,Low,4,2,1,1
5317,D,Road,227,2,low,M,3,4375,4,3,0,Heavy,0,Low,3,1,0,1
5318,F,Road,232,2,high,F,8,5146,3,5,0,Heavy,0,Low,4,1,2,0
5319,A,Road,143,4,medium,M,4,4401,6,4,0,Heavy,0,Low,0,1,1,1
5320,B,Road,274,3,high,F,7,5517,4,3,0,Heavy,1,Low,1,1,2,0
5321,C,Road,186,3,low,F,2,4430,4,4,0,Heavy,0,Low,2,1,0,0
5322,F,Road,273,3,low,M,3,5163,3,4,1,Heavy,1,Low,4,1,0,1
5323,D,Road,199,3,low,M,7,5258,3,3,1,Heavy,0,Low,3,1,0,1
5324,F,Road,238,3,medium,F,5,4724,4,4,1,Heavy,0,Low,4,1,1,0
5325,A,Road,175,3,medium,F,4,5784,4,3,0,Heavy,0,Low,0,1,1,0
5326,B,Road,252,6,medium,M,2,5476,4,2,0,Heavy,1,Low,1,1,1,1
5327,C,Road,250,3,low,M,5,5621,6,1,1,Heavy,0,Low,2,1,0,1
5328,F,Road,254,2,medium,F,10,5608,3,2,0,Heavy,1,Low,4,1,1,0
5329,D,Road,201,2,high,M,2,5115,2,4,0,Heavy,0,Low,3,1,2,1
5330,F,Road,234,3,high,F,9,5548,5,1,0,Heavy,0,Low,4,1,2,0
5331,A,Road,164,4,low,M,2,5008,4,2,0,Heavy,0,Low,0,1,0,1
5332,B,Road,197,3,low,M,2,4326,4,1,0,Heavy,0,Low,1,1,0,1
5333,C,Road,158,4,medium,M,7,4460,4,3,0,Heavy,0,Low,2,1,1,1
5334,F,Road,158,3,medium,M,4,5335,3,2,0,Heavy,0,Low,4,1,1,1
5335,D,Road,111,4,medium,F,8,4575,5,3,0,Heavy,0,Low,3,1,1,0
5336,F,Road,215,3,low,F,2,4731,5,3,1,Heavy,0,Low,4,1,0,0
5337,A,Road,233,3,medium,F,9,4293,6,3,1,Heavy,0,Low,0,1,1,0
5338,B,Road,204,3,medium,M,8,5614,4,4,0,Heavy,0,Low,1,1,1,1
5339,C,Flight,254,2,low,M,10,5718,2,5,1,Heavy,1,Low,2,0,0,1
5340,F,Flight,162,3,medium,F,1,5537,5,1,0,Heavy,0,Low,4,0,1,0
5341,D,Flight,249,5,low,M,9,4396,4,1,0,Heavy,0,Low,3,0,0,1
5342,F,Flight,151,3,low,F,7,5154,3,2,1,Heavy,0,Low,4,0,0,0
5343,A,Flight,243,2,medium,F,6,4573,4,2,0,Heavy,0,Low,0,0,1,0
5344,B,Flight,181,3,low,M,4,5078,4,2,0,Heavy,0,Low,1,0,0,1
5345,C,Flight,241,2,medium,F,4,5942,4,3,1,Heavy,0,Low,2,0,1,0
5346,F,Flight,175,3,low,M,2,5740,3,3,1,Heavy,0,Low,4,0,0,1
5347,D,Flight,191,2,medium,F,10,5073,3,1,0,Heavy,0,Low,3,0,1,0
5348,F,Flight,260,3,high,M,10,4919,4,5,0,Heavy,1,Low,4,0,2,1
5349,A,Flight,263,4,low,M,9,4390,4,1,0,Heavy,1,Low,0,0,0,1
5350,B,Flight,254,2,low,M,10,4230,4,1,1,Heavy,1,Low,1,0,0,1
5351,C,Flight,103,6,medium,F,2,4860,5,5,0,Heavy,0,Low,2,0,1,0
5352,F,Flight,254,5,medium,F,2,5655,5,2,1,Heavy,1,Low,4,0,1,0
5353,D,Flight,235,2,medium,M,9,5549,5,4,0,Heavy,0,Low,3,0,1,1
5354,F,Flight,167,3,medium,F,1,4621,4,3,1,Heavy,0,Low,4,0,1,0
5355,A,Flight,140,5,medium,F,3,4191,4,5,1,Heavy,0,Low,0,0,1,0
5356,B,Flight,231,3,medium,M,2,4940,4,1,0,Heavy,0,Low,1,0,1,1
5357,C,Flight,144,4,low,F,8,5760,2,4,1,Heavy,0,Low,2,0,0,0
5358,F,Flight,183,2,medium,F,2,4533,4,5,1,Heavy,0,Low,4,0,1,0
5359,D,Flight,149,3,low,F,3,5542,4,3,0,Heavy,0,Low,3,0,0,0
5360,F,Flight,145,2,medium,M,8,5645,4,4,1,Heavy,0,Low,4,0,1,1
5361,A,Ship,223,3,medium,F,4,5062,3,3,1,Heavy,0,Low,0,2,1,0
5362,B,Ship,251,2,low,F,10,4898,4,2,1,Heavy,1,Low,1,2,0,0
5363,C,Ship,240,3,medium,M,9,5170,4,2,1,Heavy,0,Low,2,2,1,1
5364,F,Ship,226,5,low,F,5,4833,4,5,0,Heavy,0,Low,4,2,0,0
5365,D,Ship,200,2,low,M,5,5072,4,1,1,Heavy,0,Low,3,2,0,1
5366,F,Ship,213,3,high,F,4,5996,3,4,0,Heavy,0,Low,4,2,2,0
5367,A,Ship,166,2,low,F,10,5258,3,4,0,Heavy,0,Low,0,2,0,0
5368,B,Ship,203,6,medium,F,7,5289,5,2,0,Heavy,0,Low,1,2,1,0
5369,C,Ship,175,2,medium,M,9,5643,3,4,1,Heavy,0,Low,2,2,1,1
5370,F,Ship,197,3,low,F,6,5826,4,2,0,Heavy,0,Low,4,2,0,0
5371,D,Ship,158,3,medium,M,5,5782,4,1,0,Heavy,0,Low,3,2,1,1
5372,F,Ship,257,2,low,M,7,5325,4,2,1,Heavy,1,Low,4,2,0,1
5373,A,Ship,183,2,medium,F,3,4042,3,1,0,Heavy,0,Low,0,2,1,0
5374,B,Ship,254,2,medium,M,8,4890,3,3,1,Heavy,1,Low,1,2,1,1
5375,C,Ship,219,2,medium,F,10,4390,3,1,1,Heavy,0,Low,2,2,1,0
5376,F,Ship,271,4,low,M,3,5831,3,5,1,Heavy,1,Low,4,2,0,1
5377,D,Ship,236,2,medium,F,5,5266,4,4,0,Heavy,0,Low,3,2,1,0
5378,F,Ship,170,4,high,M,6,5258,5,1,1,Heavy,0,Low,4,2,2,1
5379,A,Ship,203,2,high,F,2,4190,5,4,1,Heavy,0,Low,0,2,2,0
5380,B,Ship,258,3,low,M,5,4314,3,5,1,Heavy,1,Low,1,2,0,1
5381,C,Ship,228,2,low,F,4,4783,4,5,1,Heavy,0,Low,2,2,0,0
5382,F,Ship,251,5,medium,M,8,4877,6,3,0,Heavy,1,Low,4,2,1,1
5383,D,Ship,166,2,medium,M,4,4254,3,3,1,Heavy,0,Low,3,2,1,1
5384,F,Ship,147,3,low,F,4,5042,3,5,0,Heavy,0,Low,4,2,0,0
5385,A,Ship,248,4,medium,F,5,4271,5,4,1,Heavy,0,Low,0,2,1,0
5386,B,Ship,238,4,low,F,7,5254,3,2,0,Heavy,0,Low,1,2,0,0
5387,C,Ship,219,2,medium,M,7,4604,4,4,0,Heavy,0,Low,2,2,1,1
5388,F,Ship,226,3,medium,M,6,4700,5,2,1,Heavy,0,Low,4,2,1,1
5389,D,Ship,211,4,low,M,7,4733,3,3,0,Heavy,0,Low,3,2,0,1
5390,F,Ship,139,3,medium,F,6,5721,5,4,0,Heavy,0,Low,4,2,1,0
5391,A,Ship,137,2,medium,F,2,5804,4,2,1,Heavy,0,Low,0,2,1,0
5392,B,Ship,222,2,medium,M,7,4343,4,4,0,Heavy,0,Low,1,2,1,1
5393,C,Ship,257,2,low,F,1,5331,2,3,1,Heavy,1,Low,2,2,0,0
5394,F,Ship,186,4,medium,M,5,5239,5,1,0,Heavy,0,Low,4,2,1,1
5395,D,Ship,262,3,low,M,4,5085,4,2,0,Heavy,1,Low,3,2,0,1
5396,F,Ship,248,3,low,M,5,4781,4,3,1,Heavy,0,Low,4,2,0,1
5397,A,Ship,245,3,medium,F,5,5663,5,3,0,Heavy,0,Low,0,2,1,0
5398,B,Ship,202,4,low,M,6,5107,5,3,0,Heavy,0,Low,1,2,0,1
5399,C,Ship,279,6,medium,M,2,5405,4,3,0,Heavy,1,Low,2,2,1,1
5400,F,Ship,263,3,medium,M,6,4505,5,1,1,Heavy,1,Low,4,2,1,1
5401,D,Ship,227,4,low,F,9,4647,3,5,0,Heavy,0,Low,3,2,0,0
5402,F,Ship,245,4,high,M,8,4129,5,3,1,Heavy,0,Low,4,2,2,1
5403,A,Ship,142,2,medium,F,7,4594,4,5,1,Heavy,0,Low,0,2,1,0
5404,B,Ship,192,3,medium,F,6,4037,5,3,1,Heavy,0,Low,1,2,1,0
5405,C,Ship,190,4,medium,M,4,4102,4,3,1,Heavy,0,Low,2,2,1,1
5406,F,Ship,146,4,low,M,4,5817,2,2,0,Heavy,0,Low,4,2,0,1
5407,D,Ship,161,2,medium,M,3,4391,4,3,1,Heavy,0,Low,3,2,1,1
5408,F,Ship,192,3,low,F,1,4180,3,3,1,Heavy,0,Low,4,2,0,0
5409,A,Ship,267,3,low,M,5,5528,3,1,0,Heavy,1,Low,0,2,0,1
5410,B,Ship,186,4,medium,F,9,5592,5,5,1,Heavy,0,Low,1,2,1,0
5411,C,Ship,149,5,medium,F,8,4209,4,2,0,Heavy,0,Low,2,2,1,0
5412,F,Ship,246,3,low,M,2,5473,4,4,1,Heavy,0,Low,4,2,0,1
5413,D,Ship,177,4,low,F,3,5527,3,2,0,Heavy,0,Low,3,2,0,0
5414,F,Ship,199,2,low,F,8,4463,4,5,0,Heavy,0,Low,4,2,0,0
5415,A,Ship,247,3,medium,F,3,4698,5,2,1,Heavy,0,Low,0,2,1,0
5416,B,Ship,157,3,medium,F,2,4343,4,5,1,Heavy,0,Low,1,2,1,0
5417,C,Ship,202,3,medium,F,9,4322,3,1,0,Heavy,0,Low,2,2,1,0
5418,F,Ship,150,3,low,M,6,5787,4,2,1,Heavy,0,Low,4,2,0,1
5419,D,Ship,209,2,low,F,3,4348,5,5,0,Heavy,0,Low,3,2,0,0
5420,F,Ship,223,3,low,M,6,5977,5,3,0,Heavy,0,Low,4,2,0,1
5421,A,Ship,234,3,low,F,8,4839,3,3,1,Heavy,0,Low,0,2,0,0
5422,B,Ship,147,3,medium,F,5,4012,6,1,0,Heavy,0,Low,1,2,1,0
5423,C,Ship,201,5,medium,M,3,5771,6,5,0,Heavy,0,Low,2,2,1,1
5424,F,Ship,134,2,low,M,10,5279,5,3,1,Heavy,0,Low,4,2,0,1
5425,D,Ship,229,4,low,F,3,4352,4,1,1,Heavy,0,Low,3,2,0,0
5426,F,Ship,200,4,low,F,3,5583,4,4,1,Heavy,0,Low,4,2,0,0
5427,A,Ship,239,3,low,M,4,4756,4,4,0,Heavy,0,Low,0,2,0,1
5428,B,Ship,237,6,medium,M,2,4541,5,4,0,Heavy,0,Low,1,2,1,1
5429,C,Ship,121,5,medium,F,10,4790,5,2,0,Heavy,0,Low,2,2,1,0
5430,F,Ship,156,3,medium,M,6,5255,3,4,1,Heavy,0,Low,4,2,1,1
5431,D,Ship,195,4,low,F,9,5577,5,3,0,Heavy,0,Low,3,2,0,0
5432,F,Ship,261,3,high,M,9,5515,4,4,0,Heavy,1,Low,4,2,2,1
5433,A,Ship,255,2,medium,M,9,5936,2,1,1,Heavy,1,Low,0,2,1,1
5434,B,Ship,212,4,low,F,9,5791,3,5,0,Heavy,0,Low,1,2,0,0
5435,C,Ship,241,3,low,F,8,5206,4,4,1,Heavy,0,Low,2,2,0,0
5436,F,Ship,266,3,medium,F,4,5928,4,5,1,Heavy,1,Low,4,2,1,0
5437,D,Ship,253,2,low,M,8,5652,4,5,0,Heavy,1,Low,3,2,0,1
5438,F,Ship,192,3,medium,F,10,5190,4,3,0,Heavy,0,Low,4,2,1,0
5439,A,Ship,263,4,medium,M,7,4041,4,4,1,Heavy,1,Low,0,2,1,1
5440,B,Ship,198,6,medium,F,6,5380,4,5,0,Heavy,0,Low,1,2,1,0
5441,C,Ship,225,2,high,M,6,5274,3,1,1,Heavy,0,Low,2,2,2,1
5442,F,Ship,209,2,medium,F,3,4184,3,1,0,Heavy,0,Low,4,2,1,0
5443,D,Ship,222,3,medium,M,3,4068,3,4,0,Heavy,0,Low,3,2,1,1
5444,F,Ship,162,3,medium,F,7,5971,3,1,0,Heavy,0,Low,4,2,1,0
5445,A,Ship,217,2,medium,M,6,5518,5,1,0,Heavy,0,Low,0,2,1,1
5446,B,Ship,252,4,low,F,7,5328,3,5,1,Heavy,1,Low,1,2,0,0
5447,C,Ship,236,3,low,F,4,4248,4,1,0,Heavy,0,Low,2,2,0,0
5448,F,Ship,113,3,medium,F,1,5610,4,4,1,Heavy,0,Low,4,2,1,0
5449,D,Ship,157,6,low,F,9,5354,6,4,1,Heavy,0,Low,3,2,0,0
5450,F,Ship,169,4,low,F,4,5683,5,3,0,Heavy,0,Low,4,2,0,0
5451,A,Ship,268,3,medium,F,9,4152,5,3,1,Heavy,1,Low,0,2,1,0
5452,B,Ship,259,7,medium,M,7,4408,4,4,0,Heavy,1,Low,1,2,1,1
5453,C,Ship,135,7,medium,F,5,4716,3,2,0,Heavy,0,Low,2,2,1,0
5454,F,Road,196,5,low,M,7,5380,4,1,0,Heavy,0,Low,4,1,0,1
5455,D,Road,132,2,high,F,1,4233,5,5,0,Heavy,0,Low,3,1,2,0
5456,F,Road,256,2,medium,F,9,5750,3,5,0,Heavy,1,Low,4,1,1,0
5457,A,Road,240,8,low,M,9,4436,3,5,1,Heavy,0,Low,0,1,0,1
5458,B,Road,225,7,high,M,7,4009,2,3,1,Heavy,0,Low,1,1,2,1
5459,C,Road,205,3,low,F,3,5182,5,2,0,Heavy,0,Low,2,1,0,0
5460,F,Road,146,3,low,F,10,5805,4,4,0,Heavy,0,Low,4,1,0,0
5461,D,Road,281,4,low,F,4,1480,7,3,0,Light,1,Low,3,1,0,0
5462,F,Road,256,4,low,F,2,1752,6,4,1,Light,1,Low,4,1,0,0
5463,A,Road,304,4,low,M,2,1256,6,2,1,Light,1,Low,0,1,0,1
5464,B,Road,285,4,medium,M,9,1180,6,4,0,Light,1,Low,1,1,1,1
5465,C,Road,283,5,low,M,8,1578,7,5,0,Light,1,Low,2,1,0,1
5466,F,Road,304,4,low,M,6,1890,6,4,1,Light,1,Low,4,1,0,1
5467,D,Road,282,4,medium,M,4,1716,6,1,0,Light,1,Low,3,1,1,1
5468,F,Road,304,5,medium,F,6,1184,6,3,0,Light,1,Low,4,1,1,0
5469,A,Road,301,5,medium,M,3,1628,6,5,0,Light,1,Low,0,1,1,1
5470,B,Road,296,4,low,F,10,1230,7,1,1,Light,1,Low,1,1,0,0
5471,C,Road,264,4,low,M,1,1039,6,5,1,Light,1,Low,2,1,0,1
5472,F,Road,306,4,low,M,9,1595,6,4,0,Light,1,Low,4,1,0,1
5473,D,Road,241,3,low,M,4,4493,4,1,1,Heavy,0,Low,3,1,0,1
5474,F,Road,266,3,medium,M,8,4889,4,5,0,Heavy,1,Low,4,1,1,1
5475,A,Road,253,2,low,F,6,5892,4,4,0,Heavy,1,Low,0,1,0,0
5476,B,Flight,192,3,medium,F,3,4922,4,2,0,Heavy,0,Low,1,0,1,0
5477,C,Flight,263,4,medium,F,7,4243,4,5,1,Heavy,1,Low,2,0,1,0
5478,F,Flight,198,6,medium,M,9,5730,4,4,1,Heavy,0,Low,4,0,1,1
5479,D,Flight,225,2,high,M,5,5997,3,4,0,Heavy,0,Low,3,0,2,1
5480,F,Flight,209,2,medium,M,6,5095,3,2,1,Heavy,0,Low,4,0,1,1
5481,A,Flight,222,3,medium,F,8,4650,3,1,1,Heavy,0,Low,0,0,1,0
5482,B,Flight,162,3,medium,M,1,4480,3,5,0,Heavy,0,Low,1,0,1,1
5483,C,Flight,217,2,medium,M,4,4380,5,4,1,Heavy,0,Low,2,0,1,1
5484,F,Flight,252,4,low,F,10,5495,3,4,0,Heavy,1,Low,4,0,0,0
5485,D,Flight,236,3,low,M,8,4132,4,5,0,Heavy,0,Low,3,0,0,1
5486,F,Flight,113,3,medium,F,10,4053,4,5,1,Heavy,0,Low,4,0,1,0
5487,A,Flight,157,6,low,M,1,4631,6,1,1,Heavy,0,Low,0,0,0,1
5488,B,Flight,169,4,low,F,2,4188,5,5,0,Heavy,0,Low,1,0,0,0
5489,C,Flight,268,3,medium,M,2,4459,5,5,1,Heavy,1,Low,2,0,1,1
5490,F,Flight,259,7,medium,F,4,5102,4,1,0,Heavy,1,Low,4,0,1,0
5491,D,Flight,135,7,medium,M,8,4901,3,2,0,Heavy,0,Low,3,0,1,1
5492,F,Flight,196,5,low,F,6,4258,4,4,0,Heavy,0,Low,4,0,0,0
5493,A,Flight,132,2,high,M,6,4392,5,5,0,Heavy,0,Low,0,0,2,1
5494,B,Flight,256,2,medium,F,4,5368,3,5,1,Heavy,1,Low,1,0,1,0
5495,C,Flight,240,8,low,F,9,4908,3,2,0,Heavy,0,Low,2,0,0,0
5496,F,Flight,225,7,high,M,9,4947,2,2,1,Heavy,0,Low,4,0,2,1
5497,D,Flight,205,3,low,F,2,4270,5,2,0,Heavy,0,Low,3,0,0,0
5498,F,Ship,146,3,low,M,10,4472,4,4,1,Heavy,0,Low,4,2,0,1
5499,A,Ship,281,4,low,M,1,1215,7,3,1,Light,1,Low,0,2,0,1
5500,B,Ship,256,4,low,F,9,1676,6,4,0,Light,1,Low,1,2,0,0
5501,C,Ship,304,4,low,M,7,1226,6,4,1,Light,1,Low,2,2,0,1
5502,F,Ship,285,4,medium,M,6,1016,6,2,1,Light,1,Low,4,2,1,1
5503,D,Ship,283,5,low,F,10,1722,7,2,1,Light,1,Low,3,2,0,0
5504,F,Ship,304,4,low,F,6,1864,6,5,1,Light,1,Low,4,2,0,0
5505,A,Ship,282,4,medium,M,8,1553,6,2,0,Light,1,Low,0,2,1,1
5506,B,Ship,304,5,medium,F,10,1254,6,3,1,Light,1,Low,1,2,1,0
5507,C,Ship,301,5,medium,F,7,1209,6,5,1,Light,1,Low,2,2,1,0
5508,F,Ship,296,4,low,M,4,1446,7,1,0,Light,1,Low,4,2,0,1
5509,D,Ship,264,4,low,F,4,1822,6,5,1,Light,1,Low,3,2,0,0
5510,F,Ship,304,4,low,M,6,1342,6,4,0,Light,1,Low,4,2,0,1
5511,A,Ship,305,4,low,M,8,1015,6,2,0,Light,1,Low,0,2,0,1
5512,B,Ship,309,4,low,M,7,1941,6,2,0,Light,1,Low,1,2,0,1
5513,C,Ship,266,4,medium,F,6,1312,6,5,1,Light,1,Low,2,2,1,0
5514,F,Ship,233,4,low,M,2,1809,4,1,0,Light,0,Low,4,2,0,1
5515,D,Ship,287,4,low,M,2,1437,5,3,0,Light,1,Low,3,2,0,1
5516,F,Ship,268,4,low,M,10,1170,6,5,0,Light,1,Low,4,2,0,1
5517,A,Ship,290,4,medium,M,2,1070,6,2,1,Light,1,Low,0,2,1,1
5518,B,Ship,291,4,high,M,4,1248,7,4,1,Light,1,Low,1,2,2,1
5519,C,Ship,227,5,medium,M,2,1965,5,3,0,Light,0,Low,2,2,1,1
5520,F,Ship,222,2,low,M,9,1321,3,5,0,Light,0,Low,4,2,0,1
5521,D,Ship,301,4,medium,F,2,1943,6,5,0,Light,1,Low,3,2,1,0
5522,F,Ship,304,4,medium,F,10,1983,6,2,1,Light,1,Low,4,2,1,0
5523,A,Ship,133,3,low,M,2,1212,4,2,1,Light,0,Low,0,2,0,1
5524,B,Ship,218,5,low,F,5,1238,4,1,0,Light,0,Low,1,2,0,0
5525,C,Ship,304,5,low,F,8,1949,5,5,1,Light,1,Low,2,2,0,0
5526,F,Ship,260,4,medium,M,9,1698,6,1,1,Light,1,Low,4,2,1,1
5527,D,Ship,252,4,low,F,9,1460,6,5,0,Light,1,Low,3,2,0,0
5528,F,Ship,253,5,low,M,5,1812,4,2,0,Light,1,Low,4,2,0,1
5529,A,Ship,248,4,low,F,6,1851,6,4,0,Light,0,Low,0,2,0,0
5530,B,Ship,237,5,medium,F,4,1733,5,3,1,Light,0,Low,1,2,1,0
5531,C,Ship,264,5,medium,F,5,1399,5,3,0,Light,1,Low,2,2,1,0
5532,F,Ship,308,4,medium,M,1,1216,6,1,1,Light,1,Low,4,2,1,1
5533,D,Ship,270,4,medium,F,10,1211,7,3,0,Light,1,Low,3,2,1,0
5534,F,Ship,269,4,medium,F,6,1822,6,3,1,Light,1,Low,4,2,1,0
5535,A,Ship,271,4,low,F,9,1302,6,1,0,Light,1,Low,0,2,0,0
5536,B,Ship,244,5,medium,F,3,1418,7,1,1,Light,0,Low,1,2,1,0
5537,C,Ship,245,4,low,F,8,1904,6,2,0,Light,0,Low,2,2,0,0
5538,F,Ship,219,5,low,M,5,1388,5,4,1,Light,0,Low,4,2,0,1
5539,D,Ship,257,4,low,F,4,1929,6,2,1,Light,1,Low,3,2,0,0
5540,F,Ship,226,3,low,M,4,5048,3,3,0,Heavy,0,Low,4,2,0,1
5541,A,Ship,200,2,low,M,5,5783,4,4,0,Heavy,0,Low,0,2,0,1
5542,B,Ship,260,2,low,M,3,5801,4,4,0,Heavy,1,Low,1,2,0,1
5543,C,Ship,142,2,medium,F,7,5346,3,4,0,Heavy,0,Low,2,2,1,0
5544,F,Ship,193,5,medium,M,3,5888,5,3,0,Heavy,0,Low,4,2,1,1
5545,D,Ship,180,3,medium,M,1,4655,5,2,1,Heavy,0,Low,3,2,1,1
5546,F,Ship,232,3,medium,F,8,5298,4,3,1,Heavy,0,Low,4,2,1,0
5547,A,Ship,148,2,low,F,1,4133,3,2,1,Heavy,0,Low,0,2,0,0
5548,B,Ship,205,4,low,M,9,4277,5,3,0,Heavy,0,Low,1,2,0,1
5549,C,Ship,212,3,medium,F,3,4811,3,4,0,Heavy,0,Low,2,2,1,0
5550,F,Ship,168,2,medium,M,9,5235,3,4,1,Heavy,0,Low,4,2,1,1
5551,D,Ship,145,2,low,F,2,4232,3,5,1,Heavy,0,Low,3,2,0,0
5552,F,Ship,253,3,medium,M,9,5979,3,5,1,Heavy,1,Low,4,2,1,1
5553,A,Ship,143,2,low,F,6,4253,3,5,0,Heavy,0,Low,0,2,0,0
5554,B,Ship,267,5,low,M,9,4720,4,2,1,Heavy,1,Low,1,2,0,1
5555,C,Ship,123,5,medium,M,5,5323,6,1,1,Heavy,0,Low,2,2,1,1
5556,F,Ship,106,5,medium,F,4,4180,5,1,0,Heavy,0,Low,4,2,1,0
5557,D,Ship,249,3,low,F,3,4129,2,2,1,Heavy,0,Low,3,2,0,0
5558,F,Ship,178,2,low,F,5,4369,5,1,0,Heavy,0,Low,4,2,0,0
5559,A,Ship,148,4,low,F,1,4243,4,3,0,Heavy,0,Low,0,2,0,0
5560,B,Ship,144,4,medium,M,6,5197,4,1,1,Heavy,0,Low,1,2,1,1
5561,C,Ship,249,2,low,F,2,5572,3,1,1,Heavy,0,Low,2,2,0,0
5562,F,Ship,128,3,low,M,9,5143,5,5,1,Heavy,0,Low,4,2,0,1
5563,D,Ship,228,4,high,M,1,5573,4,4,0,Heavy,0,Low,3,2,2,1
5564,F,Ship,242,2,low,F,10,5559,3,4,1,Heavy,0,Low,4,2,0,0
5565,A,Ship,272,3,medium,F,1,4933,4,2,1,Heavy,1,Low,0,2,1,0
5566,B,Ship,173,2,medium,F,8,4893,4,1,0,Heavy,0,Low,1,2,1,0
5567,C,Ship,189,6,low,M,7,4329,3,2,0,Heavy,0,Low,2,2,0,1
5568,F,Ship,245,2,low,M,3,4000,4,2,0,Medium,0,Low,4,2,0,1
5569,D,Ship,211,3,high,M,5,5757,4,1,1,Heavy,0,Low,3,2,2,1
5570,F,Ship,214,3,high,M,1,4391,2,1,0,Heavy,0,Low,4,2,2,1
5571,A,Ship,215,2,low,F,1,5669,5,4,0,Heavy,0,Low,0,2,0,0
5572,B,Ship,248,2,medium,M,1,5703,3,1,0,Heavy,0,Low,1,2,1,1
5573,C,Ship,225,3,medium,M,2,4284,3,1,0,Heavy,0,Low,2,2,1,1
5574,F,Ship,120,3,low,M,7,4381,5,1,1,Heavy,0,Low,4,2,0,1
5575,D,Ship,243,3,low,F,8,4133,5,2,1,Heavy,0,Low,3,2,0,0
5576,F,Ship,214,2,low,M,10,4794,3,4,0,Heavy,0,Low,4,2,0,1
5577,A,Ship,144,3,low,F,8,5221,3,1,1,Heavy,0,Low,0,2,0,0
5578,B,Ship,242,6,low,M,10,5493,3,1,1,Heavy,0,Low,1,2,0,1
5579,C,Ship,160,5,medium,F,3,4648,4,5,1,Heavy,0,Low,2,2,1,0
5580,F,Ship,139,4,medium,F,3,4433,5,5,1,Heavy,0,Low,4,2,1,0
5581,D,Ship,221,4,medium,F,8,5971,3,1,0,Heavy,0,Low,3,2,1,0
5582,F,Ship,266,2,medium,M,7,5712,5,5,1,Heavy,1,Low,4,2,1,1
5583,A,Ship,140,4,low,F,10,4528,5,4,0,Heavy,0,Low,0,2,0,0
5584,B,Ship,134,2,low,M,1,5209,4,4,1,Heavy,0,Low,1,2,0,1
5585,C,Ship,260,2,low,M,7,5738,3,3,0,Heavy,1,Low,2,2,0,1
5586,F,Ship,261,6,medium,F,4,5349,5,4,0,Heavy,1,Low,4,2,1,0
5587,D,Ship,274,4,medium,F,7,4929,5,2,0,Heavy,1,Low,3,2,1,0
5588,F,Ship,263,3,medium,M,3,4020,4,5,0,Heavy,1,Low,4,2,1,1
5589,A,Ship,189,4,medium,F,9,5838,4,4,1,Heavy,0,Low,0,2,1,0
5590,B,Ship,257,2,low,M,3,5394,4,5,0,Heavy,1,Low,1,2,0,1
5591,C,Road,195,4,medium,M,1,4482,5,5,0,Heavy,0,Low,2,1,1,1
5592,F,Road,201,3,medium,M,5,5733,2,3,1,Heavy,0,Low,4,1,1,1
5593,D,Road,264,4,medium,M,9,5186,4,4,0,Heavy,1,Low,3,1,1,1
5594,F,Road,180,2,high,M,10,4024,3,2,0,Heavy,0,Low,4,1,2,1
5595,A,Road,220,3,low,F,6,5572,3,1,1,Heavy,0,Low,0,1,0,0
5596,B,Road,113,3,medium,F,6,5509,5,1,1,Heavy,0,Low,1,1,1,0
5597,C,Road,168,2,high,F,9,5684,4,2,0,Heavy,0,Low,2,1,2,0
5598,F,Road,251,3,low,M,9,4298,5,2,1,Heavy,1,Low,4,1,0,1
5599,D,Road,245,3,medium,F,2,4835,4,2,1,Heavy,0,Low,3,1,1,0
5600,F,Road,164,4,medium,F,1,4365,4,4,1,Heavy,0,Low,4,1,1,0
5601,A,Road,232,2,medium,M,4,5806,3,1,1,Heavy,0,Low,0,1,1,1
5602,B,Road,138,3,high,M,2,5358,4,3,0,Heavy,0,Low,1,1,2,1
5603,C,Road,233,3,low,F,3,5740,4,2,1,Heavy,0,Low,2,1,0,0
5604,F,Road,150,2,medium,F,1,4711,4,4,1,Heavy,0,Low,4,1,1,0
5605,D,Road,253,2,medium,M,7,5846,3,5,0,Heavy,1,Low,3,1,1,1
5606,F,Road,179,3,medium,M,5,4061,4,4,1,Heavy,0,Low,4,1,1,1
5607,A,Road,135,2,medium,M,4,5405,5,2,0,Heavy,0,Low,0,1,1,1
5608,B,Road,166,2,medium,F,9,5853,3,1,1,Heavy,0,Low,1,1,1,0
5609,C,Road,196,2,medium,F,5,4342,3,4,1,Heavy,0,Low,2,1,1,0
5610,F,Road,238,2,low,F,4,4337,4,4,1,Heavy,0,Low,4,1,0,0
5611,D,Road,159,6,low,F,6,4044,2,2,0,Heavy,0,Low,3,1,0,0
5612,F,Road,226,2,medium,M,3,4208,3,5,1,Heavy,0,Low,4,1,1,1
5613,A,Flight,182,5,high,F,6,5398,5,1,0,Heavy,0,Low,0,0,2,0
5614,B,Flight,173,3,low,M,4,5265,5,5,1,Heavy,0,Low,1,0,0,1
5615,C,Flight,257,5,low,M,5,4130,3,2,1,Heavy,1,Low,2,0,0,1
5616,F,Flight,223,3,low,F,9,5653,2,3,0,Heavy,0,Low,4,0,0,0
5617,D,Flight,194,3,low,F,3,5174,4,2,0,Heavy,0,Low,3,0,0,0
5618,F,Flight,281,3,low,F,10,5675,5,4,0,Heavy,1,Low,4,0,0,0
5619,A,Flight,236,3,medium,F,1,5711,5,4,0,Heavy,0,Low,0,0,1,0
5620,B,Flight,165,4,low,M,6,4795,3,5,1,Heavy,0,Low,1,0,0,1
5621,C,Flight,200,2,low,F,8,4222,4,2,0,Heavy,0,Low,2,0,0,0
5622,F,Flight,168,4,low,F,2,4541,3,3,1,Heavy,0,Low,4,0,0,0
5623,D,Flight,266,6,medium,F,5,5209,4,3,0,Heavy,1,Low,3,0,1,0
5624,F,Flight,226,2,medium,F,1,5576,2,1,0,Heavy,0,Low,4,0,1,0
5625,A,Flight,143,2,medium,M,5,5612,5,3,1,Heavy,0,Low,0,0,1,1
5626,B,Flight,116,3,low,F,2,5602,4,2,1,Heavy,0,Low,1,0,0,0
5627,C,Flight,139,2,high,F,9,4446,4,4,1,Heavy,0,Low,2,0,2,0
5628,F,Flight,248,2,medium,F,2,4700,4,3,0,Heavy,0,Low,4,0,1,0
5629,D,Flight,135,2,low,M,5,5834,5,4,0,Heavy,0,Low,3,0,0,1
5630,F,Flight,265,2,medium,F,9,4106,4,4,0,Heavy,1,Low,4,0,1,0
5631,A,Flight,175,6,medium,F,2,4995,5,5,1,Heavy,0,Low,0,0,1,0
5632,B,Flight,256,3,medium,M,1,4435,6,2,1,Heavy,1,Low,1,0,1,1
5633,C,Flight,217,2,medium,F,3,5925,5,4,0,Heavy,0,Low,2,0,1,0
5634,F,Flight,203,3,medium,M,8,4443,4,4,0,Heavy,0,Low,4,0,1,1
5635,D,Ship,145,2,high,F,5,5513,3,4,0,Heavy,0,Low,3,2,2,0
5636,F,Ship,268,3,low,M,9,4215,3,2,0,Heavy,1,Low,4,2,0,1
5637,A,Ship,206,2,medium,F,10,4437,4,5,0,Heavy,0,Low,0,2,1,0
5638,B,Ship,215,3,medium,F,10,4198,3,2,1,Heavy,0,Low,1,2,1,0
5639,C,Ship,177,3,medium,F,5,4382,4,1,0,Heavy,0,Low,2,2,1,0
5640,F,Ship,183,3,low,F,3,5538,3,3,0,Heavy,0,Low,4,2,0,0
5641,D,Ship,227,5,medium,M,6,4618,4,2,0,Heavy,0,Low,3,2,1,1
5642,F,Ship,209,4,medium,F,1,5057,4,1,0,Heavy,0,Low,4,2,1,0
5643,A,Ship,193,3,low,M,5,5090,4,4,1,Heavy,0,Low,0,2,0,1
5644,B,Ship,144,2,low,M,5,4380,4,4,1,Heavy,0,Low,1,2,0,1
5645,C,Ship,192,3,low,F,3,4130,4,2,1,Heavy,0,Low,2,2,0,0
5646,F,Ship,247,4,low,M,5,5725,2,3,0,Heavy,0,Low,4,2,0,1
5647,D,Ship,199,4,medium,F,6,5207,3,4,0,Heavy,0,Low,3,2,1,0
5648,F,Ship,273,5,medium,M,10,5756,6,5,1,Heavy,1,Low,4,2,1,1
5649,A,Ship,232,4,low,F,4,4662,3,3,1,Heavy,0,Low,0,2,0,0
5650,B,Ship,214,3,low,F,6,5319,3,5,0,Heavy,0,Low,1,2,0,0
5651,C,Ship,156,2,low,M,10,5086,5,1,0,Heavy,0,Low,2,2,0,1
5652,F,Ship,200,3,medium,M,5,5108,4,3,0,Heavy,0,Low,4,2,1,1
5653,D,Ship,196,3,medium,F,9,4741,3,5,1,Heavy,0,Low,3,2,1,0
5654,F,Ship,189,3,medium,F,7,5830,5,3,1,Heavy,0,Low,4,2,1,0
5655,A,Ship,266,2,low,M,3,4030,5,2,0,Heavy,1,Low,0,2,0,1
5656,B,Ship,198,2,medium,M,2,5725,4,4,1,Heavy,0,Low,1,2,1,1
5657,C,Ship,144,2,low,M,2,4978,4,5,0,Heavy,0,Low,2,2,0,1
5658,F,Ship,217,5,medium,M,6,5891,4,4,1,Heavy,0,Low,4,2,1,1
5659,D,Ship,169,4,medium,M,4,4541,5,1,0,Heavy,0,Low,3,2,1,1
5660,F,Ship,153,4,medium,F,1,4608,3,1,0,Heavy,0,Low,4,2,1,0
5661,A,Ship,152,2,medium,F,5,5324,4,4,0,Heavy,0,Low,0,2,1,0
5662,B,Ship,245,5,medium,F,4,4627,5,5,0,Heavy,0,Low,1,2,1,0
5663,C,Ship,237,3,low,M,2,5277,4,2,0,Heavy,0,Low,2,2,0,1
5664,F,Ship,266,2,low,F,8,5516,4,2,0,Heavy,1,Low,4,2,0,0
5665,D,Ship,216,4,medium,F,1,4458,4,5,1,Heavy,0,Low,3,2,1,0
5666,F,Ship,186,3,medium,F,4,5501,3,4,1,Heavy,0,Low,4,2,1,0
5667,A,Ship,280,4,medium,F,4,5192,5,3,0,Heavy,1,Low,0,2,1,0
5668,B,Ship,229,2,medium,F,1,4869,4,5,0,Heavy,0,Low,1,2,1,0
5669,C,Ship,225,3,low,M,3,5529,3,2,0,Heavy,0,Low,2,2,0,1
5670,F,Ship,149,3,low,F,7,4357,3,5,0,Heavy,0,Low,4,2,0,0
5671,D,Ship,200,3,low,M,6,4401,5,5,1,Heavy,0,Low,3,2,0,1
5672,F,Ship,246,3,low,F,1,5815,4,2,1,Heavy,0,Low,4,2,0,0
5673,A,Ship,150,2,low,M,1,4742,3,4,0,Heavy,0,Low,0,2,0,1
5674,B,Ship,175,3,medium,F,9,5797,3,1,0,Heavy,0,Low,1,2,1,0
5675,C,Ship,141,3,medium,M,10,5775,3,5,0,Heavy,0,Low,2,2,1,1
5676,F,Ship,102,3,medium,M,9,4111,3,4,0,Heavy,0,Low,4,2,1,1
5677,D,Ship,209,3,low,F,8,4367,3,1,0,Heavy,0,Low,3,2,0,0
5678,F,Ship,287,6,medium,M,6,5282,4,4,0,Heavy,1,Low,4,2,1,1
5679,A,Ship,212,2,low,F,3,5761,3,5,1,Heavy,0,Low,0,2,0,0
5680,B,Ship,205,3,high,F,1,5407,3,4,0,Heavy,0,Low,1,2,2,0
5681,C,Ship,180,2,high,M,10,4200,3,1,0,Heavy,0,Low,2,2,2,1
5682,F,Ship,229,3,low,M,1,5660,5,4,0,Heavy,0,Low,4,2,0,1
5683,D,Ship,182,3,high,M,6,4112,2,2,1,Heavy,0,Low,3,2,2,1
5684,F,Ship,183,3,medium,F,4,4789,4,1,0,Heavy,0,Low,4,2,1,0
5685,A,Ship,212,3,medium,M,10,5759,3,1,0,Heavy,0,Low,0,2,1,1
5686,B,Ship,235,6,medium,M,2,4689,4,3,0,Heavy,0,Low,1,2,1,1
5687,C,Ship,210,4,medium,M,9,5081,5,5,1,Heavy,0,Low,2,2,1,1
5688,F,Ship,111,4,medium,F,7,4424,5,2,0,Heavy,0,Low,4,2,1,0
5689,D,Ship,270,4,medium,F,7,5149,5,1,0,Heavy,1,Low,3,2,1,0
5690,F,Ship,135,2,low,M,4,4684,4,4,0,Heavy,0,Low,4,2,0,1
5691,A,Ship,143,3,low,F,10,5021,3,5,0,Heavy,0,Low,0,2,0,0
5692,B,Ship,216,2,low,F,5,5059,4,1,0,Heavy,0,Low,1,2,0,0
5693,C,Ship,136,3,low,M,10,5308,5,1,0,Heavy,0,Low,2,2,0,1
5694,F,Ship,145,3,low,F,10,5696,3,3,0,Heavy,0,Low,4,2,0,0
5695,D,Ship,142,4,medium,F,4,5116,5,3,1,Heavy,0,Low,3,2,1,0
5696,F,Ship,175,3,medium,M,7,4874,4,2,1,Heavy,0,Low,4,2,1,1
5697,A,Ship,183,2,low,M,5,5329,3,1,1,Heavy,0,Low,0,2,0,1
5698,B,Ship,191,5,medium,M,2,4956,3,1,1,Heavy,0,Low,1,2,1,1
5699,C,Ship,247,3,low,F,9,4157,3,4,0,Heavy,0,Low,2,2,0,0
5700,F,Ship,170,2,low,F,2,5662,3,1,1,Heavy,0,Low,4,2,0,0
5701,D,Ship,275,2,low,F,5,5393,3,2,1,Heavy,1,Low,3,2,0,0
5702,F,Ship,147,4,low,F,8,5882,4,4,0,Heavy,0,Low,4,2,0,0
5703,A,Ship,188,3,low,M,6,4174,4,4,1,Heavy,0,Low,0,2,0,1
5704,B,Ship,248,2,low,M,4,5587,5,5,0,Heavy,0,Low,1,2,0,1
5705,C,Ship,245,2,low,F,8,4594,3,1,1,Heavy,0,Low,2,2,0,0
5706,F,Ship,164,3,high,M,3,4454,4,5,0,Heavy,0,Low,4,2,2,1
5707,D,Ship,260,3,medium,F,3,4661,4,2,1,Heavy,1,Low,3,2,1,0
5708,F,Ship,149,2,medium,F,9,4605,4,4,0,Heavy,0,Low,4,2,1,0
5709,A,Ship,174,3,low,M,3,4132,3,2,0,Heavy,0,Low,0,2,0,1
5710,B,Ship,242,2,low,F,1,5682,4,5,1,Heavy,0,Low,1,2,0,0
5711,C,Ship,134,3,medium,M,7,4933,4,1,1,Heavy,0,Low,2,2,1,1
5712,F,Ship,189,3,medium,F,3,5193,4,5,0,Heavy,0,Low,4,2,1,0
5713,D,Ship,263,7,high,M,7,5216,6,5,1,Heavy,1,Low,3,2,2,1
5714,F,Ship,280,3,high,F,8,5858,5,2,1,Heavy,1,Low,4,2,2,0
5715,A,Ship,258,7,medium,M,3,4538,4,2,1,Heavy,1,Low,0,2,1,1
5716,B,Ship,179,3,high,F,1,5242,4,4,1,Heavy,0,Low,1,2,2,0
5717,C,Ship,250,4,medium,M,10,5306,5,1,1,Heavy,0,Low,2,2,1,1
5718,F,Ship,212,2,medium,M,5,4774,4,4,1,Heavy,0,Low,4,2,1,1
5719,D,Ship,236,3,low,M,4,4257,4,3,1,Heavy,0,Low,3,2,0,1
5720,F,Ship,239,8,high,M,6,5023,3,1,1,Heavy,0,Low,4,2,2,1
5721,A,Ship,305,4,low,M,3,1276,6,3,0,Light,1,Low,0,2,0,1
5722,B,Ship,309,4,low,M,5,1712,6,3,0,Light,1,Low,1,2,0,1
5723,C,Ship,266,4,medium,M,8,1983,6,3,1,Light,1,Low,2,2,1,1
5724,F,Ship,233,4,low,F,6,1495,4,5,0,Light,0,Low,4,2,0,0
5725,D,Ship,287,4,low,M,4,1509,5,5,1,Light,1,Low,3,2,0,1
5726,F,Ship,268,4,low,F,7,1274,6,2,0,Light,1,Low,4,2,0,0
5727,A,Ship,290,4,medium,M,10,1366,6,4,0,Light,1,Low,0,2,1,1
5728,B,Road,291,4,high,M,6,1135,7,5,0,Light,1,Low,1,1,2,1
5729,C,Road,227,5,medium,F,3,1687,5,5,0,Light,0,Low,2,1,1,0
5730,F,Road,175,3,medium,F,5,4194,4,5,0,Heavy,0,Low,4,1,1,0
5731,D,Road,183,2,low,M,6,5015,3,3,0,Heavy,0,Low,3,1,0,1
5732,F,Road,191,5,medium,F,4,4243,3,4,1,Heavy,0,Low,4,1,1,0
5733,A,Road,247,3,low,M,10,5749,3,4,1,Heavy,0,Low,0,1,0,1
5734,B,Road,170,2,low,M,2,4214,3,2,1,Heavy,0,Low,1,1,0,1
5735,C,Road,275,2,low,F,7,4619,3,5,0,Heavy,1,Low,2,1,0,0
5736,F,Road,147,4,low,F,7,4865,4,3,0,Heavy,0,Low,4,1,0,0
5737,D,Road,188,3,low,M,4,4632,4,5,0,Heavy,0,Low,3,1,0,1
5738,F,Road,248,2,low,F,6,5281,5,1,0,Heavy,0,Low,4,1,0,0
5739,A,Road,245,2,low,F,4,4719,3,3,1,Heavy,0,Low,0,1,0,0
5740,B,Road,164,3,high,M,7,4657,4,5,0,Heavy,0,Low,1,1,2,1
5741,C,Road,260,3,medium,M,9,5886,4,1,1,Heavy,1,Low,2,1,1,1
5742,F,Road,149,2,medium,M,8,5460,4,2,1,Heavy,0,Low,4,1,1,1
5743,D,Road,174,3,low,M,7,4318,3,1,1,Heavy,0,Low,3,1,0,1
5744,F,Road,242,2,low,F,2,5825,4,1,0,Heavy,0,Low,4,1,0,0
5745,A,Road,134,3,medium,F,4,5423,4,5,0,Heavy,0,Low,0,1,1,0
5746,B,Road,189,3,medium,F,4,4410,4,3,0,Heavy,0,Low,1,1,1,0
5747,C,Road,263,7,high,M,9,5991,6,5,1,Heavy,1,Low,2,1,2,1
5748,F,Road,280,3,high,M,2,5273,5,3,0,Heavy,1,Low,4,1,2,1
5749,D,Road,258,7,medium,M,8,5069,4,4,0,Heavy,1,Low,3,1,1,1
5750,F,Flight,179,3,high,M,5,4129,4,1,0,Heavy,0,Low,4,0,2,1
5751,A,Flight,250,4,medium,M,4,4531,5,4,0,Heavy,0,Low,0,0,1,1
5752,B,Flight,212,2,medium,F,7,5864,4,1,0,Heavy,0,Low,1,0,1,0
5753,C,Flight,236,3,low,M,10,4347,4,4,1,Heavy,0,Low,2,0,0,1
5754,F,Flight,239,8,high,M,4,4192,3,4,0,Heavy,0,Low,4,0,2,1
5755,D,Flight,305,4,low,F,7,1172,6,4,1,Light,1,Low,3,0,0,0
5756,F,Flight,309,4,low,F,6,1866,6,1,1,Light,1,Low,4,0,0,0
5757,A,Flight,266,4,medium,F,2,1862,6,1,1,Light,1,Low,0,0,1,0
5758,B,Flight,233,4,low,M,7,1861,4,2,0,Light,0,Low,1,0,0,1
5759,C,Flight,287,4,low,F,4,1579,5,1,0,Light,1,Low,2,0,0,0
5760,F,Flight,268,4,low,F,2,1324,6,5,0,Light,1,Low,4,0,0,0
5761,D,Flight,290,4,medium,M,6,1505,6,1,1,Light,1,Low,3,0,1,1
5762,F,Flight,244,5,medium,F,10,1913,7,3,1,Light,0,Low,4,0,1,0
5763,A,Flight,245,4,low,M,2,1158,6,3,1,Light,0,Low,0,0,0,1
5764,B,Flight,219,5,low,M,5,1867,5,4,0,Light,0,Low,1,0,0,1
5765,C,Flight,257,4,low,F,4,1358,6,3,1,Light,1,Low,2,0,0,0
5766,F,Flight,250,4,low,F,2,1783,6,1,1,Light,0,Low,4,0,0,0
5767,D,Flight,249,4,medium,M,2,1189,6,1,1,Light,0,Low,3,0,1,1
5768,F,Flight,259,5,low,F,2,1627,5,4,1,Light,1,Low,4,0,0,0
5769,A,Flight,266,4,low,M,3,1503,6,4,1,Light,1,Low,0,0,0,1
5770,B,Flight,244,4,medium,F,4,1648,6,5,1,Light,0,Low,1,0,1,0
5771,C,Flight,239,6,low,F,7,1934,4,2,0,Light,0,Low,2,0,0,0
5772,F,Ship,270,5,low,M,6,1520,4,2,0,Light,1,Low,4,2,0,1
5773,D,Ship,270,4,low,F,10,1199,6,4,1,Light,1,Low,3,2,0,0
5774,F,Ship,257,4,medium,F,1,1957,6,5,1,Light,1,Low,4,2,1,0
5775,A,Ship,243,5,medium,F,4,1633,4,2,1,Light,0,Low,0,2,1,0
5776,B,Ship,264,6,medium,M,10,1659,5,2,1,Light,1,Low,1,2,1,1
5777,C,Ship,224,6,low,F,6,1049,5,4,1,Light,0,Low,2,2,0,0
5778,F,Ship,304,4,low,M,8,1755,6,5,1,Light,1,Low,4,2,0,1
5779,D,Ship,243,5,medium,F,8,1922,4,2,0,Light,0,Low,3,2,1,0
5780,F,Ship,272,4,low,M,5,1355,6,3,1,Light,1,Low,4,2,0,1
5781,A,Ship,269,5,low,F,4,1537,5,4,1,Light,1,Low,0,2,0,0
5782,B,Ship,267,4,low,M,7,1384,7,3,0,Light,1,Low,1,2,0,1
5783,C,Ship,251,4,low,M,2,1679,6,1,0,Light,1,Low,2,2,0,1
5784,F,Ship,249,5,low,F,3,1012,4,3,1,Light,0,Low,4,2,0,0
5785,D,Ship,284,4,low,F,6,1550,7,2,1,Light,1,Low,3,2,0,0
5786,F,Ship,254,5,medium,F,3,1880,4,1,1,Light,1,Low,4,2,1,0
5787,A,Ship,269,4,low,M,5,1264,6,5,1,Light,1,Low,0,2,0,1
5788,B,Ship,265,4,low,F,9,1393,7,5,0,Light,1,Low,1,2,0,0
5789,C,Ship,220,6,medium,F,6,1830,5,3,1,Light,0,Low,2,2,1,0
5790,F,Ship,217,5,medium,F,4,1503,4,4,0,Light,0,Low,4,2,1,0
5791,D,Ship,285,4,medium,F,2,1017,7,4,1,Light,1,Low,3,2,1,0
5792,F,Ship,265,5,medium,F,3,1514,5,1,1,Light,1,Low,4,2,1,0
5793,A,Ship,240,5,medium,M,1,1200,5,1,0,Light,0,Low,0,2,1,1
5794,B,Ship,247,3,low,M,1,5226,5,5,0,Heavy,0,Low,1,2,0,1
5795,C,Ship,179,6,medium,F,8,4615,5,4,1,Heavy,0,Low,2,2,1,0
5796,F,Ship,142,2,medium,F,9,5425,4,5,1,Heavy,0,Low,4,2,1,0
5797,D,Ship,207,5,high,F,6,4145,4,3,0,Heavy,0,Low,3,2,2,0
5798,F,Ship,183,3,medium,M,7,5849,3,1,1,Heavy,0,Low,4,2,1,1
5799,A,Ship,167,2,medium,F,2,5544,4,3,0,Heavy,0,Low,0,2,1,0
5800,B,Ship,175,3,low,F,2,5208,4,3,0,Heavy,0,Low,1,2,0,0
5801,C,Ship,183,2,low,M,8,5881,3,5,1,Heavy,0,Low,2,2,0,1
5802,F,Ship,176,3,low,F,10,5307,6,5,0,Heavy,0,Low,4,2,0,0
5803,D,Ship,187,3,low,M,7,5417,3,4,0,Heavy,0,Low,3,2,0,1
5804,F,Ship,143,3,medium,F,8,4142,4,5,1,Heavy,0,Low,4,2,1,0
5805,A,Ship,136,3,low,F,7,5976,4,3,0,Heavy,0,Low,0,2,0,0
5806,B,Ship,178,3,low,M,3,5396,3,3,1,Heavy,0,Low,1,2,0,1
5807,C,Ship,208,2,medium,F,6,4983,4,4,1,Heavy,0,Low,2,2,1,0
5808,F,Ship,171,2,medium,M,1,5635,4,1,0,Heavy,0,Low,4,2,1,1
5809,D,Ship,197,4,low,M,5,4614,2,1,0,Heavy,0,Low,3,2,0,1
5810,F,Ship,179,3,low,F,7,5814,5,1,0,Heavy,0,Low,4,2,0,0
5811,A,Ship,197,5,medium,M,4,5889,6,4,1,Heavy,0,Low,0,2,1,1
5812,B,Ship,285,2,low,M,2,4505,5,4,1,Heavy,1,Low,1,2,0,1
5813,C,Ship,141,5,low,F,9,5113,6,1,0,Heavy,0,Low,2,2,0,0
5814,F,Ship,274,3,medium,M,5,4773,4,5,0,Heavy,1,Low,4,2,1,1
5815,D,Ship,287,3,medium,F,3,4903,5,2,1,Heavy,1,Low,3,2,1,0
5816,F,Ship,218,3,medium,F,4,4198,5,3,1,Heavy,0,Low,4,2,1,0
5817,A,Ship,213,3,high,F,6,5535,3,1,0,Heavy,0,Low,0,2,2,0
5818,B,Ship,207,4,low,M,1,5742,2,1,0,Heavy,0,Low,1,2,0,1
5819,C,Ship,273,4,low,M,7,4064,5,5,1,Heavy,1,Low,2,2,0,1
5820,F,Ship,185,3,low,M,6,5995,3,3,1,Heavy,0,Low,4,2,0,1
5821,D,Ship,192,3,low,F,4,5179,3,1,0,Heavy,0,Low,3,2,0,0
5822,F,Ship,276,2,medium,F,3,4306,4,4,1,Heavy,1,Low,4,2,1,0
5823,A,Ship,229,2,medium,M,1,5724,5,2,0,Heavy,0,Low,0,2,1,1
5824,B,Ship,248,2,high,M,3,5287,3,5,1,Heavy,0,Low,1,2,2,1
5825,C,Ship,267,3,high,F,2,5204,3,4,1,Heavy,1,Low,2,2,2,0
5826,F,Ship,272,3,low,M,9,5458,4,4,0,Heavy,1,Low,4,2,0,1
5827,D,Ship,153,3,low,M,8,5487,3,3,0,Heavy,0,Low,3,2,0,1
5828,F,Ship,246,4,medium,M,7,5056,4,2,1,Heavy,0,Low,4,2,1,1
5829,A,Ship,261,4,low,F,9,4529,3,3,1,Heavy,1,Low,0,2,0,0
5830,B,Ship,207,2,low,F,3,5270,4,5,1,Heavy,0,Low,1,2,0,0
5831,C,Ship,133,3,medium,M,8,4634,3,1,0,Heavy,0,Low,2,2,1,1
5832,F,Ship,269,5,low,M,6,5932,3,5,1,Heavy,1,Low,4,2,0,1
5833,D,Ship,251,3,high,M,8,5986,4,3,1,Heavy,1,Low,3,2,2,1
5834,F,Ship,252,4,low,F,3,4956,4,2,1,Heavy,1,Low,4,2,0,0
5835,A,Ship,135,2,low,F,4,5275,3,5,1,Heavy,0,Low,0,2,0,0
5836,B,Ship,273,4,medium,F,1,4585,4,3,0,Heavy,1,Low,1,2,1,0
5837,C,Ship,168,3,low,M,3,4653,4,2,1,Heavy,0,Low,2,2,0,1
5838,F,Ship,233,2,medium,F,6,4758,2,4,0,Heavy,0,Low,4,2,1,0
5839,D,Ship,133,2,low,F,3,4677,3,2,1,Heavy,0,Low,3,2,0,0
5840,F,Ship,147,4,high,M,10,5164,3,5,1,Heavy,0,Low,4,2,2,1
5841,A,Ship,249,6,low,M,8,5633,5,2,0,Heavy,0,Low,0,2,0,1
5842,B,Ship,259,4,low,F,3,4117,6,3,1,Heavy,1,Low,1,2,0,0
5843,C,Ship,194,3,low,F,10,5171,4,2,1,Heavy,0,Low,2,2,0,0
5844,F,Ship,134,6,medium,M,7,4881,4,5,1,Heavy,0,Low,4,2,1,1
5845,D,Ship,98,3,low,M,5,4432,3,4,0,Heavy,0,Low,3,2,0,1
5846,F,Ship,138,3,low,M,10,5612,5,1,1,Heavy,0,Low,4,2,0,1
5847,A,Ship,193,5,high,F,4,5087,5,5,1,Heavy,0,Low,0,2,2,0
5848,B,Ship,184,3,medium,M,7,4742,5,5,0,Heavy,0,Low,1,2,1,1
5849,C,Ship,172,3,medium,M,7,5098,4,4,0,Heavy,0,Low,2,2,1,1
5850,F,Ship,248,2,medium,M,2,4701,4,3,1,Heavy,0,Low,4,2,1,1
5851,D,Ship,114,5,high,F,5,5334,2,4,1,Heavy,0,Low,3,2,2,0
5852,F,Ship,201,2,high,F,2,4657,4,5,0,Heavy,0,Low,4,2,2,0
5853,A,Ship,206,4,medium,M,2,4372,3,4,0,Heavy,0,Low,0,2,1,1
5854,B,Ship,185,4,high,F,10,5254,6,1,1,Heavy,0,Low,1,2,2,0
5855,C,Ship,272,3,high,M,5,4972,5,2,0,Heavy,1,Low,2,2,2,1
5856,F,Ship,266,2,medium,M,6,4286,4,3,1,Heavy,1,Low,4,2,1,1
5857,D,Ship,203,2,low,M,9,5735,3,4,0,Heavy,0,Low,3,2,0,1
5858,F,Ship,218,5,low,M,2,4823,4,3,1,Heavy,0,Low,4,2,0,1
5859,A,Ship,279,3,low,F,8,4632,2,5,0,Heavy,1,Low,0,2,0,0
5860,B,Ship,159,2,low,M,4,4648,4,4,1,Heavy,0,Low,1,2,0,1
5861,C,Ship,138,3,low,F,5,5687,5,3,1,Heavy,0,Low,2,2,0,0
5862,F,Ship,224,3,low,F,7,5896,3,2,0,Heavy,0,Low,4,2,0,0
5863,D,Ship,269,3,low,M,4,4309,3,3,0,Heavy,1,Low,3,2,0,1
5864,F,Ship,121,2,medium,F,4,5231,5,3,1,Heavy,0,Low,4,2,1,0
5865,A,Road,134,2,low,F,2,4522,4,3,0,Heavy,0,Low,0,1,0,0
5866,B,Road,259,3,medium,M,4,5344,4,5,1,Heavy,1,Low,1,1,1,1
5867,C,Road,206,2,high,M,8,4093,4,4,1,Heavy,0,Low,2,1,2,1
5868,F,Road,209,2,low,M,6,5701,3,1,1,Heavy,0,Low,4,1,0,1
5869,D,Road,145,3,medium,M,1,5709,3,3,0,Heavy,0,Low,3,1,1,1
5870,F,Road,164,2,medium,M,8,5717,5,2,0,Heavy,0,Low,4,1,1,1
5871,A,Road,133,3,medium,M,6,5464,3,1,1,Heavy,0,Low,0,1,1,1
5872,B,Road,178,3,low,F,5,5686,3,2,0,Heavy,0,Low,1,1,0,0
5873,C,Road,175,2,low,M,3,4200,4,3,0,Heavy,0,Low,2,1,0,1
5874,F,Road,242,3,medium,M,8,4898,2,4,0,Heavy,0,Low,4,1,1,1
5875,D,Road,202,3,low,M,8,4575,4,2,1,Heavy,0,Low,3,1,0,1
5876,F,Road,176,2,low,F,6,5149,4,3,1,Heavy,0,Low,4,1,0,0
5877,A,Road,203,4,low,F,1,5274,4,3,0,Heavy,0,Low,0,1,0,0
5878,B,Road,207,4,low,M,5,5008,4,3,1,Heavy,0,Low,1,1,0,1
5879,C,Road,268,3,medium,M,1,4927,4,2,0,Heavy,1,Low,2,1,1,1
5880,F,Road,244,3,low,M,6,5109,3,3,0,Heavy,0,Low,4,1,0,1
5881,D,Road,134,3,low,F,10,4693,3,5,0,Heavy,0,Low,3,1,0,0
5882,F,Road,143,3,low,F,1,4392,3,4,1,Heavy,0,Low,4,1,0,0
5883,A,Road,246,3,low,F,2,5556,3,5,1,Heavy,0,Low,0,1,0,0
5884,B,Road,157,2,low,F,7,5228,3,2,0,Heavy,0,Low,1,1,0,0
5885,C,Road,169,3,low,M,10,5147,3,3,0,Heavy,0,Low,2,1,0,1
5886,F,Road,231,3,low,F,6,4449,4,5,1,Heavy,0,Low,4,1,0,0
5887,D,Flight,262,5,medium,F,1,5043,3,3,0,Heavy,1,Low,3,0,1,0
5888,F,Flight,227,2,medium,M,10,4290,3,2,0,Heavy,0,Low,4,0,1,1
5889,A,Flight,162,4,medium,M,7,5477,5,2,1,Heavy,0,Low,0,0,1,1
5890,B,Flight,148,2,medium,M,4,4812,5,5,0,Heavy,0,Low,1,0,1,1
5891,C,Flight,138,2,medium,F,8,4837,3,4,0,Heavy,0,Low,2,0,1,0
5892,F,Flight,255,2,medium,F,3,4824,3,3,0,Heavy,1,Low,4,0,1,0
5893,D,Flight,218,3,low,M,2,5841,3,5,0,Heavy,0,Low,3,0,0,1
5894,F,Flight,260,4,low,M,2,4091,4,1,1,Heavy,1,Low,4,0,0,1
5895,A,Flight,142,2,low,F,5,5502,4,3,1,Heavy,0,Low,0,0,0,0
5896,B,Flight,257,3,medium,M,5,4180,4,5,0,Heavy,1,Low,1,0,1,1
5897,C,Flight,252,3,low,F,1,4176,4,2,0,Heavy,1,Low,2,0,0,0
5898,F,Flight,151,5,low,F,1,4122,5,4,0,Heavy,0,Low,4,0,0,0
5899,D,Flight,190,5,low,F,8,4736,4,3,0,Heavy,0,Low,3,0,0,0
5900,F,Flight,137,2,low,M,7,4068,4,5,0,Heavy,0,Low,4,0,0,1
5901,A,Flight,164,2,low,M,7,5456,4,4,0,Heavy,0,Low,0,0,0,1
5902,B,Flight,271,3,low,F,9,5328,3,5,0,Heavy,1,Low,1,0,0,0
5903,C,Flight,162,2,high,M,1,4573,3,5,1,Heavy,0,Low,2,0,2,1
5904,F,Flight,221,5,medium,M,4,4034,2,4,1,Heavy,0,Low,4,0,1,1
5905,D,Flight,202,3,low,F,3,4559,5,4,1,Heavy,0,Low,3,0,0,0
5906,F,Flight,143,2,low,M,1,5836,4,5,0,Heavy,0,Low,4,0,0,1
5907,A,Flight,254,3,low,M,6,4703,3,5,0,Heavy,1,Low,0,0,0,1
5908,B,Flight,96,4,medium,M,1,4984,4,3,1,Heavy,0,Low,1,0,1,1
5909,C,Ship,199,5,medium,F,10,4847,3,3,1,Heavy,0,Low,2,2,1,0
5910,F,Ship,198,4,low,F,5,5182,4,1,0,Heavy,0,Low,4,2,0,0
5911,D,Ship,257,3,low,F,2,5198,4,3,1,Heavy,1,Low,3,2,0,0
5912,F,Ship,149,5,medium,F,9,4310,3,2,0,Heavy,0,Low,4,2,1,0
5913,A,Ship,193,4,medium,F,10,5280,5,1,0,Heavy,0,Low,0,2,1,0
5914,B,Ship,284,2,low,M,10,5619,3,5,0,Heavy,1,Low,1,2,0,1
5915,C,Ship,205,4,medium,F,5,5264,4,5,0,Heavy,0,Low,2,2,1,0
5916,F,Ship,185,3,low,M,5,4520,5,5,1,Heavy,0,Low,4,2,0,1
5917,D,Ship,268,3,high,F,10,4955,5,4,0,Heavy,1,Low,3,2,2,0
5918,F,Ship,252,3,medium,M,2,4339,5,1,0,Heavy,1,Low,4,2,1,1
5919,A,Ship,196,2,low,F,5,5656,4,3,0,Heavy,0,Low,0,2,0,0
5920,B,Ship,149,3,low,M,6,4654,3,3,0,Heavy,0,Low,1,2,0,1
5921,C,Ship,154,2,medium,M,3,4669,5,5,0,Heavy,0,Low,2,2,1,1
5922,F,Ship,267,2,medium,M,4,4053,5,4,0,Heavy,1,Low,4,2,1,1
5923,D,Ship,208,2,medium,F,5,5661,3,3,0,Heavy,0,Low,3,2,1,0
5924,F,Ship,275,3,medium,M,9,4287,5,5,1,Heavy,1,Low,4,2,1,1
5925,A,Ship,272,2,low,F,1,5939,4,2,1,Heavy,1,Low,0,2,0,0
5926,B,Ship,280,3,low,M,9,4074,6,5,1,Heavy,1,Low,1,2,0,1
5927,C,Ship,202,3,low,F,5,4930,6,3,0,Heavy,0,Low,2,2,0,0
5928,F,Ship,184,3,medium,F,8,4581,5,2,0,Heavy,0,Low,4,2,1,0
5929,D,Ship,244,5,medium,F,7,5515,5,2,0,Heavy,0,Low,3,2,1,0
5930,F,Ship,138,5,low,M,10,5401,4,4,0,Heavy,0,Low,4,2,0,1
5931,A,Ship,109,2,medium,F,4,5407,4,3,0,Heavy,0,Low,0,2,1,0
5932,B,Ship,189,5,low,M,3,5292,2,5,0,Heavy,0,Low,1,2,0,1
5933,C,Ship,170,3,low,M,9,4069,3,2,0,Heavy,0,Low,2,2,0,1
5934,F,Ship,183,2,medium,F,10,4598,3,1,0,Heavy,0,Low,4,2,1,0
5935,D,Ship,263,6,high,M,3,4429,3,4,0,Heavy,1,Low,3,2,2,1
5936,F,Ship,271,4,low,M,9,5853,4,1,1,Heavy,1,Low,4,2,0,1
5937,A,Ship,202,4,medium,F,3,4496,6,3,1,Heavy,0,Low,0,2,1,0
5938,B,Ship,265,3,medium,F,8,5070,3,3,0,Heavy,1,Low,1,2,1,0
5939,C,Ship,220,3,medium,F,6,4472,4,1,0,Heavy,0,Low,2,2,1,0
5940,F,Ship,274,2,low,F,7,4873,4,4,1,Heavy,1,Low,4,2,0,0
5941,D,Ship,212,2,medium,M,10,4552,4,5,0,Heavy,0,Low,3,2,1,1
5942,F,Ship,244,3,high,M,1,5559,4,2,1,Heavy,0,Low,4,2,2,1
5943,A,Ship,252,3,medium,F,4,5017,4,5,0,Heavy,1,Low,0,2,1,0
5944,B,Ship,158,2,low,M,8,4743,5,5,0,Heavy,0,Low,1,2,0,1
5945,C,Ship,286,6,medium,F,5,5490,2,5,0,Heavy,1,Low,2,2,1,0
5946,F,Ship,164,3,high,M,10,4639,3,5,1,Heavy,0,Low,4,2,2,1
5947,D,Ship,170,6,medium,M,6,4998,4,3,0,Heavy,0,Low,3,2,1,1
5948,F,Ship,269,2,medium,F,8,4930,4,1,0,Heavy,1,Low,4,2,1,0
5949,A,Ship,238,2,low,F,2,4002,4,2,0,Heavy,0,Low,0,2,0,0
5950,B,Ship,198,7,medium,F,1,5315,4,3,0,Heavy,0,Low,1,2,1,0
5951,C,Ship,184,8,low,M,7,5235,4,4,1,Heavy,0,Low,2,2,0,1
5952,F,Ship,265,3,low,M,10,4347,5,2,1,Heavy,1,Low,4,2,0,1
5953,D,Ship,204,10,medium,F,10,4534,3,2,0,Heavy,0,Low,3,2,1,0
5954,F,Ship,233,7,medium,F,5,5759,5,1,1,Heavy,0,Low,4,2,1,0
5955,A,Ship,134,3,low,F,8,5694,4,5,0,Heavy,0,Low,0,2,0,0
5956,B,Ship,153,3,medium,F,9,5474,3,4,0,Heavy,0,Low,1,2,1,0
5957,C,Ship,241,3,medium,F,3,4253,2,5,1,Heavy,0,Low,2,2,1,0
5958,F,Ship,187,3,low,M,7,5022,4,5,1,Heavy,0,Low,4,2,0,1
5959,D,Ship,148,3,low,F,8,5622,3,3,0,Heavy,0,Low,3,2,0,0
5960,F,Ship,133,8,medium,F,10,5439,3,4,1,Heavy,0,Low,4,2,1,0
5961,A,Ship,250,4,low,M,10,1623,6,1,1,Light,0,Low,0,2,0,1
5962,B,Ship,249,4,medium,M,2,1326,6,1,1,Light,0,Low,1,2,1,1
5963,C,Ship,259,5,low,M,8,1678,5,2,0,Light,1,Low,2,2,0,1
5964,F,Ship,266,4,low,M,5,1639,6,4,1,Light,1,Low,4,2,0,1
5965,D,Ship,244,4,medium,F,6,1185,6,5,0,Light,0,Low,3,2,1,0
5966,F,Ship,239,6,low,M,2,1879,4,5,0,Light,0,Low,4,2,0,1
5967,A,Ship,270,5,low,F,1,1187,4,5,1,Light,1,Low,0,2,0,0
5968,B,Ship,270,4,low,F,7,1079,6,3,0,Light,1,Low,1,2,0,0
5969,C,Ship,257,4,medium,M,1,1513,6,2,0,Light,1,Low,2,2,1,1
5970,F,Ship,243,5,medium,F,3,1634,4,3,1,Light,0,Low,4,2,1,0
5971,D,Ship,271,4,low,M,6,5078,4,5,0,Heavy,1,Low,3,2,0,1
5972,F,Ship,202,4,medium,F,6,4249,6,3,0,Heavy,0,Low,4,2,1,0
5973,A,Ship,265,3,medium,F,3,5986,3,3,1,Heavy,1,Low,0,2,1,0
5974,B,Ship,220,3,medium,M,1,5159,4,1,1,Heavy,0,Low,1,2,1,1
5975,C,Ship,274,2,low,M,1,4762,4,3,0,Heavy,1,Low,2,2,0,1
5976,F,Ship,212,2,medium,M,4,4969,4,1,0,Heavy,0,Low,4,2,1,1
5977,D,Ship,244,3,high,F,3,4103,4,2,0,Heavy,0,Low,3,2,2,0
5978,F,Ship,252,3,medium,F,4,5782,4,2,0,Heavy,1,Low,4,2,1,0
5979,A,Ship,158,2,low,M,4,5736,5,1,1,Heavy,0,Low,0,2,0,1
5980,B,Ship,286,6,medium,F,3,4497,2,5,1,Heavy,1,Low,1,2,1,0
5981,C,Ship,164,3,high,M,8,5170,3,3,0,Heavy,0,Low,2,2,2,1
5982,F,Ship,170,6,medium,M,10,4891,4,2,0,Heavy,0,Low,4,2,1,1
5983,D,Ship,269,2,medium,M,2,4158,4,3,0,Heavy,1,Low,3,2,1,1
5984,F,Ship,238,2,low,M,7,5808,4,3,1,Heavy,0,Low,4,2,0,1
5985,A,Ship,198,7,medium,M,9,4249,4,5,1,Heavy,0,Low,0,2,1,1
5986,B,Ship,184,8,low,M,4,4686,4,3,0,Heavy,0,Low,1,2,0,1
5987,C,Ship,265,3,low,M,8,5447,5,2,1,Heavy,1,Low,2,2,0,1
5988,F,Ship,204,10,medium,M,5,5375,3,1,0,Heavy,0,Low,4,2,1,1
5989,D,Ship,233,7,medium,F,8,5519,5,2,1,Heavy,0,Low,3,2,1,0
5990,F,Ship,134,3,low,F,9,4214,4,2,1,Heavy,0,Low,4,2,0,0
5991,A,Ship,153,3,medium,M,6,4056,3,2,0,Heavy,0,Low,0,2,1,1
5992,B,Ship,241,3,medium,F,5,5697,2,1,1,Heavy,0,Low,1,2,1,0
5993,C,Ship,187,3,low,F,8,4893,4,4,0,Heavy,0,Low,2,2,0,0
5994,F,Ship,148,3,low,F,8,5267,3,4,1,Heavy,0,Low,4,2,0,0
5995,D,Ship,133,8,medium,F,8,5002,3,5,1,Heavy,0,Low,3,2,1,0
5996,F,Ship,250,4,low,M,4,1018,6,1,0,Light,0,Low,4,2,0,1
5997,A,Ship,249,4,medium,M,3,1710,6,5,1,Light,0,Low,0,2,1,1
5998,B,Ship,259,5,low,M,2,1730,5,3,0,Light,1,Low,1,2,0,1
5999,C,Ship,266,4,low,F,9,1220,6,2,0,Light,1,Low,2,2,0,0
6000,F,Ship,244,4,medium,M,5,1108,6,3,1,Light,0,Low,4,2,1,1
6001,D,Ship,239,6,low,M,4,1451,4,5,0,Light,0,Low,3,2,0,1
6002,F,Road,270,5,low,F,3,1786,4,3,1,Light,1,Low,4,1,0,0
6003,A,Road,282,4,low,M,6,1580,6,4,0,Light,1,Low,0,1,0,1
6004,B,Road,295,4,medium,M,2,1981,6,5,0,Light,1,Low,1,1,1,1
6005,C,Road,255,4,low,M,5,1253,6,1,1,Light,1,Low,2,1,0,1
6006,F,Road,292,4,low,M,3,1826,6,4,1,Light,1,Low,4,1,0,1
6007,D,Road,244,4,low,F,1,1317,6,3,1,Light,0,Low,3,1,0,0
6008,F,Road,306,4,low,M,1,1210,6,1,0,Light,1,Low,4,1,0,1
6009,A,Road,258,4,low,M,3,1506,6,1,0,Light,1,Low,0,1,0,1
6010,B,Road,265,6,low,M,8,1391,4,2,1,Light,1,Low,1,1,0,1
6011,C,Road,227,5,low,M,7,1620,5,1,1,Light,0,Low,2,1,0,1
6012,F,Road,276,4,low,F,8,1560,7,1,1,Light,1,Low,4,1,0,0
6013,D,Road,244,4,medium,M,7,1795,6,4,0,Light,0,Low,3,1,1,1
6014,F,Road,217,6,medium,F,6,1552,4,3,0,Light,0,Low,4,1,1,0
6015,A,Road,211,3,low,F,8,1172,2,3,0,Light,0,Low,0,1,0,0
6016,B,Road,227,5,low,M,7,1354,4,2,1,Light,0,Low,1,1,0,1
6017,C,Road,249,4,medium,M,1,1014,5,3,1,Light,0,Low,2,1,1,1
6018,F,Road,269,4,low,M,3,1006,6,3,0,Light,1,Low,4,1,0,1
6019,D,Road,278,4,medium,F,6,1140,6,5,0,Light,1,Low,3,1,1,0
6020,F,Road,282,4,medium,M,3,1385,6,5,0,Light,1,Low,4,1,1,1
6021,A,Road,300,4,medium,F,7,1607,6,4,0,Light,1,Low,0,1,1,0
6022,B,Road,259,5,low,F,9,1624,5,5,0,Light,1,Low,1,1,0,0
6023,C,Road,295,4,medium,F,6,1611,6,1,0,Light,1,Low,2,1,1,0
6024,F,Flight,238,5,low,M,2,1657,5,5,0,Light,0,Low,4,0,0,1
6025,D,Flight,270,5,medium,F,7,1303,5,3,1,Light,1,Low,3,0,1,0
6026,F,Flight,267,5,low,M,6,1119,5,3,1,Light,1,Low,4,0,0,1
6027,A,Flight,270,5,medium,M,9,1280,4,1,1,Light,1,Low,0,0,1,1
6028,B,Flight,245,5,medium,F,8,1923,4,1,0,Light,0,Low,1,0,1,0
6029,C,Flight,262,4,low,F,10,1068,6,4,1,Light,1,Low,2,0,0,0
6030,F,Flight,245,5,low,M,8,1122,4,2,1,Light,0,Low,4,0,0,1
6031,D,Flight,268,4,low,M,7,1943,6,2,0,Light,1,Low,3,0,0,1
6032,F,Flight,262,5,low,M,1,1488,5,1,1,Light,1,Low,4,0,0,1
6033,A,Flight,283,5,medium,M,10,1483,6,3,0,Light,1,Low,0,0,1,1
6034,B,Flight,260,5,medium,M,8,1001,5,3,0,Light,1,Low,1,0,1,1
6035,C,Flight,258,4,low,F,4,1677,7,5,1,Light,1,Low,2,0,0,0
6036,F,Flight,130,4,medium,F,1,1877,5,2,0,Light,0,Low,4,0,1,0
6037,D,Flight,262,5,low,M,9,1053,6,3,0,Light,1,Low,3,0,0,1
6038,F,Flight,293,4,low,F,4,1764,6,2,1,Light,1,Low,4,0,0,0
6039,A,Flight,255,5,medium,M,10,1238,7,1,1,Light,1,Low,0,0,1,1
6040,B,Flight,242,5,low,F,5,1555,6,1,0,Light,0,Low,1,0,0,0
6041,C,Flight,264,4,medium,F,6,1622,6,3,1,Light,1,Low,2,0,1,0
6042,F,Flight,253,4,low,F,7,1485,6,4,0,Light,1,Low,4,0,0,0
6043,D,Flight,271,5,low,F,4,1667,5,5,0,Light,1,Low,3,0,0,0
6044,F,Flight,250,4,medium,F,3,1777,6,2,1,Light,0,Low,4,0,1,0
6045,A,Flight,266,5,high,F,5,1590,4,3,0,Light,1,Low,0,0,2,0
6046,B,Ship,286,4,low,F,4,1594,6,2,0,Light,1,Low,1,2,0,0
6047,C,Ship,275,5,low,M,9,1373,5,2,0,Light,1,Low,2,2,0,1
6048,F,Ship,295,5,low,M,4,1392,6,3,0,Light,1,Low,4,2,0,1
6049,D,Ship,269,6,medium,F,8,1341,5,1,0,Light,1,Low,3,2,1,0
6050,F,Ship,239,5,low,F,1,1780,4,1,1,Light,0,Low,4,2,0,0
6051,A,Ship,271,4,medium,M,8,1867,6,4,0,Light,1,Low,0,2,1,1
6052,B,Ship,165,6,low,F,6,1529,6,5,1,Light,0,Low,1,2,0,0
6053,C,Ship,302,5,medium,M,5,1614,7,2,0,Light,1,Low,2,2,1,1
6054,F,Ship,293,6,low,F,10,1919,6,2,1,Light,1,Low,4,2,0,0
6055,D,Ship,202,3,low,F,3,5524,4,4,1,Heavy,0,Low,3,2,0,0
6056,F,Ship,185,3,medium,F,7,4246,2,3,0,Heavy,0,Low,4,2,1,0
6057,A,Ship,210,2,medium,M,8,5942,4,4,0,Heavy,0,Low,0,2,1,1
6058,B,Ship,186,2,medium,M,8,5924,3,5,0,Heavy,0,Low,1,2,1,1
6059,C,Ship,163,3,low,M,7,5913,3,4,0,Heavy,0,Low,2,2,0,1
6060,F,Ship,168,3,low,M,5,5964,3,4,0,Heavy,0,Low,4,2,0,1
6061,D,Ship,199,3,low,M,8,4391,4,3,1,Heavy,0,Low,3,2,0,1
6062,F,Ship,271,2,medium,M,7,4958,3,5,0,Heavy,1,Low,4,2,1,1
6063,A,Ship,164,3,low,F,4,4796,3,4,0,Heavy,0,Low,0,2,0,0
6064,B,Ship,231,2,medium,M,3,4696,4,1,0,Heavy,0,Low,1,2,1,1
6065,C,Ship,196,2,low,M,10,4141,3,1,1,Heavy,0,Low,2,2,0,1
6066,F,Ship,218,3,low,F,2,4949,4,2,0,Heavy,0,Low,4,2,0,0
6067,D,Ship,267,4,low,M,5,4440,5,1,1,Heavy,1,Low,3,2,0,1
6068,F,Ship,163,3,low,F,5,4440,4,4,0,Heavy,0,Low,4,2,0,0
6069,A,Ship,224,4,medium,F,5,4887,4,1,0,Heavy,0,Low,0,2,1,0
6070,B,Ship,156,2,medium,F,10,5107,3,4,1,Heavy,0,Low,1,2,1,0
6071,C,Ship,175,6,low,F,2,4883,5,5,1,Heavy,0,Low,2,2,0,0
6072,F,Ship,257,5,medium,F,5,5365,3,4,0,Heavy,1,Low,4,2,1,0
6073,D,Ship,259,3,low,M,3,4509,4,4,0,Heavy,1,Low,3,2,0,1
6074,F,Ship,112,4,low,F,7,5716,3,3,1,Heavy,0,Low,4,2,0,0
6075,A,Ship,145,4,medium,M,2,5735,4,3,0,Heavy,0,Low,0,2,1,1
6076,B,Ship,230,3,medium,M,3,4957,3,1,0,Heavy,0,Low,1,2,1,1
6077,C,Ship,188,4,low,F,6,5016,3,4,0,Heavy,0,Low,2,2,0,0
6078,F,Ship,132,4,medium,F,3,4512,3,2,0,Heavy,0,Low,4,2,1,0
6079,D,Ship,239,4,high,M,2,5502,4,1,0,Heavy,0,Low,3,2,2,1
6080,F,Ship,167,3,medium,M,8,4605,2,5,0,Heavy,0,Low,4,2,1,1
6081,A,Ship,133,3,medium,M,7,4004,3,1,1,Heavy,0,Low,0,2,1,1
6082,B,Ship,270,2,high,F,9,5080,4,2,1,Heavy,1,Low,1,2,2,0
6083,C,Ship,229,2,medium,M,7,5364,4,3,1,Heavy,0,Low,2,2,1,1
6084,F,Ship,261,4,high,F,6,4852,5,1,0,Heavy,1,Low,4,2,2,0
6085,D,Ship,192,3,low,F,9,4774,2,1,0,Heavy,0,Low,3,2,0,0
6086,F,Ship,217,3,low,F,6,4848,4,5,1,Heavy,0,Low,4,2,0,0
6087,A,Ship,246,2,low,M,6,4908,4,3,0,Heavy,0,Low,0,2,0,1
6088,B,Ship,208,2,medium,M,8,5321,5,5,0,Heavy,0,Low,1,2,1,1
6089,C,Ship,148,3,low,F,5,5790,5,1,0,Heavy,0,Low,2,2,0,0
6090,F,Ship,132,6,high,M,8,4902,4,1,1,Heavy,0,Low,4,2,2,1
6091,D,Ship,249,3,low,F,6,5051,4,2,1,Heavy,0,Low,3,2,0,0
6092,F,Ship,225,4,low,F,9,5468,3,3,1,Heavy,0,Low,4,2,0,0
6093,A,Ship,279,4,medium,F,3,4607,5,1,0,Heavy,1,Low,0,2,1,0
6094,B,Ship,183,2,low,F,8,4921,4,2,0,Heavy,0,Low,1,2,0,0
6095,C,Ship,215,2,high,F,6,5238,4,4,0,Heavy,0,Low,2,2,2,0
6096,F,Ship,195,5,high,F,10,4225,6,4,0,Heavy,0,Low,4,2,2,0
6097,D,Ship,156,2,medium,M,5,4467,4,2,1,Heavy,0,Low,3,2,1,1
6098,F,Ship,160,3,low,F,8,4106,3,5,0,Heavy,0,Low,4,2,0,0
6099,A,Ship,153,5,medium,M,10,5297,5,5,0,Heavy,0,Low,0,2,1,1
6100,B,Ship,215,3,high,F,5,4670,3,4,1,Heavy,0,Low,1,2,2,0
6101,C,Ship,163,3,low,F,7,4556,4,3,0,Heavy,0,Low,2,2,0,0
6102,F,Ship,195,3,medium,M,8,5198,4,2,0,Heavy,0,Low,4,2,1,1
6103,D,Ship,170,2,low,M,3,4587,4,3,1,Heavy,0,Low,3,2,0,1
6104,F,Ship,133,3,low,M,5,5937,3,3,0,Heavy,0,Low,4,2,0,1
6105,A,Ship,171,6,medium,F,5,5981,5,2,1,Heavy,0,Low,0,2,1,0
6106,B,Ship,186,3,medium,M,7,4764,3,5,0,Heavy,0,Low,1,2,1,1
6107,C,Ship,246,3,high,M,5,5960,4,2,0,Heavy,0,Low,2,2,2,1
6108,F,Ship,170,3,low,F,7,5427,3,3,1,Heavy,0,Low,4,2,0,0
6109,D,Ship,189,2,low,M,9,5245,2,5,0,Heavy,0,Low,3,2,0,1
6110,F,Ship,216,2,low,F,8,5767,4,5,1,Heavy,0,Low,4,2,0,0
6111,A,Ship,264,3,low,M,10,5137,4,2,1,Heavy,1,Low,0,2,0,1
6112,B,Ship,268,3,low,F,3,5320,5,4,1,Heavy,1,Low,1,2,0,0
6113,C,Ship,225,2,medium,F,10,4577,4,1,1,Heavy,0,Low,2,2,1,0
6114,F,Ship,252,2,high,F,4,5233,4,2,1,Heavy,1,Low,4,2,2,0
6115,D,Ship,204,3,low,F,8,4586,3,2,1,Heavy,0,Low,3,2,0,0
6116,F,Ship,193,2,medium,F,1,4450,5,1,0,Heavy,0,Low,4,2,1,0
6117,A,Ship,220,3,low,F,9,5324,5,3,0,Heavy,0,Low,0,2,0,0
6118,B,Ship,271,3,low,F,7,5192,6,4,1,Heavy,1,Low,1,2,0,0
6119,C,Ship,227,4,medium,M,6,4104,2,2,1,Heavy,0,Low,2,2,1,1
6120,F,Ship,206,5,medium,F,7,5941,4,1,1,Heavy,0,Low,4,2,1,0
6121,D,Ship,142,3,medium,F,3,4644,4,2,0,Heavy,0,Low,3,2,1,0
6122,F,Ship,236,2,medium,M,2,5210,5,5,0,Heavy,0,Low,4,2,1,1
6123,A,Ship,275,2,medium,M,10,5395,5,4,1,Heavy,1,Low,0,2,1,1
6124,B,Ship,144,2,medium,M,2,4629,3,5,1,Heavy,0,Low,1,2,1,1
6125,C,Ship,194,3,medium,M,3,5168,4,5,1,Heavy,0,Low,2,2,1,1
6126,F,Ship,260,3,low,M,9,4591,3,2,1,Heavy,1,Low,4,2,0,1
6127,D,Ship,240,3,medium,M,8,4410,3,4,0,Heavy,0,Low,3,2,1,1
6128,F,Ship,136,3,high,F,2,5739,3,2,0,Heavy,0,Low,4,2,2,0
6129,A,Ship,132,2,medium,M,1,4687,3,3,0,Heavy,0,Low,0,2,1,1
6130,B,Ship,266,3,medium,M,7,5121,4,2,0,Heavy,1,Low,1,2,1,1
6131,C,Ship,263,3,high,M,5,4782,4,1,0,Heavy,1,Low,2,2,2,1
6132,F,Ship,270,3,low,F,9,5807,5,5,1,Heavy,1,Low,4,2,0,0
6133,D,Ship,208,5,low,F,10,4258,3,3,0,Heavy,0,Low,3,2,0,0
6134,F,Ship,206,3,low,M,1,5520,5,5,0,Heavy,0,Low,4,2,0,1
6135,A,Ship,159,3,low,M,3,5230,3,3,1,Heavy,0,Low,0,2,0,1
6136,B,Ship,162,3,low,M,4,5913,4,3,1,Heavy,0,Low,1,2,0,1
6137,C,Ship,177,2,medium,M,4,4417,3,2,0,Heavy,0,Low,2,2,1,1
6138,F,Ship,168,4,low,F,4,4096,3,3,1,Heavy,0,Low,4,2,0,0
6139,D,Road,267,4,medium,F,4,4914,3,1,1,Heavy,1,Low,3,1,1,0
6140,F,Road,222,3,medium,F,7,5844,4,5,0,Heavy,0,Low,4,1,1,0
6141,A,Road,234,3,low,F,10,4781,3,2,0,Heavy,0,Low,0,1,0,0
6142,B,Road,133,3,low,F,9,5724,3,1,0,Heavy,0,Low,1,1,0,0
6143,C,Road,207,3,low,F,10,4533,4,4,0,Heavy,0,Low,2,1,0,0
6144,F,Road,243,4,low,F,9,4811,4,3,0,Heavy,0,Low,4,1,0,0
6145,D,Road,161,3,low,F,1,4470,5,5,1,Heavy,0,Low,3,1,0,0
6146,F,Road,193,3,medium,F,6,5302,3,5,0,Heavy,0,Low,4,1,1,0
6147,A,Road,234,4,medium,M,9,5769,4,5,0,Heavy,0,Low,0,1,1,1
6148,B,Road,185,6,medium,F,7,4138,2,1,1,Heavy,0,Low,1,1,1,0
6149,C,Road,242,2,medium,F,5,4806,4,5,0,Heavy,0,Low,2,1,1,0
6150,F,Road,252,2,high,F,6,4147,4,5,1,Heavy,1,Low,4,1,2,0
6151,D,Road,179,3,low,F,3,5495,4,3,1,Heavy,0,Low,3,1,0,0
6152,F,Road,158,3,high,F,5,5602,4,3,0,Heavy,0,Low,4,1,2,0
6153,A,Road,226,3,low,F,8,4002,3,1,0,Heavy,0,Low,0,1,0,0
6154,B,Road,269,2,medium,F,2,5962,5,4,0,Heavy,1,Low,1,1,1,0
6155,C,Road,148,3,low,F,7,5685,3,5,0,Heavy,0,Low,2,1,0,0
6156,F,Road,159,2,low,F,3,5704,4,5,0,Heavy,0,Low,4,1,0,0
6157,D,Road,273,4,medium,M,4,5361,3,4,0,Heavy,1,Low,3,1,1,1
6158,F,Road,233,3,medium,M,5,5306,3,4,0,Heavy,0,Low,4,1,1,1
6159,A,Road,182,3,medium,F,2,4473,4,5,0,Heavy,0,Low,0,1,1,0
6160,B,Road,153,2,medium,M,5,4023,3,4,1,Heavy,0,Low,1,1,1,1
6161,C,Flight,210,2,medium,M,5,5683,4,5,0,Heavy,0,Low,2,0,1,1
6162,F,Flight,241,3,medium,M,6,4558,4,1,0,Heavy,0,Low,4,0,1,1
6163,D,Flight,220,3,low,M,8,5032,3,2,1,Heavy,0,Low,3,0,0,1
6164,F,Flight,211,3,medium,F,7,4856,5,4,0,Heavy,0,Low,4,0,1,0
6165,A,Flight,151,3,low,F,1,4088,3,5,0,Heavy,0,Low,0,0,0,0
6166,B,Flight,267,3,medium,M,9,4775,5,5,1,Heavy,1,Low,1,0,1,1
6167,C,Flight,250,2,medium,M,4,4808,4,3,1,Heavy,0,Low,2,0,1,1
6168,F,Flight,181,3,low,F,5,5398,4,3,1,Heavy,0,Low,4,0,0,0
6169,D,Flight,197,4,high,M,4,4339,5,2,1,Heavy,0,Low,3,0,2,1
6170,F,Flight,172,2,medium,F,5,4647,3,4,0,Heavy,0,Low,4,0,1,0
6171,A,Flight,219,3,low,M,3,5223,4,1,1,Heavy,0,Low,0,0,0,1
6172,B,Flight,189,3,low,M,7,5717,5,5,0,Heavy,0,Low,1,0,0,1
6173,C,Flight,225,3,low,M,8,4539,5,1,0,Heavy,0,Low,2,0,0,1
6174,F,Flight,269,5,low,F,8,5833,5,3,1,Heavy,1,Low,4,0,0,0
6175,D,Flight,157,3,medium,F,7,4199,5,4,1,Heavy,0,Low,3,0,1,0
6176,F,Flight,189,3,low,M,5,5422,3,5,0,Heavy,0,Low,4,0,0,1
6177,A,Flight,226,2,medium,F,6,4946,3,1,1,Heavy,0,Low,0,0,1,0
6178,B,Flight,220,2,medium,F,6,4382,2,1,1,Heavy,0,Low,1,0,1,0
6179,C,Flight,275,6,low,M,4,4875,6,3,0,Heavy,1,Low,2,0,0,1
6180,F,Flight,171,3,medium,F,5,4310,3,4,1,Heavy,0,Low,4,0,1,0
6181,D,Flight,235,3,low,F,4,5289,4,3,1,Heavy,0,Low,3,0,0,0
6182,F,Flight,201,3,high,M,7,4887,3,4,1,Heavy,0,Low,4,0,2,1
6183,A,Ship,269,3,low,F,5,5673,5,5,1,Heavy,1,Low,0,2,0,0
6184,B,Ship,182,2,low,M,4,5579,5,3,0,Heavy,0,Low,1,2,0,1
6185,C,Ship,266,5,low,F,9,4500,5,5,0,Heavy,1,Low,2,2,0,0
6186,F,Ship,157,2,medium,F,4,5991,3,5,0,Heavy,0,Low,4,2,1,0
6187,D,Ship,258,4,high,F,1,5476,4,1,0,Heavy,1,Low,3,2,2,0
6188,F,Ship,280,4,low,M,9,5288,4,2,1,Heavy,1,Low,4,2,0,1
6189,A,Ship,154,3,low,F,7,4106,4,4,1,Heavy,0,Low,0,2,0,0
6190,B,Ship,274,2,low,F,3,4257,4,4,0,Heavy,1,Low,1,2,0,0
6191,C,Ship,180,2,medium,F,1,4332,4,5,0,Heavy,0,Low,2,2,1,0
6192,F,Ship,146,3,medium,F,7,4126,3,5,0,Heavy,0,Low,4,2,1,0
6193,D,Ship,236,3,medium,M,1,5851,3,4,0,Heavy,0,Low,3,2,1,1
6194,F,Ship,133,4,high,F,10,5296,4,4,0,Heavy,0,Low,4,2,2,0
6195,A,Ship,173,4,high,F,9,4307,5,2,0,Heavy,0,Low,0,2,2,0
6196,B,Ship,210,3,low,M,9,5556,4,3,0,Heavy,0,Low,1,2,0,1
6197,C,Ship,238,2,medium,F,1,4991,3,4,1,Heavy,0,Low,2,2,1,0
6198,F,Ship,268,4,low,F,3,5275,4,2,0,Heavy,1,Low,4,2,0,0
6199,D,Ship,175,3,medium,F,8,5471,3,5,1,Heavy,0,Low,3,2,1,0
6200,F,Ship,280,4,low,M,8,4539,5,2,1,Heavy,1,Low,4,2,0,1
6201,A,Ship,153,2,low,F,1,4027,4,1,0,Heavy,0,Low,0,2,0,0
6202,B,Ship,251,2,medium,F,6,4376,4,4,0,Heavy,1,Low,1,2,1,0
6203,C,Ship,252,3,medium,M,8,4262,4,2,1,Heavy,1,Low,2,2,1,1
6204,F,Ship,201,8,medium,F,4,5472,4,5,1,Heavy,0,Low,4,2,1,0
6205,D,Ship,216,4,medium,F,8,5878,5,4,1,Heavy,0,Low,3,2,1,0
6206,F,Ship,126,10,low,M,3,4073,3,2,1,Heavy,0,Low,4,2,0,1
6207,A,Ship,177,4,low,F,3,4199,3,2,1,Heavy,0,Low,0,2,0,0
6208,B,Ship,145,3,medium,M,1,5783,5,3,1,Heavy,0,Low,1,2,1,1
6209,C,Ship,258,2,low,F,10,5371,5,3,1,Heavy,1,Low,2,2,0,0
6210,F,Ship,273,10,medium,M,6,4251,4,3,1,Heavy,1,Low,4,2,1,1
6211,D,Ship,245,3,low,F,5,4523,4,1,0,Heavy,0,Low,3,2,0,0
6212,F,Ship,241,2,medium,F,7,4413,5,4,0,Heavy,0,Low,4,2,1,0
6213,A,Ship,208,3,low,F,6,5345,4,1,1,Heavy,0,Low,0,2,0,0
6214,B,Ship,282,4,low,M,1,1193,6,5,1,Light,1,Low,1,2,0,1
6215,C,Ship,295,4,medium,M,1,1159,6,5,0,Light,1,Low,2,2,1,1
6216,F,Ship,255,4,low,F,9,1113,6,5,0,Light,1,Low,4,2,0,0
6217,D,Ship,292,4,low,F,8,1434,6,3,0,Light,1,Low,3,2,0,0
6218,F,Ship,244,4,low,M,1,1130,6,4,1,Light,0,Low,4,2,0,1
6219,A,Ship,306,4,low,F,8,1691,6,4,1,Light,1,Low,0,2,0,0
6220,B,Ship,258,4,low,M,5,1966,6,5,1,Light,1,Low,1,2,0,1
6221,C,Ship,265,6,low,F,2,1629,4,1,1,Light,1,Low,2,2,0,0
6222,F,Ship,227,5,low,M,6,1667,5,1,0,Light,0,Low,4,2,0,1
6223,D,Ship,276,4,low,F,9,1519,7,1,1,Light,1,Low,3,2,0,0
6224,F,Ship,244,4,medium,F,2,1980,6,5,0,Light,0,Low,4,2,1,0
6225,A,Ship,217,6,medium,F,3,1732,4,2,1,Light,0,Low,0,2,1,0
6226,B,Ship,211,3,low,M,3,1368,2,5,0,Light,0,Low,1,2,0,1
6227,C,Ship,227,5,low,M,8,1982,4,4,1,Light,0,Low,2,2,0,1
6228,F,Ship,249,4,medium,M,5,1027,5,1,1,Light,0,Low,4,2,1,1
6229,D,Ship,269,4,low,M,6,1073,6,2,0,Light,1,Low,3,2,0,1
6230,F,Ship,278,4,medium,M,4,1716,6,3,0,Light,1,Low,4,2,1,1
6231,A,Ship,282,4,medium,F,4,1013,6,5,0,Light,1,Low,0,2,1,0
6232,B,Ship,300,4,medium,F,2,1790,6,1,1,Light,1,Low,1,2,1,0
6233,C,Ship,146,3,medium,F,4,5384,3,3,0,Heavy,0,Low,2,2,1,0
6234,F,Ship,236,3,medium,F,5,5466,3,4,0,Heavy,0,Low,4,2,1,0
6235,D,Ship,133,4,high,F,7,5973,4,4,1,Heavy,0,Low,3,2,2,0
6236,F,Ship,173,4,high,F,8,5284,5,4,1,Heavy,0,Low,4,2,2,0
6237,A,Ship,210,3,low,F,9,4163,4,2,0,Heavy,0,Low,0,2,0,0
6238,B,Ship,238,2,medium,F,4,4206,3,3,0,Heavy,0,Low,1,2,1,0
6239,C,Ship,268,4,low,M,5,5647,4,4,0,Heavy,1,Low,2,2,0,1
6240,F,Ship,175,3,medium,M,10,4771,3,4,1,Heavy,0,Low,4,2,1,1
6241,D,Ship,280,4,low,M,10,5156,5,4,0,Heavy,1,Low,3,2,0,1
6242,F,Ship,153,2,low,M,1,4492,4,5,0,Heavy,0,Low,4,2,0,1
6243,A,Ship,251,2,medium,F,8,5232,4,5,0,Heavy,1,Low,0,2,1,0
6244,B,Ship,252,3,medium,M,2,5769,4,2,0,Heavy,1,Low,1,2,1,1
6245,C,Ship,201,8,medium,F,9,5146,4,2,0,Heavy,0,Low,2,2,1,0
6246,F,Ship,216,4,medium,F,1,4092,5,5,1,Heavy,0,Low,4,2,1,0
6247,D,Ship,126,10,low,M,10,4128,3,3,0,Heavy,0,Low,3,2,0,1
6248,F,Ship,177,4,low,F,6,5037,3,1,1,Heavy,0,Low,4,2,0,0
6249,A,Ship,145,3,medium,M,2,4836,5,2,0,Heavy,0,Low,0,2,1,1
6250,B,Ship,258,2,low,F,8,4200,5,4,0,Heavy,1,Low,1,2,0,0
6251,C,Ship,273,10,medium,F,8,4896,4,3,0,Heavy,1,Low,2,2,1,0
6252,F,Ship,245,3,low,M,2,5835,4,1,1,Heavy,0,Low,4,2,0,1
6253,D,Ship,241,2,medium,M,6,4741,5,2,0,Heavy,0,Low,3,2,1,1
6254,F,Ship,208,3,low,M,4,4530,4,1,1,Heavy,0,Low,4,2,0,1
6255,A,Ship,282,4,low,M,1,1434,6,1,0,Light,1,Low,0,2,0,1
6256,B,Ship,295,4,medium,M,5,1963,6,5,1,Light,1,Low,1,2,1,1
6257,C,Ship,255,4,low,M,7,1869,6,4,1,Light,1,Low,2,2,0,1
6258,F,Ship,292,4,low,F,2,1565,6,2,0,Light,1,Low,4,2,0,0
6259,D,Ship,244,4,low,M,5,1867,6,1,0,Light,0,Low,3,2,0,1
6260,F,Ship,306,4,low,M,10,1372,6,3,1,Light,1,Low,4,2,0,1
6261,A,Ship,258,4,low,M,5,1558,6,5,0,Light,1,Low,0,2,0,1
6262,B,Ship,265,6,low,F,9,1753,4,1,1,Light,1,Low,1,2,0,0
6263,C,Ship,227,5,low,F,3,1242,5,2,1,Light,0,Low,2,2,0,0
6264,F,Ship,276,4,low,M,9,1022,7,2,1,Light,1,Low,4,2,0,1
6265,D,Ship,244,4,medium,F,1,1179,6,4,1,Light,0,Low,3,2,1,0
6266,F,Ship,217,6,medium,M,9,1974,4,4,0,Light,0,Low,4,2,1,1
6267,A,Ship,211,3,low,M,6,1760,2,1,1,Light,0,Low,0,2,0,1
6268,B,Ship,227,5,low,F,2,1804,4,5,1,Light,0,Low,1,2,0,0
6269,C,Ship,249,4,medium,M,2,1727,5,5,1,Light,0,Low,2,2,1,1
6270,F,Ship,302,5,medium,M,7,1503,7,4,1,Light,1,Low,4,2,1,1
6271,D,Ship,293,6,low,F,7,1117,6,4,1,Light,1,Low,3,2,0,0
6272,F,Ship,232,3,low,M,4,1716,5,5,1,Light,0,Low,4,2,0,1
6273,A,Ship,279,4,low,M,7,1447,6,5,0,Light,1,Low,0,2,0,1
6274,B,Ship,251,4,low,F,8,1038,6,5,0,Light,1,Low,1,2,0,0
6275,C,Ship,300,5,low,M,1,1188,6,5,0,Light,1,Low,2,2,0,1
6276,F,Road,133,5,low,F,3,1544,7,5,1,Light,0,Low,4,1,0,0
6277,D,Road,283,4,low,M,2,1136,6,5,1,Light,1,Low,3,1,0,1
6278,F,Road,296,4,low,M,8,1686,7,5,1,Light,1,Low,4,1,0,1
6279,A,Road,261,4,medium,F,8,1397,6,3,1,Light,1,Low,0,1,1,0
6280,B,Road,286,4,low,F,3,1747,6,1,1,Light,1,Low,1,1,0,0
6281,C,Road,298,4,low,F,1,1657,6,3,0,Light,1,Low,2,1,0,0
6282,F,Road,287,4,medium,F,9,1936,6,4,1,Light,1,Low,4,1,1,0
6283,D,Road,251,4,medium,F,9,1322,6,2,1,Light,1,Low,3,1,1,0
6284,F,Road,231,5,low,M,10,1418,5,1,0,Light,0,Low,4,1,0,1
6285,A,Road,249,5,medium,M,6,1298,5,2,0,Light,0,Low,0,1,1,1
6286,B,Road,244,5,low,F,3,1174,5,3,0,Light,0,Low,1,1,0,0
6287,C,Road,264,4,medium,M,6,1688,7,2,0,Light,1,Low,2,1,1,1
6288,F,Road,254,5,medium,M,6,1002,5,2,0,Light,1,Low,4,1,1,1
6289,D,Road,264,6,low,M,6,1637,4,5,0,Light,1,Low,3,1,0,1
6290,F,Road,309,4,low,M,6,1463,6,5,1,Light,1,Low,4,1,0,1
6291,A,Road,298,4,low,M,8,1631,5,5,0,Light,1,Low,0,1,0,1
6292,B,Road,265,5,medium,F,8,1867,5,5,0,Light,1,Low,1,1,1,0
6293,C,Road,246,4,medium,M,4,1504,6,1,1,Light,0,Low,2,1,1,1
6294,F,Road,222,5,low,F,1,1672,5,2,0,Light,0,Low,4,1,0,0
6295,D,Road,250,4,low,F,2,1296,7,5,0,Light,0,Low,3,1,0,0
6296,F,Road,240,5,medium,F,5,1301,4,3,0,Light,0,Low,4,1,1,0
6297,A,Road,246,6,low,F,10,1176,4,3,0,Light,0,Low,0,1,0,0
6298,B,Flight,293,5,medium,F,7,1052,6,1,0,Light,1,Low,1,0,1,0
6299,C,Flight,253,4,medium,M,1,1977,6,5,0,Light,1,Low,2,0,1,1
6300,F,Flight,258,5,medium,M,7,1819,5,5,0,Light,1,Low,4,0,1,1
6301,D,Flight,258,4,low,F,2,1051,6,4,1,Light,1,Low,3,0,0,0
6302,F,Flight,245,5,medium,M,3,1851,5,3,0,Light,0,Low,4,0,1,1
6303,A,Flight,307,4,medium,M,2,1073,7,2,0,Light,1,Low,0,0,1,1
6304,B,Flight,301,4,low,F,3,1958,6,5,0,Light,1,Low,1,0,0,0
6305,C,Flight,252,4,low,F,2,1249,6,5,0,Light,1,Low,2,0,0,0
6306,F,Flight,272,6,medium,F,2,1681,5,1,1,Light,1,Low,4,0,1,0
6307,D,Flight,221,5,low,F,2,1630,5,3,1,Light,0,Low,3,0,0,0
6308,F,Flight,247,5,low,M,10,1699,5,3,1,Light,0,Low,4,0,0,1
6309,A,Flight,260,4,low,F,3,1930,7,5,1,Light,1,Low,0,0,0,0
6310,B,Flight,251,6,medium,M,4,1077,5,5,0,Light,1,Low,1,0,1,1
6311,C,Flight,227,5,medium,M,9,1917,5,2,0,Light,0,Low,2,0,1,1
6312,F,Flight,269,4,low,M,9,1826,6,5,0,Light,1,Low,4,0,0,1
6313,D,Flight,161,4,low,M,10,1683,6,2,0,Light,0,Low,3,0,0,1
6314,F,Flight,256,5,low,M,9,1622,4,4,1,Light,1,Low,4,0,0,1
6315,A,Flight,303,5,medium,F,9,1203,5,1,0,Light,1,Low,0,0,1,0
6316,B,Flight,257,5,medium,F,7,1565,5,3,1,Light,1,Low,1,0,1,0
6317,C,Flight,310,4,medium,F,8,1497,7,3,0,Light,1,Low,2,0,1,0
6318,F,Flight,238,5,medium,M,2,1150,5,3,1,Light,0,Low,4,0,1,1
6319,D,Flight,191,6,medium,F,2,4471,6,3,0,Heavy,0,Low,3,0,1,0
6320,F,Ship,252,3,medium,F,7,4852,4,3,0,Heavy,1,Low,4,2,1,0
6321,A,Ship,228,3,medium,F,8,4731,5,5,1,Heavy,0,Low,0,2,1,0
6322,B,Ship,208,2,medium,F,4,4767,4,3,1,Heavy,0,Low,1,2,1,0
6323,C,Ship,176,3,low,F,1,5168,3,3,0,Heavy,0,Low,2,2,0,0
6324,F,Ship,233,3,low,F,7,4874,3,1,0,Heavy,0,Low,4,2,0,0
6325,D,Ship,104,4,low,M,2,5235,5,5,0,Heavy,0,Low,3,2,0,1
6326,F,Ship,237,3,low,M,1,5980,3,4,0,Heavy,0,Low,4,2,0,1
6327,A,Ship,252,3,medium,M,7,5281,2,5,0,Heavy,1,Low,0,2,1,1
6328,B,Ship,135,3,medium,M,9,5173,5,2,0,Heavy,0,Low,1,2,1,1
6329,C,Ship,137,2,low,M,8,5111,5,5,1,Heavy,0,Low,2,2,0,1
6330,F,Ship,228,3,medium,F,1,5129,4,3,1,Heavy,0,Low,4,2,1,0
6331,D,Ship,236,4,medium,M,1,5783,4,3,1,Heavy,0,Low,3,2,1,1
6332,F,Ship,239,4,medium,F,8,4537,3,4,0,Heavy,0,Low,4,2,1,0
6333,A,Ship,199,3,low,M,1,4697,2,2,1,Heavy,0,Low,0,2,0,1
6334,B,Ship,269,2,medium,M,2,4177,3,4,0,Heavy,1,Low,1,2,1,1
6335,C,Ship,226,3,low,M,5,5875,2,2,0,Heavy,0,Low,2,2,0,1
6336,F,Ship,264,3,low,F,5,5043,3,1,0,Heavy,1,Low,4,2,0,0
6337,D,Ship,264,3,medium,M,10,4025,5,4,1,Heavy,1,Low,3,2,1,1
6338,F,Ship,186,3,low,M,2,4437,4,3,1,Heavy,0,Low,4,2,0,1
6339,A,Ship,154,3,high,F,2,4219,3,5,0,Heavy,0,Low,0,2,2,0
6340,B,Ship,239,2,medium,F,2,5757,3,1,1,Heavy,0,Low,1,2,1,0
6341,C,Ship,139,2,low,F,7,4449,3,5,1,Heavy,0,Low,2,2,0,0
6342,F,Ship,138,2,medium,F,8,5885,5,4,1,Heavy,0,Low,4,2,1,0
6343,D,Ship,286,4,medium,M,4,5106,3,1,0,Heavy,1,Low,3,2,1,1
6344,F,Ship,275,5,low,M,2,4622,4,3,1,Heavy,1,Low,4,2,0,1
6345,A,Ship,195,2,low,M,2,4008,4,5,1,Heavy,0,Low,0,2,0,1
6346,B,Ship,267,3,high,M,8,5337,3,4,1,Heavy,1,Low,1,2,2,1
6347,C,Ship,223,3,medium,F,7,5935,4,3,0,Heavy,0,Low,2,2,1,0
6348,F,Ship,198,2,low,M,6,5520,4,4,0,Heavy,0,Low,4,2,0,1
6349,D,Ship,250,2,low,F,7,4724,6,5,0,Heavy,0,Low,3,2,0,0
6350,F,Ship,237,4,low,F,8,5761,3,3,0,Heavy,0,Low,4,2,0,0
6351,A,Ship,193,3,medium,M,4,5873,5,4,0,Heavy,0,Low,0,2,1,1
6352,B,Ship,216,4,medium,F,9,5804,5,2,0,Heavy,0,Low,1,2,1,0
6353,C,Ship,253,2,medium,F,2,4567,3,2,0,Heavy,1,Low,2,2,1,0
6354,F,Ship,132,3,low,F,2,4785,3,1,0,Heavy,0,Low,4,2,0,0
6355,D,Ship,140,4,low,M,3,4018,5,4,0,Heavy,0,Low,3,2,0,1
6356,F,Ship,114,4,low,M,9,4452,2,4,1,Heavy,0,Low,4,2,0,1
6357,A,Ship,238,6,medium,M,8,5620,3,5,0,Heavy,0,Low,0,2,1,1
6358,B,Ship,210,2,low,M,9,5932,3,1,0,Heavy,0,Low,1,2,0,1
6359,C,Ship,272,4,medium,M,4,4363,4,4,1,Heavy,1,Low,2,2,1,1
6360,F,Ship,184,3,medium,F,9,5594,4,5,0,Heavy,0,Low,4,2,1,0
6361,D,Ship,168,2,low,M,3,4665,4,1,1,Heavy,0,Low,3,2,0,1
6362,F,Ship,231,5,low,M,7,4718,4,2,0,Heavy,0,Low,4,2,0,1
6363,A,Ship,143,2,medium,F,5,4057,4,1,0,Heavy,0,Low,0,2,1,0
6364,B,Ship,182,3,medium,M,9,5735,4,2,0,Heavy,0,Low,1,2,1,1
6365,C,Ship,221,3,low,F,3,4076,2,4,0,Heavy,0,Low,2,2,0,0
6366,F,Ship,225,6,low,M,8,5714,6,1,1,Heavy,0,Low,4,2,0,1
6367,D,Ship,227,3,high,M,9,4892,3,5,1,Heavy,0,Low,3,2,2,1
6368,F,Ship,266,3,low,M,5,5154,3,1,0,Heavy,1,Low,4,2,0,1
6369,A,Ship,247,4,high,F,9,4588,4,2,1,Heavy,0,Low,0,2,2,0
6370,B,Ship,154,3,medium,M,1,5322,3,2,1,Heavy,0,Low,1,2,1,1
6371,C,Ship,179,3,low,F,3,4131,5,3,0,Heavy,0,Low,2,2,0,0
6372,F,Ship,249,2,medium,M,9,4034,3,3,1,Heavy,0,Low,4,2,1,1
6373,D,Ship,156,4,low,M,5,4661,3,5,1,Heavy,0,Low,3,2,0,1
6374,F,Ship,206,3,low,F,6,4620,3,5,1,Heavy,0,Low,4,2,0,0
6375,A,Ship,245,3,medium,F,5,4173,4,1,0,Heavy,0,Low,0,2,1,0
6376,B,Ship,197,2,low,M,3,4379,4,5,1,Heavy,0,Low,1,2,0,1
6377,C,Ship,188,4,medium,M,5,5216,3,4,1,Heavy,0,Low,2,2,1,1
6378,F,Ship,237,2,low,F,2,4263,3,3,1,Heavy,0,Low,4,2,0,0
6379,D,Ship,174,2,medium,F,2,5892,4,4,0,Heavy,0,Low,3,2,1,0
6380,F,Ship,266,3,low,M,4,4969,5,3,1,Heavy,1,Low,4,2,0,1
6381,A,Ship,151,3,low,M,7,4611,3,3,0,Heavy,0,Low,0,2,0,1
6382,B,Ship,271,2,medium,M,9,4967,4,3,1,Heavy,1,Low,1,2,1,1
6383,C,Ship,214,2,low,F,10,4447,4,1,0,Heavy,0,Low,2,2,0,0
6384,F,Ship,261,5,low,M,1,5442,6,5,0,Heavy,1,Low,4,2,0,1
6385,D,Ship,166,2,high,F,6,5905,3,1,1,Heavy,0,Low,3,2,2,0
6386,F,Ship,269,2,low,F,8,5294,3,4,1,Heavy,1,Low,4,2,0,0
6387,A,Ship,167,3,medium,M,5,5995,3,2,1,Heavy,0,Low,0,2,1,1
6388,B,Ship,200,2,medium,F,5,5249,4,1,0,Heavy,0,Low,1,2,1,0
6389,C,Ship,159,3,low,F,1,4194,4,4,1,Heavy,0,Low,2,2,0,0
6390,F,Ship,197,2,low,F,1,4977,4,2,0,Heavy,0,Low,4,2,0,0
6391,D,Ship,219,2,high,M,4,4069,4,5,1,Heavy,0,Low,3,2,2,1
6392,F,Ship,239,3,low,F,10,4486,3,2,0,Heavy,0,Low,4,2,0,0
6393,A,Ship,146,2,medium,F,8,5375,3,1,0,Heavy,0,Low,0,2,1,0
6394,B,Ship,173,2,low,F,4,4242,5,1,1,Heavy,0,Low,1,2,0,0
6395,C,Ship,220,3,low,F,6,4894,4,3,1,Heavy,0,Low,2,2,0,0
6396,F,Ship,185,3,medium,M,5,4317,3,5,1,Heavy,0,Low,4,2,1,1
6397,D,Ship,170,2,medium,M,5,4996,4,2,1,Heavy,0,Low,3,2,1,1
6398,F,Ship,250,3,high,F,4,5272,4,3,1,Heavy,0,Low,4,2,2,0
6399,A,Ship,145,3,low,F,7,4079,3,4,1,Heavy,0,Low,0,2,0,0
6400,B,Ship,211,4,high,M,1,5831,3,2,1,Heavy,0,Low,1,2,2,1
6401,C,Ship,249,3,low,M,1,4274,5,5,0,Heavy,0,Low,2,2,0,1
6402,F,Ship,237,2,medium,M,8,5516,3,3,0,Heavy,0,Low,4,2,1,1
6403,D,Ship,144,2,medium,M,8,5478,4,5,0,Heavy,0,Low,3,2,1,1
6404,F,Ship,171,3,low,M,6,4343,4,4,1,Heavy,0,Low,4,2,0,1
6405,A,Ship,203,3,medium,F,4,4965,3,1,0,Heavy,0,Low,0,2,1,0
6406,B,Ship,137,4,high,F,1,4042,5,1,0,Heavy,0,Low,1,2,2,0
6407,C,Ship,212,3,medium,M,3,5427,4,2,1,Heavy,0,Low,2,2,1,1
6408,F,Ship,209,3,high,F,2,4036,3,3,1,Heavy,0,Low,4,2,2,0
6409,D,Ship,223,3,low,F,7,5336,3,4,1,Heavy,0,Low,3,2,0,0
6410,F,Ship,164,2,medium,F,7,4150,3,2,0,Heavy,0,Low,4,2,1,0
6411,A,Ship,220,3,high,F,6,5269,3,3,1,Heavy,0,Low,0,2,2,0
6412,B,Ship,216,3,medium,M,3,5651,3,4,0,Heavy,0,Low,1,2,1,1
6413,C,Road,215,2,medium,M,7,5988,3,2,1,Heavy,0,Low,2,1,1,1
6414,F,Road,146,3,low,F,4,5659,4,2,0,Heavy,0,Low,4,1,0,0
6415,D,Road,168,2,low,F,10,5225,5,2,1,Heavy,0,Low,3,1,0,0
6416,F,Road,218,6,medium,M,8,5101,4,4,1,Heavy,0,Low,4,1,1,1
6417,A,Road,143,4,medium,F,2,4919,4,3,0,Heavy,0,Low,0,1,1,0
6418,B,Road,233,3,medium,M,7,5331,3,1,0,Heavy,0,Low,1,1,1,1
6419,C,Road,195,3,low,M,2,4418,4,1,0,Heavy,0,Low,2,1,0,1
6420,F,Road,206,2,medium,M,5,4635,4,2,0,Heavy,0,Low,4,1,1,1
6421,D,Road,181,3,medium,M,1,5310,4,5,0,Heavy,0,Low,3,1,1,1
6422,F,Road,150,4,low,F,1,5922,4,2,1,Heavy,0,Low,4,1,0,0
6423,A,Road,258,4,low,F,3,4212,3,5,1,Heavy,1,Low,0,1,0,0
6424,B,Road,149,4,medium,M,1,4678,4,3,0,Heavy,0,Low,1,1,1,1
6425,C,Road,163,3,low,M,4,4200,5,1,0,Heavy,0,Low,2,1,0,1
6426,F,Road,259,2,high,M,8,4481,3,3,0,Heavy,1,Low,4,1,2,1
6427,D,Road,187,2,low,F,7,4792,5,1,0,Heavy,0,Low,3,1,0,0
6428,F,Road,172,3,medium,M,1,5024,3,5,1,Heavy,0,Low,4,1,1,1
6429,A,Road,139,2,low,M,2,5839,3,5,0,Heavy,0,Low,0,1,0,1
6430,B,Road,203,3,low,F,2,4162,5,1,1,Heavy,0,Low,1,1,0,0
6431,C,Road,150,4,medium,F,1,4662,3,3,0,Heavy,0,Low,2,1,1,0
6432,F,Road,201,6,medium,M,10,5077,3,1,1,Heavy,0,Low,4,1,1,1
6433,D,Road,194,2,medium,M,7,5553,3,4,0,Heavy,0,Low,3,1,1,1
6434,F,Road,159,3,high,M,4,4756,3,4,1,Heavy,0,Low,4,1,2,1
6435,A,Flight,238,2,medium,F,9,4937,4,2,0,Heavy,0,Low,0,0,1,0
6436,B,Flight,189,2,low,M,8,4567,3,5,0,Heavy,0,Low,1,0,0,1
6437,C,Flight,173,2,high,M,1,4135,2,1,1,Heavy,0,Low,2,0,2,1
6438,F,Flight,171,4,medium,M,2,5082,4,1,0,Heavy,0,Low,4,0,1,1
6439,D,Flight,154,2,low,M,3,5440,5,3,1,Heavy,0,Low,3,0,0,1
6440,F,Flight,173,3,low,F,4,4634,4,1,0,Heavy,0,Low,4,0,0,0
6441,A,Flight,186,6,low,F,8,4134,3,4,0,Heavy,0,Low,0,0,0,0
6442,B,Flight,224,3,low,M,9,5546,4,1,1,Heavy,0,Low,1,0,0,1
6443,C,Flight,186,3,medium,F,9,5131,4,3,1,Heavy,0,Low,2,0,1,0
6444,F,Flight,196,3,low,M,5,5514,4,4,0,Heavy,0,Low,4,0,0,1
6445,D,Flight,149,3,low,F,4,4819,2,2,1,Heavy,0,Low,3,0,0,0
6446,F,Flight,224,2,medium,M,8,5961,4,3,1,Heavy,0,Low,4,0,1,1
6447,A,Flight,154,2,low,F,10,5594,3,1,1,Heavy,0,Low,0,0,0,0
6448,B,Flight,170,4,low,M,3,4049,3,3,0,Heavy,0,Low,1,0,0,1
6449,C,Flight,150,2,low,F,6,5987,3,4,0,Heavy,0,Low,2,0,0,0
6450,F,Flight,240,3,low,M,7,4744,5,2,1,Heavy,0,Low,4,0,0,1
6451,D,Flight,139,2,medium,F,4,5958,3,3,1,Heavy,0,Low,3,0,1,0
6452,F,Flight,251,3,medium,M,2,5972,3,3,0,Heavy,1,Low,4,0,1,1
6453,A,Flight,237,3,medium,M,4,4747,4,4,1,Heavy,0,Low,0,0,1,1
6454,B,Flight,227,3,low,F,4,4450,3,2,0,Heavy,0,Low,1,0,0,0
6455,C,Flight,131,5,low,F,1,5299,5,5,1,Heavy,0,Low,2,0,0,0
6456,F,Flight,161,3,low,M,8,5804,5,2,1,Heavy,0,Low,4,0,0,1
6457,D,Ship,195,3,medium,F,9,4224,3,5,0,Heavy,0,Low,3,2,1,0
6458,F,Ship,266,2,low,M,1,5356,2,3,0,Heavy,1,Low,4,2,0,1
6459,A,Ship,198,2,low,M,9,4250,3,2,1,Heavy,0,Low,0,2,0,1
6460,B,Ship,200,4,low,F,10,4291,4,3,1,Heavy,0,Low,1,2,0,0
6461,C,Ship,196,4,medium,F,2,5844,6,1,0,Heavy,0,Low,2,2,1,0
6462,F,Ship,285,5,low,M,4,5759,2,1,0,Heavy,1,Low,4,2,0,1
6463,D,Ship,265,2,low,M,2,5649,4,2,0,Heavy,1,Low,3,2,0,1
6464,F,Ship,131,5,low,F,8,5084,3,2,0,Heavy,0,Low,4,2,0,0
6465,A,Ship,216,3,medium,F,2,5404,5,4,1,Heavy,0,Low,0,2,1,0
6466,B,Ship,253,4,low,F,1,5621,4,1,0,Heavy,1,Low,1,2,0,0
6467,C,Ship,230,4,medium,M,4,5278,5,3,1,Heavy,0,Low,2,2,1,1
6468,F,Ship,173,4,medium,F,1,4684,4,1,0,Heavy,0,Low,4,2,1,0
6469,D,Ship,206,2,low,F,4,4080,3,5,0,Heavy,0,Low,3,2,0,0
6470,F,Ship,189,5,low,M,7,4869,5,3,0,Heavy,0,Low,4,2,0,1
6471,A,Ship,270,3,high,M,1,4078,3,5,1,Heavy,1,Low,0,2,2,1
6472,B,Ship,266,3,low,M,3,5531,4,4,1,Heavy,1,Low,1,2,0,1
6473,C,Ship,270,3,medium,M,7,5477,3,5,1,Heavy,1,Low,2,2,1,1
6474,F,Ship,216,8,medium,F,8,4616,3,4,0,Heavy,0,Low,4,2,1,0
6475,D,Ship,147,8,medium,M,6,4575,3,1,0,Heavy,0,Low,3,2,1,1
6476,F,Ship,270,6,medium,F,10,4725,3,2,1,Heavy,1,Low,4,2,1,0
6477,A,Ship,261,8,low,F,3,5171,3,2,0,Heavy,1,Low,0,2,0,0
6478,B,Ship,261,8,medium,M,3,4007,3,3,1,Heavy,1,Low,1,2,1,1
6479,C,Ship,177,6,low,F,3,4392,4,2,1,Heavy,0,Low,2,2,0,0
6480,F,Ship,142,10,high,F,7,4624,4,4,0,Heavy,0,Low,4,2,2,0
6481,D,Ship,222,3,medium,F,10,4663,5,4,0,Heavy,0,Low,3,2,1,0
6482,F,Ship,186,7,medium,M,9,5418,4,4,0,Heavy,0,Low,4,2,1,1
6483,A,Ship,177,3,medium,M,8,5006,3,2,1,Heavy,0,Low,0,2,1,1
6484,B,Ship,251,4,low,M,3,4433,4,1,0,Heavy,1,Low,1,2,0,1
6485,C,Ship,240,7,medium,F,9,5525,3,5,1,Heavy,0,Low,2,2,1,0
6486,F,Ship,260,4,medium,M,10,5425,3,4,0,Heavy,1,Low,4,2,1,1
6487,D,Ship,206,7,high,M,3,4991,4,2,0,Heavy,0,Low,3,2,2,1
6488,F,Ship,242,2,low,M,3,4811,4,3,1,Heavy,0,Low,4,2,0,1
6489,A,Ship,194,3,low,F,1,5566,3,1,0,Heavy,0,Low,0,2,0,0
6490,B,Ship,232,3,low,F,10,1014,5,1,1,Light,0,Low,1,2,0,0
6491,C,Ship,279,4,low,F,10,1990,6,2,1,Light,1,Low,2,2,0,0
6492,F,Ship,251,4,low,F,10,1568,6,4,1,Light,1,Low,4,2,0,0
6493,D,Ship,300,5,low,F,10,1787,6,1,0,Light,1,Low,3,2,0,0
6494,F,Ship,133,5,low,F,4,1783,7,3,1,Light,0,Low,4,2,0,0
6495,A,Ship,283,4,low,M,8,1404,6,1,0,Light,1,Low,0,2,0,1
6496,B,Ship,296,4,low,F,8,1717,7,4,1,Light,1,Low,1,2,0,0
6497,C,Ship,261,4,medium,M,8,1891,6,2,0,Light,1,Low,2,2,1,1
6498,F,Ship,286,4,low,F,3,1959,6,2,0,Light,1,Low,4,2,0,0
6499,D,Ship,298,4,low,F,1,1735,6,1,1,Light,1,Low,3,2,0,0
6500,F,Ship,287,4,medium,F,1,1581,6,1,0,Light,1,Low,4,2,1,0
6501,A,Ship,251,4,medium,F,3,1660,6,5,0,Light,1,Low,0,2,1,0
6502,B,Ship,231,5,low,F,4,1913,5,2,1,Light,0,Low,1,2,0,0
6503,C,Ship,249,5,medium,M,10,1561,5,1,0,Light,0,Low,2,2,1,1
6504,F,Ship,244,5,low,M,10,1699,5,2,0,Light,0,Low,4,2,0,1
6505,D,Ship,264,4,medium,F,9,1829,7,1,1,Light,1,Low,3,2,1,0
6506,F,Ship,254,5,medium,M,10,1020,5,1,0,Light,1,Low,4,2,1,1
6507,A,Ship,264,6,low,F,6,1758,4,4,0,Light,1,Low,0,2,0,0
6508,B,Ship,309,4,low,M,9,1771,6,4,1,Light,1,Low,1,2,0,1
6509,C,Ship,298,4,low,F,4,1853,5,1,0,Light,1,Low,2,2,0,0
6510,F,Ship,265,5,medium,M,1,1568,5,5,0,Light,1,Low,4,2,1,1
6511,D,Ship,246,4,medium,M,7,1071,6,2,0,Light,0,Low,3,2,1,1
6512,F,Ship,222,5,low,F,5,1329,5,2,0,Light,0,Low,4,2,0,0
6513,A,Ship,250,4,low,M,1,1690,7,5,1,Light,0,Low,0,2,0,1
6514,B,Ship,240,5,medium,M,7,1711,4,2,1,Light,0,Low,1,2,1,1
6515,C,Ship,246,6,low,F,6,1335,4,1,1,Light,0,Low,2,2,0,0
6516,F,Ship,293,5,medium,F,4,1281,6,2,0,Light,1,Low,4,2,1,0
6517,D,Ship,189,5,low,M,3,5254,5,5,1,Heavy,0,Low,3,2,0,1
6518,F,Ship,270,3,high,F,7,4459,3,5,1,Heavy,1,Low,4,2,2,0
6519,A,Ship,266,3,low,M,10,5221,4,4,0,Heavy,1,Low,0,2,0,1
6520,B,Ship,270,3,medium,M,9,5873,3,2,1,Heavy,1,Low,1,2,1,1
6521,C,Ship,216,8,medium,M,4,5329,3,3,1,Heavy,0,Low,2,2,1,1
6522,F,Ship,147,8,medium,F,7,5822,3,3,0,Heavy,0,Low,4,2,1,0
6523,D,Ship,270,6,medium,F,9,4195,3,5,0,Heavy,1,Low,3,2,1,0
6524,F,Ship,261,8,low,M,10,4145,3,3,0,Heavy,1,Low,4,2,0,1
6525,A,Ship,261,8,medium,F,9,5248,3,1,1,Heavy,1,Low,0,2,1,0
6526,B,Ship,177,6,low,M,6,5451,4,4,1,Heavy,0,Low,1,2,0,1
6527,C,Ship,142,10,high,F,9,4280,4,2,1,Heavy,0,Low,2,2,2,0
6528,F,Ship,222,3,medium,F,10,4597,5,3,0,Heavy,0,Low,4,2,1,0
6529,D,Ship,186,7,medium,F,1,4357,4,5,0,Heavy,0,Low,3,2,1,0
6530,F,Ship,177,3,medium,M,10,5374,3,3,1,Heavy,0,Low,4,2,1,1
6531,A,Ship,251,4,low,F,1,4252,4,4,0,Heavy,1,Low,0,2,0,0
6532,B,Ship,240,7,medium,M,3,4385,3,3,0,Heavy,0,Low,1,2,1,1
6533,C,Ship,260,4,medium,F,8,4162,3,5,1,Heavy,1,Low,2,2,1,0
6534,F,Ship,206,7,high,M,7,5479,4,2,1,Heavy,0,Low,4,2,2,1
6535,D,Ship,242,2,low,M,4,5341,4,5,0,Heavy,0,Low,3,2,0,1
6536,F,Ship,194,3,low,F,3,5779,3,2,1,Heavy,0,Low,4,2,0,0
6537,A,Ship,232,3,low,F,1,1187,5,2,1,Light,0,Low,0,2,0,0
6538,B,Ship,279,4,low,F,1,1246,6,4,1,Light,1,Low,1,2,0,0
6539,C,Ship,251,4,low,M,1,1230,6,3,1,Light,1,Low,2,2,0,1
6540,F,Ship,300,5,low,M,3,1696,6,2,0,Light,1,Low,4,2,0,1
6541,D,Ship,133,5,low,F,7,1239,7,5,1,Light,0,Low,3,2,0,0
6542,F,Ship,283,4,low,F,10,1512,6,4,0,Light,1,Low,4,2,0,0
6543,A,Ship,296,4,low,F,2,1823,7,5,1,Light,1,Low,0,2,0,0
6544,B,Ship,261,4,medium,F,8,1524,6,1,0,Light,1,Low,1,2,1,0
6545,C,Ship,286,4,low,M,5,1750,6,3,1,Light,1,Low,2,2,0,1
6546,F,Ship,298,4,low,M,3,1520,6,5,0,Light,1,Low,4,2,0,1
6547,D,Ship,287,4,medium,F,8,1850,6,3,1,Light,1,Low,3,2,1,0
6548,F,Ship,251,4,medium,F,6,1864,6,2,0,Light,1,Low,4,2,1,0
6549,A,Ship,231,5,low,M,10,1247,5,4,0,Light,0,Low,0,2,0,1
6550,B,Road,249,5,medium,F,1,1654,5,1,1,Light,0,Low,1,1,1,0
6551,C,Road,244,5,low,M,5,1787,5,5,0,Light,0,Low,2,1,0,1
6552,F,Road,264,4,medium,M,3,1296,7,3,0,Light,1,Low,4,1,1,1
6553,D,Road,254,5,medium,M,7,1545,5,4,0,Light,1,Low,3,1,1,1
6554,F,Road,264,6,low,M,7,1007,4,1,0,Light,1,Low,4,1,0,1
6555,A,Road,309,4,low,F,6,1335,6,2,0,Light,1,Low,0,1,0,0
6556,B,Road,298,4,low,M,4,1551,5,1,0,Light,1,Low,1,1,0,1
6557,C,Road,265,5,medium,F,6,1929,5,3,0,Light,1,Low,2,1,1,0
6558,F,Road,246,4,medium,F,7,1297,6,2,1,Light,0,Low,4,1,1,0
6559,D,Road,222,5,low,F,4,1311,5,5,0,Light,0,Low,3,1,0,0
6560,F,Road,250,4,low,M,9,1890,7,1,1,Light,0,Low,4,1,0,1
6561,A,Road,269,4,low,F,2,1243,6,5,0,Light,1,Low,0,1,0,0
6562,B,Road,161,4,low,F,9,1377,6,2,0,Light,0,Low,1,1,0,0
6563,C,Road,256,5,low,F,5,1533,4,3,1,Light,1,Low,2,1,0,0
6564,F,Road,303,5,medium,F,4,1009,5,1,0,Light,1,Low,4,1,1,0
6565,D,Road,257,5,medium,F,3,1953,5,3,0,Light,1,Low,3,1,1,0
6566,F,Road,259,5,low,F,3,1724,5,2,1,Light,1,Low,4,1,0,0
6567,A,Road,249,6,low,F,1,1398,4,4,1,Light,0,Low,0,1,0,0
6568,B,Road,289,4,high,F,3,1116,6,2,0,Light,1,Low,1,1,2,0
6569,C,Road,308,5,medium,F,6,1118,6,2,0,Light,1,Low,2,1,1,0
6570,F,Road,297,4,medium,F,2,1520,6,3,1,Light,1,Low,4,1,1,0
6571,D,Road,255,5,low,M,1,1353,4,2,1,Light,1,Low,3,1,0,1
6572,F,Flight,266,4,low,M,9,1253,6,4,1,Light,1,Low,4,0,0,1
6573,A,Flight,302,4,low,M,3,1597,7,5,1,Light,1,Low,0,0,0,1
6574,B,Flight,223,5,medium,M,4,1344,4,4,0,Light,0,Low,1,0,1,1
6575,C,Flight,261,4,low,F,6,1703,6,1,1,Light,1,Low,2,0,0,0
6576,F,Flight,273,5,low,F,7,1922,4,1,0,Light,1,Low,4,0,0,0
6577,D,Flight,260,4,low,F,2,1221,6,5,0,Light,1,Low,3,0,0,0
6578,F,Flight,266,5,low,F,9,1852,5,1,0,Light,1,Low,4,0,0,0
6579,A,Flight,164,5,low,F,8,1886,2,1,0,Light,0,Low,0,0,0,0
6580,B,Flight,240,6,medium,F,9,1117,5,5,0,Light,0,Low,1,0,1,0
6581,C,Flight,305,4,medium,M,10,1418,6,5,1,Light,1,Low,2,0,1,1
6582,F,Flight,248,5,low,F,7,1475,5,3,1,Light,0,Low,4,0,0,0
6583,D,Flight,279,4,medium,F,1,1480,7,2,0,Light,1,Low,3,0,1,0
6584,F,Flight,244,6,low,F,7,1315,5,2,0,Light,0,Low,4,0,0,0
6585,A,Flight,267,5,low,F,4,1097,5,1,0,Light,1,Low,0,0,0,0
6586,B,Flight,275,4,medium,F,6,1513,7,2,0,Light,1,Low,1,0,1,0
6587,C,Flight,299,4,medium,M,9,1036,6,4,1,Light,1,Low,2,0,1,1
6588,F,Flight,254,4,medium,F,3,1488,6,1,1,Light,1,Low,4,0,1,0
6589,D,Flight,273,4,medium,F,6,1524,6,1,0,Light,1,Low,3,0,1,0
6590,F,Flight,218,5,low,F,6,1278,5,3,1,Light,0,Low,4,0,0,0
6591,A,Flight,267,5,medium,F,10,1837,5,4,1,Light,1,Low,0,0,1,0
6592,B,Flight,259,4,medium,M,6,1066,6,2,1,Light,1,Low,1,0,1,1
6593,C,Flight,272,4,low,M,3,1805,7,4,0,Light,1,Low,2,0,0,1
6594,F,Ship,281,4,medium,M,8,1220,5,4,0,Light,1,Low,4,2,1,1
6595,D,Ship,267,4,medium,F,1,1935,6,2,0,Light,1,Low,3,2,1,0
6596,F,Ship,260,4,medium,F,10,1927,6,4,0,Light,1,Low,4,2,1,0
6597,A,Ship,261,4,medium,M,9,1918,7,2,1,Light,1,Low,0,2,1,1
6598,B,Ship,219,2,medium,F,2,1752,4,1,0,Light,0,Low,1,2,1,0
6599,C,Ship,264,5,medium,M,3,1639,4,3,0,Light,1,Low,2,2,1,1
6600,F,Ship,310,5,low,F,5,1563,7,3,0,Light,1,Low,4,2,0,0
6601,D,Ship,297,5,high,M,6,1631,6,4,0,Light,1,Low,3,2,2,1
6602,F,Ship,274,5,low,M,5,1512,4,3,0,Light,1,Low,4,2,0,1
6603,A,Ship,246,5,medium,M,6,1053,5,5,0,Light,0,Low,0,2,1,1
6604,B,Ship,221,6,medium,F,3,1960,5,3,1,Light,0,Low,1,2,1,0
6605,C,Ship,295,4,low,F,10,1495,6,3,0,Light,1,Low,2,2,0,0
6606,F,Ship,259,4,low,M,6,1697,7,4,0,Light,1,Low,4,2,0,1
6607,D,Ship,138,3,medium,F,7,1597,4,4,1,Light,0,Low,3,2,1,0
6608,F,Ship,250,2,low,F,9,1205,3,5,0,Light,0,Low,4,2,0,0
6609,A,Ship,236,6,medium,F,4,1705,5,1,0,Light,0,Low,0,2,1,0
6610,B,Ship,267,5,medium,M,10,1505,5,1,0,Light,1,Low,1,2,1,1
6611,C,Ship,283,4,medium,M,1,1384,6,4,1,Light,1,Low,2,2,1,1
6612,F,Ship,244,4,low,M,8,1817,7,1,1,Light,0,Low,4,2,0,1
6613,D,Ship,260,5,low,M,9,1809,5,2,1,Light,1,Low,3,2,0,1
6614,F,Ship,276,5,medium,M,5,1358,5,1,1,Light,1,Low,4,2,1,1
6615,A,Ship,307,4,low,M,4,1653,7,3,0,Light,1,Low,0,2,0,1
6616,B,Ship,266,4,low,M,8,1709,6,5,0,Light,1,Low,1,2,0,1
6617,C,Ship,237,5,medium,M,6,1084,5,2,0,Light,0,Low,2,2,1,1
6618,F,Ship,251,6,medium,M,4,1869,4,4,0,Light,1,Low,4,2,1,1
6619,D,Ship,247,6,low,M,4,1349,4,1,1,Light,0,Low,3,2,0,1
6620,F,Ship,279,4,low,M,3,4620,3,3,0,Heavy,1,Low,4,2,0,1
6621,A,Ship,230,3,low,F,10,5163,5,5,0,Heavy,0,Low,0,2,0,0
6622,B,Ship,234,3,low,F,4,5100,4,5,1,Heavy,0,Low,1,2,0,0
6623,C,Ship,152,4,medium,F,8,5351,6,5,0,Heavy,0,Low,2,2,1,0
6624,F,Ship,160,4,medium,M,9,4733,3,4,1,Heavy,0,Low,4,2,1,1
6625,D,Ship,263,3,low,F,3,5303,3,2,0,Heavy,1,Low,3,2,0,0
6626,F,Ship,164,3,low,M,4,5910,4,1,0,Heavy,0,Low,4,2,0,1
6627,A,Ship,209,2,medium,M,1,5098,3,3,1,Heavy,0,Low,0,2,1,1
6628,B,Ship,245,3,low,F,9,4694,5,1,0,Heavy,0,Low,1,2,0,0
6629,C,Ship,172,2,low,M,5,5919,3,4,0,Heavy,0,Low,2,2,0,1
6630,F,Ship,180,6,medium,F,7,4907,2,5,1,Heavy,0,Low,4,2,1,0
6631,D,Ship,145,3,medium,F,8,4522,3,3,0,Heavy,0,Low,3,2,1,0
6632,F,Ship,248,3,medium,F,6,4932,3,4,0,Heavy,0,Low,4,2,1,0
6633,A,Ship,242,3,high,F,4,4805,5,4,0,Heavy,0,Low,0,2,2,0
6634,B,Ship,237,3,medium,F,8,5045,4,3,1,Heavy,0,Low,1,2,1,0
6635,C,Ship,203,2,low,F,4,4793,4,4,0,Heavy,0,Low,2,2,0,0
6636,F,Ship,186,4,low,M,6,4403,3,4,0,Heavy,0,Low,4,2,0,1
6637,D,Ship,155,5,low,F,1,5986,4,1,0,Heavy,0,Low,3,2,0,0
6638,F,Ship,153,4,low,M,5,5604,3,4,1,Heavy,0,Low,4,2,0,1
6639,A,Ship,199,2,medium,M,10,4659,3,2,0,Heavy,0,Low,0,2,1,1
6640,B,Ship,219,3,medium,M,8,4605,4,5,0,Heavy,0,Low,1,2,1,1
6641,C,Ship,156,2,low,M,8,5488,4,1,0,Heavy,0,Low,2,2,0,1
6642,F,Ship,135,2,low,F,1,4324,5,5,1,Heavy,0,Low,4,2,0,0
6643,D,Ship,244,3,medium,M,2,5389,3,4,0,Heavy,0,Low,3,2,1,1
6644,F,Ship,183,3,low,F,10,5023,5,1,0,Heavy,0,Low,4,2,0,0
6645,A,Ship,258,2,low,F,3,4555,4,3,0,Heavy,1,Low,0,2,0,0
6646,B,Ship,168,2,low,M,3,5853,6,2,0,Heavy,0,Low,1,2,0,1
6647,C,Ship,161,2,medium,F,10,4108,5,1,1,Heavy,0,Low,2,2,1,0
6648,F,Ship,246,2,low,M,2,4497,4,2,1,Heavy,0,Low,4,2,0,1
6649,D,Ship,232,4,medium,M,3,5828,3,3,0,Heavy,0,Low,3,2,1,1
6650,F,Ship,155,2,medium,F,5,5577,3,3,0,Heavy,0,Low,4,2,1,0
6651,A,Ship,162,2,medium,M,6,5868,5,5,0,Heavy,0,Low,0,2,1,1
6652,B,Ship,123,4,medium,M,6,4166,4,3,0,Heavy,0,Low,1,2,1,1
6653,C,Ship,235,2,low,F,10,4575,3,4,0,Heavy,0,Low,2,2,0,0
6654,F,Ship,179,2,low,F,3,5417,5,1,0,Heavy,0,Low,4,2,0,0
6655,D,Ship,202,2,medium,M,3,5746,3,5,1,Heavy,0,Low,3,2,1,1
6656,F,Ship,272,2,medium,F,1,5378,4,5,0,Heavy,1,Low,4,2,1,0
6657,A,Ship,185,3,medium,M,1,5338,4,2,0,Heavy,0,Low,0,2,1,1
6658,B,Ship,188,2,medium,F,2,4336,3,3,0,Heavy,0,Low,1,2,1,0
6659,C,Ship,250,4,low,F,3,5449,3,2,1,Heavy,0,Low,2,2,0,0
6660,F,Ship,224,4,low,M,7,4553,5,3,0,Heavy,0,Low,4,2,0,1
6661,D,Ship,261,3,low,F,10,5943,4,1,0,Heavy,1,Low,3,2,0,0
6662,F,Ship,200,2,medium,M,8,4337,3,1,0,Heavy,0,Low,4,2,1,1
6663,A,Ship,200,4,medium,M,3,5837,4,1,0,Heavy,0,Low,0,2,1,1
6664,B,Ship,143,3,low,M,4,4512,2,1,0,Heavy,0,Low,1,2,0,1
6665,C,Ship,199,3,low,M,7,5089,3,4,0,Heavy,0,Low,2,2,0,1
6666,F,Ship,157,3,medium,M,2,5791,4,5,1,Heavy,0,Low,4,2,1,1
6667,D,Ship,225,3,high,M,5,4304,3,2,1,Heavy,0,Low,3,2,2,1
6668,F,Ship,152,2,medium,M,3,4193,3,3,1,Heavy,0,Low,4,2,1,1
6669,A,Ship,236,2,medium,F,6,5101,4,4,1,Heavy,0,Low,0,2,1,0
6670,B,Ship,266,5,low,M,1,5459,3,1,0,Heavy,1,Low,1,2,0,1
6671,C,Ship,243,4,medium,M,4,4410,3,2,1,Heavy,0,Low,2,2,1,1
6672,F,Ship,224,6,high,F,5,5659,4,5,1,Heavy,0,Low,4,2,2,0
6673,D,Ship,153,4,low,F,10,5897,3,5,0,Heavy,0,Low,3,2,0,0
6674,F,Ship,232,3,medium,F,7,5737,4,2,1,Heavy,0,Low,4,2,1,0
6675,A,Ship,253,3,medium,M,5,4754,3,3,1,Heavy,1,Low,0,2,1,1
6676,B,Ship,150,3,low,M,5,5328,3,3,0,Heavy,0,Low,1,2,0,1
6677,C,Ship,198,2,low,M,5,5724,4,3,1,Heavy,0,Low,2,2,0,1
6678,F,Ship,231,3,low,M,9,4305,4,4,1,Heavy,0,Low,4,2,0,1
6679,D,Ship,135,2,medium,F,9,5614,3,5,1,Heavy,0,Low,3,2,1,0
6680,F,Ship,153,3,low,M,5,4711,5,4,1,Heavy,0,Low,4,2,0,1
6681,A,Ship,201,2,low,M,3,4869,4,2,1,Heavy,0,Low,0,2,0,1
6682,B,Ship,273,2,medium,M,6,5676,4,4,1,Heavy,1,Low,1,2,1,1
6683,C,Ship,245,3,high,M,4,4298,5,4,0,Heavy,0,Low,2,2,2,1
6684,F,Ship,157,2,low,M,9,4491,4,4,1,Heavy,0,Low,4,2,0,1
6685,D,Ship,150,2,high,F,8,4965,4,3,1,Heavy,0,Low,3,2,2,0
6686,F,Ship,243,2,low,M,3,4675,3,3,1,Heavy,0,Low,4,2,0,1
6687,A,Road,105,5,high,M,4,5824,4,5,1,Heavy,0,Low,0,1,2,1
6688,B,Road,221,5,low,M,6,5059,5,4,0,Heavy,0,Low,1,1,0,1
6689,C,Road,236,6,medium,F,10,4858,3,1,0,Heavy,0,Low,2,1,1,0
6690,F,Road,263,3,medium,M,5,4193,4,4,0,Heavy,1,Low,4,1,1,1
6691,D,Road,213,2,low,M,10,5495,3,3,0,Heavy,0,Low,3,1,0,1
6692,F,Road,259,3,low,F,3,5683,6,1,0,Heavy,1,Low,4,1,0,0
6693,A,Road,190,3,medium,M,7,4766,4,2,0,Heavy,0,Low,0,1,1,1
6694,B,Road,213,4,medium,M,9,5550,3,5,1,Heavy,0,Low,1,1,1,1
6695,C,Road,261,4,medium,F,5,4623,5,3,1,Heavy,1,Low,2,1,1,0
6696,F,Road,254,3,medium,M,5,4946,3,5,0,Heavy,1,Low,4,1,1,1
6697,D,Road,151,4,medium,F,1,4587,3,4,1,Heavy,0,Low,3,1,1,0
6698,F,Road,187,4,medium,F,9,5657,5,1,1,Heavy,0,Low,4,1,1,0
6699,A,Road,139,2,medium,F,1,4606,4,5,0,Heavy,0,Low,0,1,1,0
6700,B,Road,173,2,high,F,10,4741,5,2,0,Heavy,0,Low,1,1,2,0
6701,C,Road,136,3,low,M,10,5175,3,3,0,Heavy,0,Low,2,1,0,1
6702,F,Road,272,4,high,M,1,5597,4,1,0,Heavy,1,Low,4,1,2,1
6703,D,Road,116,3,low,M,6,4649,6,4,0,Heavy,0,Low,3,1,0,1
6704,F,Road,181,3,low,M,10,4212,4,2,1,Heavy,0,Low,4,1,0,1
6705,A,Road,230,3,medium,M,4,4914,5,3,1,Heavy,0,Low,0,1,1,1
6706,B,Road,127,3,medium,F,3,5964,2,5,0,Heavy,0,Low,1,1,1,0
6707,C,Road,182,3,low,M,2,5760,3,1,0,Heavy,0,Low,2,1,0,1
6708,F,Road,186,2,medium,F,7,4556,3,1,0,Heavy,0,Low,4,1,1,0
6709,D,Flight,271,4,low,M,3,4610,5,1,1,Heavy,1,Low,3,0,0,1
6710,F,Flight,171,2,medium,F,1,5385,5,3,1,Heavy,0,Low,4,0,1,0
6711,A,Flight,238,2,medium,F,2,5328,4,3,0,Heavy,0,Low,0,0,1,0
6712,B,Flight,184,3,low,M,8,4453,4,4,1,Heavy,0,Low,1,0,0,1
6713,C,Flight,214,2,low,F,8,4767,5,2,0,Heavy,0,Low,2,0,0,0
6714,F,Flight,279,6,medium,M,5,4898,4,4,1,Heavy,1,Low,4,0,1,1
6715,D,Flight,168,4,low,F,1,4184,3,2,1,Heavy,0,Low,3,0,0,0
6716,F,Flight,221,5,medium,M,8,4511,6,4,1,Heavy,0,Low,4,0,1,1
6717,A,Flight,260,3,medium,M,7,5379,3,5,1,Heavy,1,Low,0,0,1,1
6718,B,Flight,204,3,medium,M,2,5010,4,3,0,Heavy,0,Low,1,0,1,1
6719,C,Flight,142,3,medium,F,6,4918,4,2,0,Heavy,0,Low,2,0,1,0
6720,F,Flight,178,3,medium,M,3,5669,4,3,0,Heavy,0,Low,4,0,1,1
6721,D,Flight,203,3,medium,M,6,4234,2,1,0,Heavy,0,Low,3,0,1,1
6722,F,Flight,180,4,medium,M,9,4329,4,2,0,Heavy,0,Low,4,0,1,1
6723,A,Flight,193,3,medium,F,3,4596,4,4,0,Heavy,0,Low,0,0,1,0
6724,B,Flight,99,2,high,F,4,4259,5,4,0,Heavy,0,Low,1,0,2,0
6725,C,Flight,250,3,low,M,1,4347,3,1,0,Heavy,0,Low,2,0,0,1
6726,F,Flight,152,3,medium,F,3,4250,4,1,1,Heavy,0,Low,4,0,1,0
6727,D,Flight,265,2,low,F,10,5418,4,1,1,Heavy,1,Low,3,0,0,0
6728,F,Flight,226,2,medium,M,2,4566,2,3,0,Heavy,0,Low,4,0,1,1
6729,A,Flight,234,3,low,M,3,4405,3,3,0,Heavy,0,Low,0,0,0,1
6730,B,Flight,225,2,high,F,4,4732,4,3,0,Heavy,0,Low,1,0,2,0
6731,C,Ship,161,2,medium,M,9,4623,3,5,0,Heavy,0,Low,2,2,1,1
6732,F,Ship,246,3,medium,F,10,5110,5,2,0,Heavy,0,Low,4,2,1,0
6733,D,Ship,162,3,medium,F,10,4850,4,5,1,Heavy,0,Low,3,2,1,0
6734,F,Ship,135,3,medium,M,2,5016,4,4,0,Heavy,0,Low,4,2,1,1
6735,A,Ship,201,2,low,F,10,4875,4,3,0,Heavy,0,Low,0,2,0,0
6736,B,Ship,235,6,low,M,1,5533,6,4,1,Heavy,0,Low,1,2,0,1
6737,C,Ship,214,2,low,F,10,5192,5,2,0,Heavy,0,Low,2,2,0,0
6738,F,Ship,245,5,medium,F,8,5678,6,3,1,Heavy,0,Low,4,2,1,0
6739,D,Ship,192,2,low,M,10,5564,5,5,0,Heavy,0,Low,3,2,0,1
6740,F,Ship,179,5,low,M,3,4333,5,5,1,Heavy,0,Low,4,2,0,1
6741,A,Ship,210,4,medium,M,9,5440,6,3,0,Heavy,0,Low,0,2,1,1
6742,B,Ship,209,2,medium,F,2,4635,3,2,0,Heavy,0,Low,1,2,1,0
6743,C,Ship,200,3,medium,M,7,4323,4,2,0,Heavy,0,Low,2,2,1,1
6744,F,Ship,165,5,medium,M,5,4871,6,3,0,Heavy,0,Low,4,2,1,1
6745,D,Ship,168,3,medium,M,7,4296,3,5,0,Heavy,0,Low,3,2,1,1
6746,F,Ship,203,2,low,F,10,5192,4,4,0,Heavy,0,Low,4,2,0,0
6747,A,Ship,202,3,medium,M,8,5416,4,5,0,Heavy,0,Low,0,2,1,1
6748,B,Ship,266,3,medium,F,2,5252,4,2,1,Heavy,1,Low,1,2,1,0
6749,C,Ship,248,6,low,F,2,5182,2,1,0,Heavy,0,Low,2,2,0,0
6750,F,Ship,173,3,low,M,5,5395,5,3,0,Heavy,0,Low,4,2,0,1
6751,D,Ship,156,3,medium,F,8,5668,2,4,1,Heavy,0,Low,3,2,1,0
6752,F,Ship,109,2,high,M,2,5978,3,5,1,Heavy,0,Low,4,2,2,1
6753,A,Ship,250,3,low,M,6,4830,3,4,1,Heavy,0,Low,0,2,0,1
6754,B,Ship,195,4,medium,M,3,5641,2,4,1,Heavy,0,Low,1,2,1,1
6755,C,Ship,160,5,low,F,10,4018,4,1,1,Heavy,0,Low,2,2,0,0
6756,F,Ship,189,3,low,F,5,5320,2,5,0,Heavy,0,Low,4,2,0,0
6757,D,Ship,239,3,medium,M,9,5897,4,3,1,Heavy,0,Low,3,2,1,1
6758,F,Ship,204,2,medium,F,5,5399,3,3,0,Heavy,0,Low,4,2,1,0
6759,A,Ship,156,3,low,M,5,4610,4,5,0,Heavy,0,Low,0,2,0,1
6760,B,Ship,192,3,high,F,7,5695,5,2,1,Heavy,0,Low,1,2,2,0
6761,C,Ship,233,2,low,M,7,5546,4,2,1,Heavy,0,Low,2,2,0,1
6762,F,Ship,253,3,low,F,3,5944,5,3,1,Heavy,1,Low,4,2,0,0
6763,D,Ship,277,6,low,M,10,4165,2,1,0,Heavy,1,Low,3,2,0,1
6764,F,Ship,211,2,low,F,9,5883,4,2,1,Heavy,0,Low,4,2,0,0
6765,A,Ship,172,6,medium,F,10,5554,6,4,1,Heavy,0,Low,0,2,1,0
6766,B,Ship,211,4,low,F,4,4498,5,4,1,Heavy,0,Low,1,2,0,0
6767,C,Ship,248,4,high,F,2,4521,2,3,0,Heavy,0,Low,2,2,2,0
6768,F,Ship,176,3,medium,M,4,5623,3,4,0,Heavy,0,Low,4,2,1,1
6769,D,Ship,100,6,medium,M,6,5841,4,1,0,Heavy,0,Low,3,2,1,1
6770,F,Ship,195,4,low,F,1,4393,5,5,1,Heavy,0,Low,4,2,0,0
6771,A,Ship,137,3,low,F,4,5617,3,2,0,Heavy,0,Low,0,2,0,0
6772,B,Ship,195,4,medium,M,2,5464,4,4,0,Heavy,0,Low,1,2,1,1
6773,C,Ship,185,3,low,F,9,5810,2,5,0,Heavy,0,Low,2,2,0,0
6774,F,Ship,250,2,medium,F,9,4753,3,1,0,Heavy,0,Low,4,2,1,0
6775,D,Ship,150,3,low,M,2,4660,3,2,1,Heavy,0,Low,3,2,0,1
6776,F,Ship,166,3,medium,F,9,4251,3,1,0,Heavy,0,Low,4,2,1,0
6777,A,Ship,257,2,medium,M,5,4127,4,5,0,Heavy,1,Low,0,2,1,1
6778,B,Ship,249,3,medium,F,5,4392,5,1,0,Heavy,0,Low,1,2,1,0
6779,C,Ship,268,3,medium,F,7,4480,5,5,1,Heavy,1,Low,2,2,1,0
6780,F,Ship,273,3,low,F,3,5749,4,4,1,Heavy,1,Low,4,2,0,0
6781,D,Ship,246,3,medium,F,9,4107,5,5,0,Heavy,0,Low,3,2,1,0
6782,F,Ship,142,6,medium,M,1,4843,5,1,1,Heavy,0,Low,4,2,1,1
6783,A,Ship,168,2,low,M,6,5464,5,2,1,Heavy,0,Low,0,2,0,1
6784,B,Ship,249,3,low,M,9,5978,5,2,1,Heavy,0,Low,1,2,0,1
6785,C,Ship,220,3,medium,F,6,5319,3,1,0,Heavy,0,Low,2,2,1,0
6786,F,Ship,189,2,low,F,7,4765,4,3,0,Heavy,0,Low,4,2,0,0
6787,D,Ship,237,4,low,M,5,5623,5,2,1,Heavy,0,Low,3,2,0,1
6788,F,Ship,247,3,high,F,2,5324,4,4,1,Heavy,0,Low,4,2,2,0
6789,A,Ship,250,6,medium,M,1,4543,3,4,1,Heavy,0,Low,0,2,1,1
6790,B,Ship,207,10,low,F,1,4602,4,4,0,Heavy,0,Low,1,2,0,0
6791,C,Ship,201,10,low,M,3,4202,4,4,0,Heavy,0,Low,2,2,0,1
6792,F,Ship,142,2,low,M,6,5326,4,2,0,Heavy,0,Low,4,2,0,1
6793,D,Ship,207,2,low,M,7,4639,3,1,0,Heavy,0,Low,3,2,0,1
6794,F,Ship,214,2,high,F,10,4310,3,1,0,Heavy,0,Low,4,2,2,0
6795,A,Ship,134,10,medium,M,8,4337,4,3,0,Heavy,0,Low,0,2,1,1
6796,B,Ship,178,8,medium,F,6,4146,3,4,0,Heavy,0,Low,1,2,1,0
6797,C,Ship,186,2,low,M,4,4686,4,1,1,Heavy,0,Low,2,2,0,1
6798,F,Ship,250,3,low,M,10,4505,4,4,0,Heavy,0,Low,4,2,0,1
6799,D,Ship,172,3,medium,F,10,5434,4,3,0,Heavy,0,Low,3,2,1,0
6800,F,Ship,265,10,low,M,10,4049,3,4,0,Heavy,1,Low,4,2,0,1
6801,A,Ship,158,7,medium,M,10,4244,3,2,1,Heavy,0,Low,0,2,1,1
6802,B,Ship,180,7,medium,M,10,5536,3,1,0,Heavy,0,Low,1,2,1,1
6803,C,Ship,173,3,high,F,3,5364,4,2,0,Heavy,0,Low,2,2,2,0
6804,F,Ship,153,10,medium,M,10,5772,3,3,0,Heavy,0,Low,4,2,1,1
6805,D,Ship,182,3,high,F,7,5197,4,4,0,Heavy,0,Low,3,2,2,0
6806,F,Ship,192,3,low,F,9,5004,3,1,0,Heavy,0,Low,4,2,0,0
6807,A,Ship,285,7,medium,M,9,4112,6,5,0,Heavy,1,Low,0,2,1,1
6808,B,Ship,151,6,low,F,6,4279,3,3,0,Heavy,0,Low,1,2,0,0
6809,C,Ship,242,2,low,F,7,4501,3,3,0,Heavy,0,Low,2,2,0,0
6810,F,Ship,237,3,medium,F,4,5860,3,1,0,Heavy,0,Low,4,2,1,0
6811,D,Ship,259,5,low,F,7,1032,5,2,0,Light,1,Low,3,2,0,0
6812,F,Ship,249,6,low,M,2,1046,4,3,1,Light,0,Low,4,2,0,1
6813,A,Ship,289,4,high,F,5,1708,6,3,0,Light,1,Low,0,2,2,0
6814,B,Ship,308,5,medium,F,4,1118,6,3,0,Light,1,Low,1,2,1,0
6815,C,Ship,297,4,medium,M,2,1954,6,3,0,Light,1,Low,2,2,1,1
6816,F,Ship,255,5,low,F,4,1005,4,1,0,Light,1,Low,4,2,0,0
6817,D,Ship,266,4,low,M,9,1287,6,1,0,Light,1,Low,3,2,0,1
6818,F,Ship,302,4,low,M,6,1632,7,2,0,Light,1,Low,4,2,0,1
6819,A,Ship,223,5,medium,F,6,1579,4,5,1,Light,0,Low,0,2,1,0
6820,B,Ship,261,4,low,F,9,1266,6,5,1,Light,1,Low,1,2,0,0
6821,C,Ship,273,5,low,M,10,1316,4,4,0,Light,1,Low,2,2,0,1
6822,F,Ship,260,4,low,M,9,1131,6,3,1,Light,1,Low,4,2,0,1
6823,D,Ship,266,5,low,F,1,1504,5,2,1,Light,1,Low,3,2,0,0
6824,F,Road,164,5,low,M,4,1708,2,1,0,Light,0,Low,4,1,0,1
6825,A,Road,240,6,medium,F,3,1321,5,3,0,Light,0,Low,0,1,1,0
6826,B,Road,305,4,medium,F,9,1479,6,3,1,Light,1,Low,1,1,1,0
6827,C,Road,248,5,low,F,3,1471,5,4,1,Light,0,Low,2,1,0,0
6828,F,Road,279,4,medium,M,8,1060,7,3,0,Light,1,Low,4,1,1,1
6829,D,Road,244,6,low,F,10,1978,5,4,1,Light,0,Low,3,1,0,0
6830,F,Road,267,5,low,M,9,1017,5,4,0,Light,1,Low,4,1,0,1
6831,A,Road,275,4,medium,M,7,1754,7,1,0,Light,1,Low,0,1,1,1
6832,B,Road,168,2,low,F,10,4240,5,1,0,Heavy,0,Low,1,1,0,0
6833,C,Road,249,3,low,M,2,4696,5,2,0,Heavy,0,Low,2,1,0,1
6834,F,Road,220,3,medium,M,7,4555,3,2,1,Heavy,0,Low,4,1,1,1
6835,D,Road,189,2,low,M,5,4553,4,4,0,Heavy,0,Low,3,1,0,1
6836,F,Road,237,4,low,F,9,5922,5,2,0,Heavy,0,Low,4,1,0,0
6837,A,Road,247,3,high,F,1,5214,4,3,0,Heavy,0,Low,0,1,2,0
6838,B,Road,250,6,medium,M,9,5322,3,3,1,Heavy,0,Low,1,1,1,1
6839,C,Road,207,10,low,F,9,4179,4,3,0,Heavy,0,Low,2,1,0,0
6840,F,Road,201,10,low,F,7,5340,4,5,0,Heavy,0,Low,4,1,0,0
6841,D,Road,142,2,low,M,2,4472,4,5,0,Heavy,0,Low,3,1,0,1
6842,F,Road,207,2,low,M,6,5852,3,4,1,Heavy,0,Low,4,1,0,1
6843,A,Road,214,2,high,F,7,4938,3,2,0,Heavy,0,Low,0,1,2,0
6844,B,Road,134,10,medium,M,5,4244,4,5,0,Heavy,0,Low,1,1,1,1
6845,C,Road,178,8,medium,M,8,4774,3,3,1,Heavy,0,Low,2,1,1,1
6846,F,Flight,186,2,low,M,2,5604,4,2,1,Heavy,0,Low,4,0,0,1
6847,D,Flight,250,3,low,M,5,4488,4,2,1,Heavy,0,Low,3,0,0,1
6848,F,Flight,172,3,medium,F,10,5106,4,1,1,Heavy,0,Low,4,0,1,0
6849,A,Flight,265,10,low,M,6,4380,3,5,0,Heavy,1,Low,0,0,0,1
6850,B,Flight,158,7,medium,F,6,4166,3,1,0,Heavy,0,Low,1,0,1,0
6851,C,Flight,180,7,medium,F,4,5068,3,3,1,Heavy,0,Low,2,0,1,0
6852,F,Flight,173,3,high,M,1,5749,4,1,0,Heavy,0,Low,4,0,2,1
6853,D,Flight,153,10,medium,F,4,5456,3,4,1,Heavy,0,Low,3,0,1,0
6854,F,Flight,182,3,high,F,3,5624,4,3,0,Heavy,0,Low,4,0,2,0
6855,A,Flight,192,3,low,F,7,4056,3,5,1,Heavy,0,Low,0,0,0,0
6856,B,Flight,285,7,medium,M,7,5030,6,3,1,Heavy,1,Low,1,0,1,1
6857,C,Flight,151,6,low,M,8,4692,3,5,1,Heavy,0,Low,2,0,0,1
6858,F,Flight,242,2,low,M,1,5803,3,5,1,Heavy,0,Low,4,0,0,1
6859,D,Flight,237,3,medium,F,1,4476,3,1,1,Heavy,0,Low,3,0,1,0
6860,F,Flight,259,5,low,M,10,1177,5,4,0,Light,1,Low,4,0,0,1
6861,A,Flight,249,6,low,F,9,1673,4,2,1,Light,0,Low,0,0,0,0
6862,B,Flight,289,4,high,F,4,1822,6,4,0,Light,1,Low,1,0,2,0
6863,C,Flight,308,5,medium,M,4,1303,6,2,0,Light,1,Low,2,0,1,1
6864,F,Flight,297,4,medium,M,1,1080,6,3,0,Light,1,Low,4,0,1,1
6865,D,Flight,255,5,low,M,1,1192,4,3,0,Light,1,Low,3,0,0,1
6866,F,Flight,266,4,low,F,9,1876,6,3,0,Light,1,Low,4,0,0,0
6867,A,Flight,302,4,low,M,4,1647,7,1,0,Light,1,Low,0,0,0,1
6868,B,Ship,223,5,medium,M,1,1124,4,4,1,Light,0,Low,1,2,1,1
6869,C,Ship,261,4,low,F,5,1794,6,4,1,Light,1,Low,2,2,0,0
6870,F,Ship,273,5,low,F,4,1223,4,2,1,Light,1,Low,4,2,0,0
6871,D,Ship,260,4,low,F,10,1140,6,3,0,Light,1,Low,3,2,0,0
6872,F,Ship,266,5,low,F,10,1274,5,2,1,Light,1,Low,4,2,0,0
6873,A,Ship,164,5,low,M,7,1243,2,3,0,Light,0,Low,0,2,0,1
6874,B,Ship,240,6,medium,F,2,1852,5,2,1,Light,0,Low,1,2,1,0
6875,C,Ship,305,4,medium,F,9,1072,6,5,0,Light,1,Low,2,2,1,0
6876,F,Ship,248,5,low,M,4,1284,5,2,1,Light,0,Low,4,2,0,1
6877,D,Ship,279,4,medium,M,5,1210,7,2,0,Light,1,Low,3,2,1,1
6878,F,Ship,244,6,low,M,5,1702,5,2,1,Light,0,Low,4,2,0,1
6879,A,Ship,237,5,medium,F,2,1429,5,1,1,Light,0,Low,0,2,1,0
6880,B,Ship,251,6,medium,F,1,1154,4,2,1,Light,1,Low,1,2,1,0
6881,C,Ship,247,6,low,F,4,1044,4,4,0,Light,0,Low,2,2,0,0
6882,F,Ship,262,6,medium,F,4,1532,5,2,1,Light,1,Low,4,2,1,0
6883,D,Ship,223,5,medium,M,10,1170,5,3,1,Light,0,Low,3,2,1,1
6884,F,Ship,275,5,low,F,3,1145,5,5,0,Light,1,Low,4,2,0,0
6885,A,Ship,139,6,medium,F,8,1284,6,3,1,Light,0,Low,0,2,1,0
6886,B,Ship,245,6,low,F,3,1155,4,3,0,Light,0,Low,1,2,0,0
6887,C,Ship,278,4,high,F,3,1033,6,3,0,Light,1,Low,2,2,2,0
6888,F,Ship,243,5,low,M,2,1776,5,3,1,Light,0,Low,4,2,0,1
6889,D,Ship,309,4,low,F,1,1290,7,3,1,Light,1,Low,3,2,0,0
6890,F,Ship,279,4,low,M,1,1150,6,2,1,Light,1,Low,4,2,0,1
6891,A,Ship,247,4,medium,M,3,1903,6,3,0,Light,0,Low,0,2,1,1
6892,B,Ship,235,5,medium,F,6,1059,5,1,1,Light,0,Low,1,2,1,0
6893,C,Ship,268,5,medium,F,10,1906,5,5,0,Light,1,Low,2,2,1,0
6894,F,Ship,309,4,medium,M,9,1305,6,1,0,Light,1,Low,4,2,1,1
6895,D,Ship,308,4,low,M,2,1125,6,5,1,Light,1,Low,3,2,0,1
6896,F,Ship,237,5,high,F,2,1593,5,5,1,Light,0,Low,4,2,2,0
6897,A,Ship,291,4,low,M,9,1241,6,2,1,Light,1,Low,0,2,0,1
6898,B,Ship,264,5,medium,F,6,1736,4,2,1,Light,1,Low,1,2,1,0
6899,C,Ship,212,4,medium,F,3,1284,2,2,1,Light,0,Low,2,2,1,0
6900,F,Ship,196,4,low,M,10,1694,4,5,1,Light,0,Low,4,2,0,1
6901,D,Ship,260,5,low,F,6,1860,5,5,0,Light,1,Low,3,2,0,0
6902,F,Ship,266,4,low,F,6,1201,6,5,0,Light,1,Low,4,2,0,0
6903,A,Ship,254,5,high,M,6,1491,5,2,1,Light,1,Low,0,2,2,1
6904,B,Ship,249,5,low,F,8,1018,5,2,1,Light,0,Low,1,2,0,0
6905,C,Ship,279,4,medium,M,7,1300,6,5,0,Light,1,Low,2,2,1,1
6906,F,Ship,306,4,high,F,5,1261,6,3,1,Light,1,Low,4,2,2,0
6907,D,Ship,249,5,medium,M,3,1530,4,5,1,Light,0,Low,3,2,1,1
6908,F,Ship,297,4,low,F,9,1249,6,4,1,Light,1,Low,4,2,0,0
6909,A,Ship,273,4,low,M,6,1561,6,1,0,Light,1,Low,0,2,0,1
6910,B,Ship,299,4,low,F,9,1817,6,4,0,Light,1,Low,1,2,0,0
6911,C,Ship,240,5,medium,M,10,1574,5,5,1,Light,0,Low,2,2,1,1
6912,F,Ship,260,6,low,F,2,1765,5,4,0,Light,1,Low,4,2,0,0
6913,D,Ship,251,5,low,F,7,1924,5,1,1,Light,1,Low,3,2,0,0
6914,F,Ship,256,5,medium,M,2,1693,5,5,1,Light,1,Low,4,2,1,1
6915,A,Ship,226,5,medium,M,5,1659,5,2,0,Light,0,Low,0,2,1,1
6916,B,Ship,262,5,low,F,10,1197,5,3,1,Light,1,Low,1,2,0,0
6917,C,Ship,261,5,low,M,6,1334,7,4,0,Light,1,Low,2,2,0,1
6918,F,Ship,181,2,low,F,6,1324,2,2,1,Light,0,Low,4,2,0,0
6919,D,Ship,254,4,medium,F,6,1928,6,1,1,Light,1,Low,3,2,1,0
6920,F,Ship,288,4,medium,M,8,1806,6,1,1,Light,1,Low,4,2,1,1
6921,A,Ship,245,4,low,M,10,1798,6,3,0,Light,0,Low,0,2,0,1
6922,B,Ship,252,2,medium,M,9,1809,5,3,0,Light,1,Low,1,2,1,1
6923,C,Ship,293,3,low,M,8,1326,4,1,1,Light,1,Low,2,2,0,1
6924,F,Ship,253,4,low,M,9,1729,5,3,0,Light,1,Low,4,2,0,1
6925,D,Ship,245,4,low,F,10,1606,6,1,0,Light,0,Low,3,2,0,0
6926,F,Ship,247,4,medium,M,3,1946,6,4,0,Light,0,Low,4,2,1,1
6927,A,Ship,274,5,low,M,7,1371,5,4,1,Light,1,Low,0,2,0,1
6928,B,Ship,283,4,low,F,8,1480,6,4,0,Light,1,Low,1,2,0,0
6929,C,Ship,286,4,low,F,8,1690,6,4,1,Light,1,Low,2,2,0,0
6930,F,Ship,257,5,low,M,10,1695,5,4,1,Light,1,Low,4,2,0,1
6931,D,Ship,258,5,low,F,2,1232,5,2,1,Light,1,Low,3,2,0,0
6932,F,Ship,201,3,medium,F,6,5616,4,2,1,Heavy,0,Low,4,2,1,0
6933,A,Ship,231,3,low,M,1,5392,3,1,1,Heavy,0,Low,0,2,0,1
6934,B,Ship,161,2,high,F,5,5133,4,5,1,Heavy,0,Low,1,2,2,0
6935,C,Ship,250,3,low,M,8,5845,5,1,0,Heavy,0,Low,2,2,0,1
6936,F,Ship,169,6,low,F,6,4179,4,2,0,Heavy,0,Low,4,2,0,0
6937,D,Ship,191,2,low,M,1,4318,4,4,1,Heavy,0,Low,3,2,0,1
6938,F,Ship,271,3,medium,F,4,4186,4,2,1,Heavy,1,Low,4,2,1,0
6939,A,Ship,271,3,low,M,3,5218,5,4,1,Heavy,1,Low,0,2,0,1
6940,B,Ship,224,3,low,M,1,5821,4,2,0,Heavy,0,Low,1,2,0,1
6941,C,Ship,276,5,low,F,10,5302,3,5,1,Heavy,1,Low,2,2,0,0
6942,F,Ship,264,2,low,F,3,5258,4,1,0,Heavy,1,Low,4,2,0,0
6943,D,Ship,185,3,low,M,10,4354,5,2,0,Heavy,0,Low,3,2,0,1
6944,F,Ship,253,2,low,M,5,4112,3,3,1,Heavy,1,Low,4,2,0,1
6945,A,Ship,155,4,low,F,1,4432,3,5,1,Heavy,0,Low,0,2,0,0
6946,B,Ship,219,3,low,F,5,5632,4,1,0,Heavy,0,Low,1,2,0,0
6947,C,Ship,204,4,medium,M,7,4768,3,2,0,Heavy,0,Low,2,2,1,1
6948,F,Ship,196,4,low,F,3,5496,4,1,0,Heavy,0,Low,4,2,0,0
6949,D,Ship,205,5,low,F,4,4483,3,4,0,Heavy,0,Low,3,2,0,0
6950,F,Ship,187,3,low,F,9,4725,3,4,1,Heavy,0,Low,4,2,0,0
6951,A,Ship,221,2,medium,F,6,5267,3,1,0,Heavy,0,Low,0,2,1,0
6952,B,Ship,143,3,medium,F,1,5165,5,4,1,Heavy,0,Low,1,2,1,0
6953,C,Ship,135,3,high,M,4,5858,5,3,0,Heavy,0,Low,2,2,2,1
6954,F,Ship,207,2,low,F,7,5596,3,1,0,Heavy,0,Low,4,2,0,0
6955,D,Ship,245,2,low,F,7,4692,3,2,0,Heavy,0,Low,3,2,0,0
6956,F,Ship,257,3,low,F,2,4677,5,2,1,Heavy,1,Low,4,2,0,0
6957,A,Ship,186,3,high,F,1,5694,3,1,1,Heavy,0,Low,0,2,2,0
6958,B,Ship,246,3,low,M,2,4054,5,2,1,Heavy,0,Low,1,2,0,1
6959,C,Ship,255,2,low,M,2,4504,3,4,0,Heavy,1,Low,2,2,0,1
6960,F,Ship,206,3,low,F,1,4645,5,3,0,Heavy,0,Low,4,2,0,0
6961,D,Road,178,4,medium,M,9,4298,3,1,0,Heavy,0,Low,3,1,1,1
6962,F,Road,274,2,low,F,5,4154,5,2,0,Heavy,1,Low,4,1,0,0
6963,A,Road,269,4,low,F,7,5107,3,1,0,Heavy,1,Low,0,1,0,0
6964,B,Road,282,4,low,F,9,4766,5,1,0,Heavy,1,Low,1,1,0,0
6965,C,Road,108,5,high,M,5,4874,2,4,1,Heavy,0,Low,2,1,2,1
6966,F,Road,268,6,medium,F,7,4709,4,5,0,Heavy,1,Low,4,1,1,0
6967,D,Road,215,2,medium,F,3,5052,2,3,1,Heavy,0,Low,3,1,1,0
6968,F,Road,169,4,low,M,1,5323,4,1,0,Heavy,0,Low,4,1,0,1
6969,A,Road,165,3,low,F,4,4482,3,4,0,Heavy,0,Low,0,1,0,0
6970,B,Road,192,4,low,F,2,5856,4,4,1,Heavy,0,Low,1,1,0,0
6971,C,Road,206,2,low,M,9,5076,4,3,1,Heavy,0,Low,2,1,0,1
6972,F,Road,151,2,medium,M,8,4408,3,5,1,Heavy,0,Low,4,1,1,1
6973,D,Road,150,3,low,F,5,4950,3,4,0,Heavy,0,Low,3,1,0,0
6974,F,Road,250,3,low,M,10,4316,4,3,0,Heavy,0,Low,4,1,0,1
6975,A,Road,168,3,medium,F,2,5986,5,3,1,Heavy,0,Low,0,1,1,0
6976,B,Road,137,2,low,M,3,4657,4,1,0,Heavy,0,Low,1,1,0,1
6977,C,Road,148,4,low,M,1,5216,6,5,1,Heavy,0,Low,2,1,0,1
6978,F,Road,215,5,low,F,7,4057,6,2,0,Heavy,0,Low,4,1,0,0
6979,D,Road,269,2,medium,F,2,4013,4,2,1,Heavy,1,Low,3,1,1,0
6980,F,Road,139,3,low,F,1,4060,3,5,1,Heavy,0,Low,4,1,0,0
6981,A,Road,205,5,low,M,10,4944,4,1,0,Heavy,0,Low,0,1,0,1
6982,B,Road,212,2,low,F,9,4925,5,4,0,Heavy,0,Low,1,1,0,0
6983,C,Flight,136,2,medium,M,10,5749,3,3,0,Heavy,0,Low,2,0,1,1
6984,F,Flight,231,3,medium,F,4,4088,3,3,0,Heavy,0,Low,4,0,1,0
6985,D,Flight,215,2,low,F,7,5151,4,4,1,Heavy,0,Low,3,0,0,0
6986,F,Flight,179,3,medium,F,3,5624,4,4,0,Heavy,0,Low,4,0,1,0
6987,A,Flight,223,4,medium,M,3,5374,3,2,0,Heavy,0,Low,0,0,1,1
6988,B,Flight,210,3,low,M,6,5566,3,5,0,Heavy,0,Low,1,0,0,1
6989,C,Flight,133,3,high,F,8,5653,4,5,1,Heavy,0,Low,2,0,2,0
6990,F,Flight,187,2,low,F,8,4292,3,1,1,Heavy,0,Low,4,0,0,0
6991,D,Flight,256,2,medium,M,2,5630,4,1,0,Heavy,1,Low,3,0,1,1
6992,F,Flight,138,2,low,M,10,4788,4,5,0,Heavy,0,Low,4,0,0,1
6993,A,Flight,198,3,medium,M,7,4020,3,4,0,Heavy,0,Low,0,0,1,1
6994,B,Flight,256,3,medium,F,6,4145,5,5,1,Heavy,1,Low,1,0,1,0
6995,C,Flight,254,2,low,M,3,5546,4,3,0,Heavy,1,Low,2,0,0,1
6996,F,Flight,267,2,medium,M,9,5230,4,1,1,Heavy,1,Low,4,0,1,1
6997,D,Flight,286,6,high,F,5,5588,3,2,0,Heavy,1,Low,3,0,2,0
6998,F,Flight,215,4,low,F,3,4042,3,2,0,Heavy,0,Low,4,0,0,0
6999,A,Flight,222,3,medium,M,5,4949,5,5,0,Heavy,0,Low,0,0,1,1
7000,B,Flight,267,4,medium,F,1,4837,5,3,1,Heavy,1,Low,1,0,1,0
7001,C,Flight,235,5,low,F,4,5908,5,5,1,Heavy,0,Low,2,0,0,0
7002,F,Flight,181,2,low,M,2,4154,4,1,0,Heavy,0,Low,4,0,0,1
7003,D,Flight,173,4,low,F,5,5530,4,1,1,Heavy,0,Low,3,0,0,0
7004,F,Flight,208,3,low,M,1,4803,3,5,0,Heavy,0,Low,4,0,0,1
7005,A,Ship,221,2,low,F,6,4114,4,3,1,Heavy,0,Low,0,2,0,0
7006,B,Ship,141,2,medium,F,9,5000,3,5,0,Heavy,0,Low,1,2,1,0
7007,C,Ship,238,3,high,F,4,4910,4,1,0,Heavy,0,Low,2,2,2,0
7008,F,Ship,126,5,low,F,6,4372,3,2,1,Heavy,0,Low,4,2,0,0
7009,D,Ship,196,2,low,M,3,4752,4,1,0,Heavy,0,Low,3,2,0,1
7010,F,Ship,169,2,high,M,7,4032,4,3,1,Heavy,0,Low,4,2,2,1
7011,A,Ship,249,3,low,M,10,5184,3,3,0,Heavy,0,Low,0,2,0,1
7012,B,Ship,198,6,medium,M,5,4659,4,2,0,Heavy,0,Low,1,2,1,1
7013,C,Ship,197,3,low,M,2,4410,4,3,0,Heavy,0,Low,2,2,0,1
7014,F,Ship,251,4,medium,F,3,5215,3,5,1,Heavy,1,Low,4,2,1,0
7015,D,Ship,145,3,medium,M,8,5780,4,4,0,Heavy,0,Low,3,2,1,1
7016,F,Ship,249,3,low,M,4,5253,4,1,1,Heavy,0,Low,4,2,0,1
7017,A,Ship,103,4,low,M,2,5089,6,1,0,Heavy,0,Low,0,2,0,1
7018,B,Ship,264,5,medium,F,1,4426,2,5,0,Heavy,1,Low,1,2,1,0
7019,C,Ship,206,6,medium,F,8,4243,6,1,1,Heavy,0,Low,2,2,1,0
7020,F,Ship,139,3,medium,M,2,5135,4,4,0,Heavy,0,Low,4,2,1,1
7021,D,Ship,270,2,low,F,7,5248,5,3,1,Heavy,1,Low,3,2,0,0
7022,F,Ship,227,2,low,M,8,4878,4,2,1,Heavy,0,Low,4,2,0,1
7023,A,Ship,179,2,medium,F,10,4828,3,1,0,Heavy,0,Low,0,2,1,0
7024,B,Ship,273,3,medium,F,6,5269,3,3,1,Heavy,1,Low,1,2,1,0
7025,C,Ship,153,2,low,F,7,4944,5,1,1,Heavy,0,Low,2,2,0,0
7026,F,Ship,112,6,medium,M,9,5248,4,1,1,Heavy,0,Low,4,2,1,1
7027,D,Ship,114,4,high,F,10,5865,6,3,0,Heavy,0,Low,3,2,2,0
7028,F,Ship,214,2,high,F,1,4117,4,4,1,Heavy,0,Low,4,2,2,0
7029,A,Ship,196,4,low,F,4,5031,3,4,0,Heavy,0,Low,0,2,0,0
7030,B,Ship,159,2,medium,F,5,4382,5,1,0,Heavy,0,Low,1,2,1,0
7031,C,Ship,258,2,low,M,1,5862,3,2,0,Heavy,1,Low,2,2,0,1
7032,F,Ship,125,3,low,M,10,4997,5,5,0,Heavy,0,Low,4,2,0,1
7033,D,Ship,232,3,medium,F,7,5219,6,2,1,Heavy,0,Low,3,2,1,0
7034,F,Ship,196,2,high,M,10,5709,4,3,1,Heavy,0,Low,4,2,2,1
7035,A,Ship,257,3,low,M,3,5549,4,2,1,Heavy,1,Low,0,2,0,1
7036,B,Ship,219,4,low,M,6,5124,2,1,0,Heavy,0,Low,1,2,0,1
7037,C,Ship,223,3,medium,F,7,5977,4,2,0,Heavy,0,Low,2,2,1,0
7038,F,Ship,166,2,low,F,10,4137,3,1,0,Heavy,0,Low,4,2,0,0
7039,D,Ship,264,3,high,F,5,4435,6,1,1,Heavy,1,Low,3,2,2,0
7040,F,Ship,182,3,low,F,5,5914,3,3,0,Heavy,0,Low,4,2,0,0
7041,A,Ship,260,2,medium,F,2,4529,4,1,0,Heavy,1,Low,0,2,1,0
7042,B,Ship,268,3,low,M,8,5486,4,1,0,Heavy,1,Low,1,2,0,1
7043,C,Ship,272,4,low,F,4,4098,6,4,0,Heavy,1,Low,2,2,0,0
7044,F,Ship,135,3,low,F,3,4760,4,5,0,Heavy,0,Low,4,2,0,0
7045,D,Ship,164,2,medium,M,3,4442,3,2,1,Heavy,0,Low,3,2,1,1
7046,F,Ship,153,5,medium,M,9,5818,4,4,0,Heavy,0,Low,4,2,1,1
7047,A,Ship,175,3,low,M,8,4274,3,4,1,Heavy,0,Low,0,2,0,1
7048,B,Ship,231,3,medium,M,9,5148,3,1,1,Heavy,0,Low,1,2,1,1
7049,C,Ship,222,3,low,M,3,5555,5,4,0,Heavy,0,Low,2,2,0,1
7050,F,Ship,261,2,low,F,1,5844,3,4,0,Heavy,1,Low,4,2,0,0
7051,D,Ship,223,2,low,F,10,4604,3,2,0,Heavy,0,Low,3,2,0,0
7052,F,Ship,222,5,medium,M,2,4027,3,5,1,Heavy,0,Low,4,2,1,1
7053,A,Ship,240,3,low,F,9,5794,4,5,1,Heavy,0,Low,0,2,0,0
7054,B,Ship,137,2,high,F,6,5208,4,5,0,Heavy,0,Low,1,2,2,0
7055,C,Ship,181,3,medium,M,6,5964,4,2,0,Heavy,0,Low,2,2,1,1
7056,F,Ship,261,4,low,M,3,5722,3,3,1,Heavy,1,Low,4,2,0,1
7057,D,Ship,226,2,low,M,4,4804,3,1,0,Heavy,0,Low,3,2,0,1
7058,F,Ship,246,2,medium,F,3,5705,4,5,0,Heavy,0,Low,4,2,1,0
7059,A,Ship,226,2,medium,F,1,5460,3,4,0,Heavy,0,Low,0,2,1,0
7060,B,Ship,238,2,low,M,3,4723,3,4,0,Heavy,0,Low,1,2,0,1
7061,C,Ship,173,3,low,F,3,4453,3,1,1,Heavy,0,Low,2,2,0,0
7062,F,Ship,257,4,low,M,10,4415,3,4,0,Heavy,1,Low,4,2,0,1
7063,D,Ship,160,4,low,F,9,5112,3,2,1,Heavy,0,Low,3,2,0,0
7064,F,Ship,179,3,low,F,9,4459,3,3,1,Heavy,0,Low,4,2,0,0
7065,A,Ship,101,5,low,F,3,4807,3,1,0,Heavy,0,Low,0,2,0,0
7066,B,Ship,263,4,medium,M,9,5390,2,3,0,Heavy,1,Low,1,2,1,1
7067,C,Ship,210,3,medium,M,4,5683,3,1,0,Heavy,0,Low,2,2,1,1
7068,F,Ship,166,4,low,M,4,5107,3,4,0,Heavy,0,Low,4,2,0,1
7069,D,Ship,163,3,low,F,4,4862,2,3,0,Heavy,0,Low,3,2,0,0
7070,F,Ship,143,2,medium,M,1,4402,4,3,1,Heavy,0,Low,4,2,1,1
7071,A,Ship,248,6,medium,M,5,4212,4,3,0,Heavy,0,Low,0,2,1,1
7072,B,Ship,198,2,low,F,8,4940,3,1,0,Heavy,0,Low,1,2,0,0
7073,C,Ship,150,2,low,F,6,5355,3,1,0,Heavy,0,Low,2,2,0,0
7074,F,Ship,195,4,medium,F,1,5004,4,3,0,Heavy,0,Low,4,2,1,0
7075,D,Ship,213,3,low,F,1,4266,4,4,0,Heavy,0,Low,3,2,0,0
7076,F,Ship,245,4,medium,M,8,5982,4,3,1,Heavy,0,Low,4,2,1,1
7077,A,Ship,199,3,medium,F,8,5557,3,1,1,Heavy,0,Low,0,2,1,0
7078,B,Ship,192,4,high,M,5,4142,4,1,1,Heavy,0,Low,1,2,2,1
7079,C,Ship,247,6,medium,M,3,4582,6,3,0,Heavy,0,Low,2,2,1,1
7080,F,Ship,221,3,medium,M,7,4741,3,5,1,Heavy,0,Low,4,2,1,1
7081,D,Ship,200,4,medium,F,9,5193,3,1,0,Heavy,0,Low,3,2,1,0
7082,F,Ship,260,3,low,F,5,5540,4,3,0,Heavy,1,Low,4,2,0,0
7083,A,Ship,98,4,low,F,5,4643,4,5,0,Heavy,0,Low,0,2,0,0
7084,B,Ship,198,4,low,F,5,5719,5,1,0,Heavy,0,Low,1,2,0,0
7085,C,Ship,168,2,medium,F,1,5698,4,1,1,Heavy,0,Low,2,2,1,0
7086,F,Ship,260,3,medium,M,1,5134,6,1,0,Heavy,1,Low,4,2,1,1
7087,D,Ship,266,4,low,M,3,5773,4,1,1,Heavy,1,Low,3,2,0,1
7088,F,Ship,239,3,low,M,8,5366,3,3,1,Heavy,0,Low,4,2,0,1
7089,A,Ship,214,5,medium,M,9,5801,4,1,0,Heavy,0,Low,0,2,1,1
7090,B,Ship,203,3,medium,F,8,5929,3,3,0,Heavy,0,Low,1,2,1,0
7091,C,Ship,264,3,medium,F,3,4320,2,5,1,Heavy,1,Low,2,2,1,0
7092,F,Ship,169,6,medium,F,2,5607,4,3,0,Heavy,0,Low,4,2,1,0
7093,D,Ship,167,2,low,M,1,5749,3,1,0,Heavy,0,Low,3,2,0,1
7094,F,Ship,266,7,low,M,2,5671,3,3,1,Heavy,1,Low,4,2,0,1
7095,A,Ship,182,10,low,M,1,4303,3,2,0,Heavy,0,Low,0,2,0,1
7096,B,Ship,195,6,high,M,5,5339,5,2,1,Heavy,0,Low,1,2,2,1
7097,C,Ship,153,3,low,F,8,5198,4,1,0,Heavy,0,Low,2,2,0,0
7098,F,Road,238,3,high,M,2,5369,5,1,1,Heavy,0,Low,4,1,2,1
7099,D,Road,238,8,low,M,9,5186,5,5,0,Heavy,0,Low,3,1,0,1
7100,F,Road,180,7,high,M,4,5500,3,4,0,Heavy,0,Low,4,1,2,1
7101,A,Road,262,6,medium,F,1,1177,5,4,0,Light,1,Low,0,1,1,0
7102,B,Road,223,5,medium,M,5,1484,5,2,1,Light,0,Low,1,1,1,1
7103,C,Road,275,5,low,F,10,1924,5,2,0,Light,1,Low,2,1,0,0
7104,F,Road,139,6,medium,M,8,1691,6,2,1,Light,0,Low,4,1,1,1
7105,D,Road,245,6,low,F,7,1884,4,1,1,Light,0,Low,3,1,0,0
7106,F,Road,278,4,high,F,8,1967,6,2,0,Light,1,Low,4,1,2,0
7107,A,Road,243,5,low,F,5,1118,5,4,0,Light,0,Low,0,1,0,0
7108,B,Road,309,4,low,F,4,1151,7,1,0,Light,1,Low,1,1,0,0
7109,C,Road,279,4,low,F,5,1836,6,2,0,Light,1,Low,2,1,0,0
7110,F,Road,247,4,medium,M,7,1461,6,5,1,Light,0,Low,4,1,1,1
7111,D,Road,235,5,medium,F,10,1393,5,5,0,Light,0,Low,3,1,1,0
7112,F,Road,268,5,medium,F,10,1660,5,3,0,Light,1,Low,4,1,1,0
7113,A,Road,309,4,medium,M,10,1782,6,2,0,Light,1,Low,0,1,1,1
7114,B,Road,213,3,low,F,7,4490,4,5,0,Heavy,0,Low,1,1,0,0
7115,C,Road,245,4,medium,F,6,5051,4,4,0,Heavy,0,Low,2,1,1,0
7116,F,Road,199,3,medium,F,7,4377,3,1,1,Heavy,0,Low,4,1,1,0
7117,D,Road,192,4,high,F,1,5669,4,3,1,Heavy,0,Low,3,1,2,0
7118,F,Road,247,6,medium,M,3,4832,6,5,0,Heavy,0,Low,4,1,1,1
7119,A,Road,221,3,medium,F,8,4523,3,5,0,Heavy,0,Low,0,1,1,0
7120,B,Flight,200,4,medium,F,8,4944,3,4,0,Heavy,0,Low,1,0,1,0
7121,C,Flight,260,3,low,M,9,4224,4,4,0,Heavy,1,Low,2,0,0,1
7122,F,Flight,98,4,low,M,5,5188,4,5,0,Heavy,0,Low,4,0,0,1
7123,D,Flight,198,4,low,F,5,5025,5,1,1,Heavy,0,Low,3,0,0,0
7124,F,Flight,168,2,medium,F,8,5276,4,1,1,Heavy,0,Low,4,0,1,0
7125,A,Flight,260,3,medium,M,9,4730,6,4,1,Heavy,1,Low,0,0,1,1
7126,B,Flight,266,4,low,F,7,4639,4,2,0,Heavy,1,Low,1,0,0,0
7127,C,Flight,239,3,low,M,2,4425,3,1,0,Heavy,0,Low,2,0,0,1
7128,F,Flight,214,5,medium,F,6,4573,4,1,1,Heavy,0,Low,4,0,1,0
7129,D,Flight,203,3,medium,F,3,4196,3,3,0,Heavy,0,Low,3,0,1,0
7130,F,Flight,264,3,medium,F,6,4025,2,4,1,Heavy,1,Low,4,0,1,0
7131,A,Flight,169,6,medium,M,3,5957,4,3,1,Heavy,0,Low,0,0,1,1
7132,B,Flight,167,2,low,M,5,5042,3,5,1,Heavy,0,Low,1,0,0,1
7133,C,Flight,266,7,low,M,5,4102,3,1,1,Heavy,1,Low,2,0,0,1
7134,F,Flight,182,10,low,M,3,5555,3,3,0,Heavy,0,Low,4,0,0,1
7135,D,Flight,195,6,high,F,8,4944,5,1,1,Heavy,0,Low,3,0,2,0
7136,F,Flight,153,3,low,M,5,4624,4,4,0,Heavy,0,Low,4,0,0,1
7137,A,Flight,238,3,high,F,5,5907,5,4,1,Heavy,0,Low,0,0,2,0
7138,B,Flight,238,8,low,M,3,4046,5,4,0,Heavy,0,Low,1,0,0,1
7139,C,Flight,180,7,high,M,4,4408,3,4,0,Heavy,0,Low,2,0,2,1
7140,F,Flight,262,6,medium,M,1,1696,5,1,0,Light,1,Low,4,0,1,1
7141,D,Flight,223,5,medium,F,5,1678,5,5,0,Light,0,Low,3,0,1,0
7142,F,Ship,275,5,low,M,7,1349,5,3,0,Light,1,Low,4,2,0,1
7143,A,Ship,139,6,medium,F,10,1081,6,5,1,Light,0,Low,0,2,1,0
7144,B,Ship,245,6,low,F,6,1437,4,4,1,Light,0,Low,1,2,0,0
7145,C,Ship,278,4,high,F,6,1761,6,5,0,Light,1,Low,2,2,2,0
7146,F,Ship,243,5,low,F,2,1637,5,4,0,Light,0,Low,4,2,0,0
7147,D,Ship,309,4,low,M,7,1880,7,4,0,Light,1,Low,3,2,0,1
7148,F,Ship,279,4,low,M,9,1128,6,4,0,Light,1,Low,4,2,0,1
7149,A,Ship,247,4,medium,M,8,1941,6,2,0,Light,0,Low,0,2,1,1
7150,B,Ship,235,5,medium,M,9,1032,5,5,1,Light,0,Low,1,2,1,1
7151,C,Ship,274,5,low,M,7,1875,5,5,1,Light,1,Low,2,2,0,1
7152,F,Ship,283,4,low,M,3,1374,6,5,1,Light,1,Low,4,2,0,1
7153,D,Ship,286,4,low,M,9,1282,6,5,1,Light,1,Low,3,2,0,1
7154,F,Ship,257,5,low,M,9,1329,5,1,0,Light,1,Low,4,2,0,1
7155,A,Ship,223,5,low,M,2,1400,5,4,0,Light,0,Low,0,2,0,1
7156,B,Ship,239,5,low,F,7,1001,4,5,1,Light,0,Low,1,2,0,0
7157,C,Ship,246,6,low,M,1,1400,4,5,1,Light,0,Low,2,2,0,1
7158,F,Ship,295,4,low,F,10,1587,7,2,0,Light,1,Low,4,2,0,0
7159,D,Ship,305,4,low,M,5,1588,6,1,0,Light,1,Low,3,2,0,1
7160,F,Ship,177,4,medium,F,3,1148,3,4,0,Light,0,Low,4,2,1,0
7161,A,Ship,257,5,low,F,3,1262,5,3,1,Light,1,Low,0,2,0,0
7162,B,Ship,306,4,low,F,6,1123,6,2,0,Light,1,Low,1,2,0,0
7163,C,Ship,226,6,medium,M,6,1704,4,3,1,Light,0,Low,2,2,1,1
7164,F,Ship,228,5,low,M,9,1381,4,5,0,Light,0,Low,4,2,0,1
7165,D,Ship,225,5,low,M,7,1476,5,4,0,Light,0,Low,3,2,0,1
7166,F,Ship,289,4,low,F,5,1864,7,5,1,Light,1,Low,4,2,0,0
7167,A,Ship,261,5,low,M,2,1409,5,4,0,Light,1,Low,0,2,0,1
7168,B,Ship,255,5,medium,F,10,1886,5,3,0,Light,1,Low,1,2,1,0
7169,C,Ship,266,5,medium,F,2,1510,5,3,1,Light,1,Low,2,2,1,0
7170,F,Ship,290,4,low,M,5,1784,6,3,0,Light,1,Low,4,2,0,1
7171,D,Ship,235,5,low,M,6,1460,4,5,0,Light,0,Low,3,2,0,1
7172,F,Ship,250,4,low,M,3,1490,6,4,1,Light,0,Low,4,2,0,1
7173,A,Ship,245,5,low,F,3,1409,5,3,0,Light,0,Low,0,2,0,0
7174,B,Ship,286,4,medium,M,9,1096,6,4,1,Light,1,Low,1,2,1,1
7175,C,Ship,271,4,low,M,9,1989,5,5,0,Light,1,Low,2,2,0,1
7176,F,Ship,242,6,low,F,9,1192,4,4,1,Light,0,Low,4,2,0,0
7177,D,Ship,282,5,low,M,8,1091,7,5,1,Light,1,Low,3,2,0,1
7178,F,Ship,254,5,low,F,7,1003,4,1,0,Light,1,Low,4,2,0,0
7179,A,Ship,242,5,medium,F,1,1004,5,2,1,Light,0,Low,0,2,1,0
7180,B,Ship,263,4,low,F,9,1551,5,5,0,Light,1,Low,1,2,0,0
7181,C,Ship,278,4,low,F,5,1126,7,5,1,Light,1,Low,2,2,0,0
7182,F,Ship,255,4,low,M,3,1624,6,5,1,Light,1,Low,4,2,0,1
7183,D,Ship,184,3,low,M,4,1330,4,4,1,Light,0,Low,3,2,0,1
7184,F,Ship,257,4,medium,F,9,1108,6,4,1,Light,1,Low,4,2,1,0
7185,A,Ship,214,2,medium,M,3,1983,3,2,1,Light,0,Low,0,2,1,1
7186,B,Ship,301,4,low,F,3,1200,6,1,1,Light,1,Low,1,2,0,0
7187,C,Ship,264,4,medium,M,1,1273,6,1,0,Light,1,Low,2,2,1,1
7188,F,Ship,256,5,medium,M,5,1080,5,3,1,Light,1,Low,4,2,1,1
7189,D,Ship,275,6,low,M,1,1507,5,5,0,Light,1,Low,3,2,0,1
7190,F,Ship,236,5,medium,M,4,1953,4,1,0,Light,0,Low,4,2,1,1
7191,A,Ship,303,4,low,F,9,1224,5,2,1,Light,1,Low,0,2,0,0
7192,B,Ship,284,4,medium,M,4,1652,6,3,1,Light,1,Low,1,2,1,1
7193,C,Ship,229,6,low,M,2,1279,4,4,0,Light,0,Low,2,2,0,1
7194,F,Ship,258,5,low,F,4,1665,5,3,1,Light,1,Low,4,2,0,0
7195,D,Ship,243,5,low,M,3,1066,5,1,1,Light,0,Low,3,2,0,1
7196,F,Ship,306,4,medium,M,8,1378,6,1,0,Light,1,Low,4,2,1,1
7197,A,Ship,235,6,low,M,6,1386,4,2,0,Light,0,Low,0,2,0,1
7198,B,Ship,150,4,low,F,4,1021,4,3,0,Light,0,Low,1,2,0,0
7199,C,Ship,291,4,low,F,5,1112,6,4,1,Light,1,Low,2,2,0,0
7200,F,Ship,278,4,low,M,2,1038,7,3,1,Light,1,Low,4,2,0,1
7201,D,Ship,240,6,low,F,10,1986,5,5,0,Light,0,Low,3,2,0,0
7202,F,Ship,272,4,medium,M,10,1534,6,1,1,Light,1,Low,4,2,1,1
7203,A,Ship,246,5,low,F,6,1911,5,5,0,Light,0,Low,0,2,0,0
7204,B,Ship,266,4,medium,M,3,1090,6,2,0,Light,1,Low,1,2,1,1
7205,C,Ship,252,5,low,F,10,1015,5,4,1,Light,1,Low,2,2,0,0
7206,F,Ship,254,4,low,F,2,1824,6,5,0,Light,1,Low,4,2,0,0
7207,D,Ship,305,4,medium,F,3,1426,7,3,1,Light,1,Low,3,2,1,0
7208,F,Ship,307,4,high,M,3,1406,6,5,0,Light,1,Low,4,2,2,1
7209,A,Ship,278,5,low,M,5,1180,6,4,0,Light,1,Low,0,2,0,1
7210,B,Ship,265,5,medium,M,10,1897,6,3,0,Light,1,Low,1,2,1,1
7211,C,Ship,248,4,low,F,10,1005,6,5,0,Light,0,Low,2,2,0,0
7212,F,Ship,299,4,low,M,4,1052,7,5,1,Light,1,Low,4,2,0,1
7213,D,Ship,280,4,low,M,10,1866,6,2,1,Light,1,Low,3,2,0,1
7214,F,Ship,247,4,low,F,9,1228,7,4,0,Light,0,Low,4,2,0,0
7215,A,Ship,273,4,low,M,3,1361,6,1,1,Light,1,Low,0,2,0,1
7216,B,Ship,254,5,low,M,7,1638,6,2,1,Light,1,Low,1,2,0,1
7217,C,Ship,246,5,medium,F,9,1876,5,2,0,Light,0,Low,2,2,1,0
7218,F,Ship,251,5,low,M,3,1433,7,4,0,Light,1,Low,4,2,0,1
7219,D,Ship,262,5,low,M,9,1400,5,5,0,Light,1,Low,3,2,0,1
7220,F,Ship,245,5,low,F,3,1956,5,1,1,Light,0,Low,4,2,0,0
7221,A,Ship,273,5,medium,F,8,2000,4,2,0,Light,1,Low,0,2,1,0
7222,B,Ship,268,4,medium,F,4,5006,3,1,0,Heavy,1,Low,1,2,1,0
7223,C,Ship,244,5,low,F,7,5337,4,2,0,Heavy,0,Low,2,2,0,0
7224,F,Ship,260,2,low,M,6,5044,3,3,0,Heavy,1,Low,4,2,0,1
7225,D,Ship,271,3,low,M,4,4108,3,1,0,Heavy,1,Low,3,2,0,1
7226,F,Ship,219,2,medium,F,5,4919,5,4,1,Heavy,0,Low,4,2,1,0
7227,A,Ship,193,3,medium,F,9,5354,4,1,0,Heavy,0,Low,0,2,1,0
7228,B,Ship,149,3,medium,M,9,5979,5,5,0,Heavy,0,Low,1,2,1,1
7229,C,Ship,268,2,low,F,4,5909,3,5,0,Heavy,1,Low,2,2,0,0
7230,F,Ship,151,2,low,M,3,5039,3,5,0,Heavy,0,Low,4,2,0,1
7231,D,Ship,171,2,medium,M,10,5211,4,3,0,Heavy,0,Low,3,2,1,1
7232,F,Ship,202,2,medium,F,1,5220,3,3,1,Heavy,0,Low,4,2,1,0
7233,A,Ship,174,4,medium,M,8,5627,5,2,1,Heavy,0,Low,0,2,1,1
7234,B,Ship,227,3,medium,M,7,4041,4,2,0,Heavy,0,Low,1,2,1,1
7235,C,Road,175,4,low,M,3,4143,6,3,0,Heavy,0,Low,2,1,0,1
7236,F,Road,191,3,medium,M,6,4586,3,4,1,Heavy,0,Low,4,1,1,1
7237,D,Road,240,3,low,F,5,5734,4,5,1,Heavy,0,Low,3,1,0,0
7238,F,Road,238,3,medium,F,6,5092,3,1,0,Heavy,0,Low,4,1,1,0
7239,A,Road,99,5,medium,M,9,5470,3,3,0,Heavy,0,Low,0,1,1,1
7240,B,Road,142,3,low,F,2,4619,3,5,0,Heavy,0,Low,1,1,0,0
7241,C,Road,148,3,high,F,6,5473,4,5,1,Heavy,0,Low,2,1,2,0
7242,F,Road,129,5,medium,M,7,5554,4,5,1,Heavy,0,Low,4,1,1,1
7243,D,Road,262,6,high,M,5,4506,6,3,0,Heavy,1,Low,3,1,2,1
7244,F,Road,190,2,low,M,2,4460,4,4,0,Heavy,0,Low,4,1,0,1
7245,A,Road,268,5,medium,M,1,4704,5,1,0,Heavy,1,Low,0,1,1,1
7246,B,Road,205,4,low,M,2,5294,3,5,0,Heavy,0,Low,1,1,0,1
7247,C,Road,186,2,medium,M,3,5818,3,1,0,Heavy,0,Low,2,1,1,1
7248,F,Road,185,4,low,F,8,5545,3,2,0,Heavy,0,Low,4,1,0,0
7249,D,Road,173,3,low,M,9,5432,5,4,0,Heavy,0,Low,3,1,0,1
7250,F,Road,208,2,high,M,1,4999,3,2,0,Heavy,0,Low,4,1,2,1
7251,A,Road,177,2,medium,M,9,4881,5,1,0,Heavy,0,Low,0,1,1,1
7252,B,Road,190,3,low,F,1,5065,3,1,1,Heavy,0,Low,1,1,0,0
7253,C,Road,257,3,medium,F,3,4895,5,4,1,Heavy,1,Low,2,1,1,0
7254,F,Road,168,3,medium,M,5,5183,3,4,0,Heavy,0,Low,4,1,1,1
7255,D,Road,229,3,low,M,2,4447,3,2,1,Heavy,0,Low,3,1,0,1
7256,F,Road,152,2,high,M,2,5396,4,1,0,Heavy,0,Low,4,1,2,1
7257,A,Flight,154,2,medium,M,10,5670,5,4,0,Heavy,0,Low,0,0,1,1
7258,B,Flight,239,3,medium,M,8,4975,5,5,0,Heavy,0,Low,1,0,1,1
7259,C,Flight,252,2,low,M,2,4888,3,5,1,Heavy,1,Low,2,0,0,1
7260,F,Flight,258,2,medium,F,5,4363,4,4,1,Heavy,1,Low,4,0,1,0
7261,D,Flight,184,4,medium,F,3,5430,4,5,1,Heavy,0,Low,3,0,1,0
7262,F,Flight,148,5,medium,M,2,4065,4,3,1,Heavy,0,Low,4,0,1,1
7263,A,Flight,240,2,medium,M,4,4447,5,2,1,Heavy,0,Low,0,0,1,1
7264,B,Flight,169,2,medium,M,9,5580,6,2,0,Heavy,0,Low,1,0,1,1
7265,C,Flight,156,3,medium,M,4,4519,3,4,1,Heavy,0,Low,2,0,1,1
7266,F,Flight,264,3,medium,F,9,5555,4,4,1,Heavy,1,Low,4,0,1,0
7267,D,Flight,223,3,medium,M,7,5832,4,5,1,Heavy,0,Low,3,0,1,1
7268,F,Flight,233,3,low,M,6,4275,5,4,1,Heavy,0,Low,4,0,0,1
7269,A,Flight,230,3,medium,F,7,5891,3,4,0,Heavy,0,Low,0,0,1,0
7270,B,Flight,175,6,high,F,6,5341,2,3,1,Heavy,0,Low,1,0,2,0
7271,C,Flight,155,3,high,F,2,4534,4,3,0,Heavy,0,Low,2,0,2,0
7272,F,Flight,220,2,medium,M,5,5864,4,2,0,Heavy,0,Low,4,0,1,1
7273,D,Flight,283,2,high,F,1,4115,4,2,0,Heavy,1,Low,3,0,2,0
7274,F,Flight,239,4,low,F,5,4084,3,3,1,Heavy,0,Low,4,0,0,0
7275,A,Flight,248,2,low,F,10,4813,5,2,0,Heavy,0,Low,0,0,0,0
7276,B,Flight,256,3,low,F,4,5068,4,3,1,Heavy,1,Low,1,0,0,0
7277,C,Flight,267,2,low,M,7,5746,4,2,1,Heavy,1,Low,2,0,0,1
7278,F,Flight,207,4,low,M,10,4092,3,5,1,Heavy,0,Low,4,0,0,1
7279,D,Ship,204,4,medium,F,6,5926,3,1,1,Heavy,0,Low,3,2,1,0
7280,F,Ship,209,2,medium,F,3,4407,4,4,0,Heavy,0,Low,4,2,1,0
7281,A,Ship,183,3,low,M,4,5866,4,3,0,Heavy,0,Low,0,2,0,1
7282,B,Ship,140,4,high,F,2,4636,2,5,1,Heavy,0,Low,1,2,2,0
7283,C,Ship,161,3,high,F,7,4799,4,3,1,Heavy,0,Low,2,2,2,0
7284,F,Ship,151,3,medium,F,9,4908,4,3,0,Heavy,0,Low,4,2,1,0
7285,D,Ship,257,2,medium,M,10,5095,5,4,0,Heavy,1,Low,3,2,1,1
7286,F,Ship,199,3,medium,F,3,4067,3,4,0,Heavy,0,Low,4,2,1,0
7287,A,Ship,191,2,low,F,4,5851,4,1,1,Heavy,0,Low,0,2,0,0
7288,B,Ship,236,2,low,M,10,5755,3,5,1,Heavy,0,Low,1,2,0,1
7289,C,Ship,217,3,medium,F,7,4723,4,3,1,Heavy,0,Low,2,2,1,0
7290,F,Ship,202,2,low,F,6,5716,5,3,0,Heavy,0,Low,4,2,0,0
7291,D,Ship,246,3,high,F,1,4273,3,4,1,Heavy,0,Low,3,2,2,0
7292,F,Ship,194,4,low,F,10,5024,4,4,0,Heavy,0,Low,4,2,0,0
7293,A,Ship,221,2,medium,M,10,4715,3,2,1,Heavy,0,Low,0,2,1,1
7294,B,Ship,231,5,low,F,6,5482,4,4,0,Heavy,0,Low,1,2,0,0
7295,C,Ship,254,5,low,F,2,4426,5,5,0,Heavy,1,Low,2,2,0,0
7296,F,Ship,252,2,low,M,6,5266,4,3,1,Heavy,1,Low,4,2,0,1
7297,D,Ship,196,3,high,F,4,4569,3,5,0,Heavy,0,Low,3,2,2,0
7298,F,Ship,104,4,high,F,9,5652,5,5,0,Heavy,0,Low,4,2,2,0
7299,A,Ship,156,4,low,F,5,5987,5,5,1,Heavy,0,Low,0,2,0,0
7300,B,Ship,250,4,low,M,2,4183,5,4,0,Heavy,0,Low,1,2,0,1
7301,C,Ship,267,2,low,M,9,5940,3,4,0,Heavy,1,Low,2,2,0,1
7302,F,Ship,197,4,medium,M,1,5210,3,2,1,Heavy,0,Low,4,2,1,1
7303,D,Ship,227,4,low,F,9,5465,3,4,0,Heavy,0,Low,3,2,0,0
7304,F,Ship,248,3,low,F,2,4075,5,1,0,Heavy,0,Low,4,2,0,0
7305,A,Ship,274,3,medium,M,3,5157,3,3,0,Heavy,1,Low,0,2,1,1
7306,B,Ship,232,6,low,M,4,5877,6,1,0,Heavy,0,Low,1,2,0,1
7307,C,Ship,181,3,low,M,4,5966,3,2,1,Heavy,0,Low,2,2,0,1
7308,F,Ship,101,3,low,M,10,4353,2,5,0,Heavy,0,Low,4,2,0,1
7309,D,Ship,161,2,medium,F,8,4348,4,4,1,Heavy,0,Low,3,2,1,0
7310,F,Ship,268,2,medium,F,8,4219,4,2,0,Heavy,1,Low,4,2,1,0
7311,A,Ship,218,4,medium,F,10,4967,4,4,0,Heavy,0,Low,0,2,1,0
7312,B,Ship,192,3,low,M,1,4308,3,2,1,Heavy,0,Low,1,2,0,1
7313,C,Ship,197,2,medium,F,2,4277,2,3,0,Heavy,0,Low,2,2,1,0
7314,F,Ship,253,2,medium,F,5,5624,4,4,0,Heavy,1,Low,4,2,1,0
7315,D,Ship,183,4,low,M,5,5326,3,1,0,Heavy,0,Low,3,2,0,1
7316,F,Ship,177,4,high,M,9,5311,3,5,0,Heavy,0,Low,4,2,2,1
7317,A,Ship,241,3,low,F,7,5134,5,1,1,Heavy,0,Low,0,2,0,0
7318,B,Ship,180,4,low,F,9,5105,3,5,1,Heavy,0,Low,1,2,0,0
7319,C,Ship,158,3,medium,M,2,5221,5,2,0,Heavy,0,Low,2,2,1,1
7320,F,Ship,209,3,low,F,7,4808,4,1,1,Heavy,0,Low,4,2,0,0
7321,D,Ship,273,6,medium,F,7,4058,5,4,1,Heavy,1,Low,3,2,1,0
7322,F,Ship,226,4,high,F,7,5600,6,2,0,Heavy,0,Low,4,2,2,0
7323,A,Ship,178,3,medium,M,6,4576,4,3,0,Heavy,0,Low,0,2,1,1
7324,B,Ship,151,6,medium,M,2,4529,5,1,0,Heavy,0,Low,1,2,1,1
7325,C,Ship,212,2,medium,M,7,5022,3,1,0,Heavy,0,Low,2,2,1,1
7326,F,Ship,239,4,medium,F,10,4410,3,2,0,Heavy,0,Low,4,2,1,0
7327,D,Ship,257,5,medium,M,5,4183,5,3,0,Heavy,1,Low,3,2,1,1
7328,F,Ship,165,2,low,M,8,5813,3,3,0,Heavy,0,Low,4,2,0,1
7329,A,Ship,183,2,medium,F,8,5690,4,3,1,Heavy,0,Low,0,2,1,0
7330,B,Ship,135,3,low,M,1,5013,4,5,0,Heavy,0,Low,1,2,0,1
7331,C,Ship,200,3,low,M,5,4686,4,1,0,Heavy,0,Low,2,2,0,1
7332,F,Ship,162,4,medium,M,7,5294,4,2,0,Heavy,0,Low,4,2,1,1
7333,D,Ship,218,3,medium,M,6,5288,3,3,1,Heavy,0,Low,3,2,1,1
7334,F,Ship,158,2,medium,M,7,4744,3,4,0,Heavy,0,Low,4,2,1,1
7335,A,Ship,213,3,medium,M,8,5214,4,2,1,Heavy,0,Low,0,2,1,1
7336,B,Ship,215,2,medium,F,9,4940,3,1,0,Heavy,0,Low,1,2,1,0
7337,C,Ship,268,2,high,F,5,5195,3,3,0,Heavy,1,Low,2,2,2,0
7338,F,Ship,207,4,low,M,9,4252,3,1,0,Heavy,0,Low,4,2,0,1
7339,D,Ship,270,6,medium,F,1,5675,2,5,0,Heavy,1,Low,3,2,1,0
7340,F,Ship,245,2,low,M,6,5366,5,2,1,Heavy,0,Low,4,2,0,1
7341,A,Ship,154,2,medium,F,6,4705,4,2,1,Heavy,0,Low,0,2,1,0
7342,B,Ship,155,3,medium,F,2,5446,3,1,0,Heavy,0,Low,1,2,1,0
7343,C,Ship,238,3,low,F,7,4709,4,4,0,Heavy,0,Low,2,2,0,0
7344,F,Ship,151,2,medium,M,1,5179,3,2,0,Heavy,0,Low,4,2,1,1
7345,D,Ship,185,2,low,M,4,5926,3,4,0,Heavy,0,Low,3,2,0,1
7346,F,Ship,171,3,medium,F,8,4826,4,3,0,Heavy,0,Low,4,2,1,0
7347,A,Ship,206,2,low,F,7,4185,3,2,1,Heavy,0,Low,0,2,0,0
7348,B,Ship,232,2,low,M,5,4255,3,3,1,Heavy,0,Low,1,2,0,1
7349,C,Ship,187,2,medium,F,7,5524,4,2,1,Heavy,0,Low,2,2,1,0
7350,F,Ship,209,3,medium,M,8,5884,4,4,1,Heavy,0,Low,4,2,1,1
7351,D,Ship,262,3,low,M,2,4015,4,2,0,Heavy,1,Low,3,2,0,1
7352,F,Ship,154,3,low,F,6,5540,3,2,1,Heavy,0,Low,4,2,0,0
7353,A,Ship,163,3,medium,F,1,5194,5,1,0,Heavy,0,Low,0,2,1,0
7354,B,Ship,257,2,low,M,7,4869,4,1,0,Heavy,1,Low,1,2,0,1
7355,C,Ship,265,4,low,F,8,5087,3,5,1,Heavy,1,Low,2,2,0,0
7356,F,Ship,220,3,low,F,7,5503,3,2,0,Heavy,0,Low,4,2,0,0
7357,D,Ship,201,3,low,F,6,4953,3,1,0,Heavy,0,Low,3,2,0,0
7358,F,Ship,268,4,low,M,5,4400,2,4,1,Heavy,1,Low,4,2,0,1
7359,A,Ship,139,3,medium,M,7,4550,4,1,0,Heavy,0,Low,0,2,1,1
7360,B,Ship,241,4,low,F,3,5051,3,5,0,Heavy,0,Low,1,2,0,0
7361,C,Ship,145,3,high,M,2,5665,4,4,0,Heavy,0,Low,2,2,2,1
7362,F,Ship,157,3,medium,M,9,4990,4,3,0,Heavy,0,Low,4,2,1,1
7363,D,Ship,203,2,medium,F,7,4185,4,3,0,Heavy,0,Low,3,2,1,0
7364,F,Ship,163,3,medium,M,7,4463,4,4,0,Heavy,0,Low,4,2,1,1
7365,A,Ship,263,2,low,F,5,4010,4,1,1,Heavy,1,Low,0,2,0,0
7366,B,Ship,258,4,high,F,5,4562,5,5,0,Heavy,1,Low,1,2,2,0
7367,C,Ship,251,3,medium,F,8,4228,5,3,1,Heavy,1,Low,2,2,1,0
7368,F,Ship,140,6,low,M,9,4558,3,4,0,Heavy,0,Low,4,2,0,1
7369,D,Ship,179,4,medium,F,2,4071,4,1,1,Heavy,0,Low,3,2,1,0
7370,F,Ship,211,2,medium,F,7,4734,5,4,0,Heavy,0,Low,4,2,1,0
7371,A,Ship,271,2,medium,F,7,4569,3,1,0,Heavy,1,Low,0,2,1,0
7372,B,Road,181,3,medium,M,1,5444,4,4,0,Heavy,0,Low,1,1,1,1
7373,C,Road,130,4,medium,F,10,4726,2,1,0,Heavy,0,Low,2,1,1,0
7374,F,Road,264,3,high,M,9,5841,5,4,1,Heavy,1,Low,4,1,2,1
7375,D,Road,221,3,low,F,7,4856,4,2,0,Heavy,0,Low,3,1,0,0
7376,F,Road,194,2,medium,F,1,5931,3,1,0,Heavy,0,Low,4,1,1,0
7377,A,Road,201,2,medium,F,4,4857,3,1,1,Heavy,0,Low,0,1,1,0
7378,B,Road,166,2,medium,M,6,4523,3,5,1,Heavy,0,Low,1,1,1,1
7379,C,Road,254,2,low,M,9,5658,5,4,1,Heavy,1,Low,2,1,0,1
7380,F,Road,144,3,low,F,7,5496,4,3,0,Heavy,0,Low,4,1,0,0
7381,D,Road,171,2,low,M,6,4236,5,2,0,Heavy,0,Low,3,1,0,1
7382,F,Road,240,3,low,F,9,4986,6,4,1,Heavy,0,Low,4,1,0,0
7383,A,Road,232,5,high,M,10,4576,6,3,1,Heavy,0,Low,0,1,2,1
7384,B,Road,145,6,medium,M,6,4403,5,4,0,Heavy,0,Low,1,1,1,1
7385,C,Road,275,4,medium,M,2,4086,3,3,1,Heavy,1,Low,2,1,1,1
7386,F,Road,146,10,low,F,5,4032,3,1,1,Heavy,0,Low,4,1,0,0
7387,D,Road,207,2,high,M,8,5066,5,5,1,Heavy,0,Low,3,1,2,1
7388,F,Road,157,7,low,F,7,4385,4,1,0,Heavy,0,Low,4,1,0,0
7389,A,Road,146,8,low,M,7,5245,4,2,1,Heavy,0,Low,0,1,0,1
7390,B,Road,139,8,medium,M,6,5667,4,1,1,Heavy,0,Low,1,1,1,1
7391,C,Road,223,7,high,M,8,4178,3,5,1,Heavy,0,Low,2,1,2,1
7392,F,Road,224,2,medium,F,10,5674,5,2,0,Heavy,0,Low,4,1,1,0
7393,D,Road,174,3,medium,F,6,5064,5,3,1,Heavy,0,Low,3,1,1,0
7394,F,Flight,152,7,low,M,9,4224,4,5,0,Heavy,0,Low,4,0,0,1
7395,A,Flight,223,5,medium,F,3,4480,4,2,0,Heavy,0,Low,0,0,1,0
7396,B,Flight,223,5,low,F,5,1010,5,2,1,Light,0,Low,1,0,0,0
7397,C,Flight,239,5,low,F,10,1429,4,2,0,Light,0,Low,2,0,0,0
7398,F,Flight,246,6,low,M,5,1622,4,2,0,Light,0,Low,4,0,0,1
7399,D,Flight,295,4,low,F,9,1235,7,3,0,Light,1,Low,3,0,0,0
7400,F,Flight,305,4,low,F,7,1099,6,5,1,Light,1,Low,4,0,0,0
7401,A,Flight,177,4,medium,M,5,1854,3,4,0,Light,0,Low,0,0,1,1
7402,B,Flight,257,5,low,F,1,1778,5,4,1,Light,1,Low,1,0,0,0
7403,C,Flight,306,4,low,F,5,1490,6,3,1,Light,1,Low,2,0,0,0
7404,F,Flight,226,6,medium,M,10,1174,4,3,0,Light,0,Low,4,0,1,1
7405,D,Flight,228,5,low,F,6,1727,4,1,1,Light,0,Low,3,0,0,0
7406,F,Flight,225,5,low,F,6,1082,5,3,0,Light,0,Low,4,0,0,0
7407,A,Flight,289,4,low,M,10,1385,7,5,0,Light,1,Low,0,0,0,1
7408,B,Flight,261,5,low,F,10,1713,5,1,0,Light,1,Low,1,0,0,0
7409,C,Flight,255,5,medium,M,4,1634,5,2,0,Light,1,Low,2,0,1,1
7410,F,Flight,266,5,medium,M,8,1592,5,4,1,Light,1,Low,4,0,1,1
7411,D,Flight,290,4,low,F,3,1544,6,4,1,Light,1,Low,3,0,0,0
7412,F,Flight,235,5,low,F,4,1839,4,3,1,Light,0,Low,4,0,0,0
7413,A,Flight,250,4,low,M,8,1689,6,5,0,Light,0,Low,0,0,0,1
7414,B,Flight,245,5,low,F,5,1293,5,4,1,Light,0,Low,1,0,0,0
7415,C,Flight,286,4,medium,F,7,1132,6,3,1,Light,1,Low,2,0,1,0
7416,F,Ship,271,4,low,F,5,1184,5,4,1,Light,1,Low,4,2,0,0
7417,D,Ship,242,6,low,M,4,1791,4,1,1,Light,0,Low,3,2,0,1
7418,F,Ship,282,5,low,M,7,1260,7,5,1,Light,1,Low,4,2,0,1
7419,A,Ship,254,5,low,M,9,1654,4,4,1,Light,1,Low,0,2,0,1
7420,B,Ship,242,5,medium,M,3,1444,5,5,1,Light,0,Low,1,2,1,1
7421,C,Ship,263,4,low,F,10,1995,5,4,0,Light,1,Low,2,2,0,0
7422,F,Ship,278,4,low,M,1,1210,7,5,0,Light,1,Low,4,2,0,1
7423,D,Ship,255,4,low,M,9,1575,6,1,0,Light,1,Low,3,2,0,1
7424,F,Ship,184,3,low,M,3,1705,4,2,1,Light,0,Low,4,2,0,1
7425,A,Ship,257,4,medium,M,2,1012,6,2,0,Light,1,Low,0,2,1,1
7426,B,Ship,214,2,medium,M,7,1693,3,2,0,Light,0,Low,1,2,1,1
7427,C,Ship,130,4,medium,M,10,4363,2,3,0,Heavy,0,Low,2,2,1,1
7428,F,Ship,264,3,high,F,3,5835,5,5,1,Heavy,1,Low,4,2,2,0
7429,D,Ship,221,3,low,M,10,4126,4,2,0,Heavy,0,Low,3,2,0,1
7430,F,Ship,194,2,medium,F,7,4809,3,5,0,Heavy,0,Low,4,2,1,0
7431,A,Ship,201,2,medium,M,2,4440,3,5,0,Heavy,0,Low,0,2,1,1
7432,B,Ship,166,2,medium,M,6,4765,3,2,0,Heavy,0,Low,1,2,1,1
7433,C,Ship,254,2,low,F,5,4985,5,2,1,Heavy,1,Low,2,2,0,0
7434,F,Ship,144,3,low,F,7,5351,4,4,1,Heavy,0,Low,4,2,0,0
7435,D,Ship,171,2,low,M,9,5252,5,1,0,Heavy,0,Low,3,2,0,1
7436,F,Ship,240,3,low,M,4,5219,6,5,1,Heavy,0,Low,4,2,0,1
7437,A,Ship,232,5,high,M,10,4345,6,1,0,Heavy,0,Low,0,2,2,1
7438,B,Ship,145,6,medium,M,9,4243,5,2,0,Heavy,0,Low,1,2,1,1
7439,C,Ship,275,4,medium,M,10,5066,3,5,0,Heavy,1,Low,2,2,1,1
7440,F,Ship,146,10,low,M,9,4128,3,5,0,Heavy,0,Low,4,2,0,1
7441,D,Ship,207,2,high,M,3,4083,5,1,0,Heavy,0,Low,3,2,2,1
7442,F,Ship,157,7,low,F,3,4878,4,3,1,Heavy,0,Low,4,2,0,0
7443,A,Ship,146,8,low,M,7,4576,4,1,0,Heavy,0,Low,0,2,0,1
7444,B,Ship,139,8,medium,F,2,5012,4,2,1,Heavy,0,Low,1,2,1,0
7445,C,Ship,223,7,high,M,5,4439,3,1,1,Heavy,0,Low,2,2,2,1
7446,F,Ship,224,2,medium,M,1,5603,5,3,0,Heavy,0,Low,4,2,1,1
7447,D,Ship,174,3,medium,F,10,4902,5,2,1,Heavy,0,Low,3,2,1,0
7448,F,Ship,152,7,low,F,5,5325,4,1,1,Heavy,0,Low,4,2,0,0
7449,A,Ship,223,5,medium,M,4,4704,4,5,0,Heavy,0,Low,0,2,1,1
7450,B,Ship,223,5,low,M,2,1232,5,2,1,Light,0,Low,1,2,0,1
7451,C,Ship,239,5,low,M,6,1986,4,4,1,Light,0,Low,2,2,0,1
7452,F,Ship,246,6,low,M,4,1489,4,1,0,Light,0,Low,4,2,0,1
7453,D,Ship,295,4,low,F,10,1217,7,4,1,Light,1,Low,3,2,0,0
7454,F,Ship,305,4,low,F,6,1787,6,5,1,Light,1,Low,4,2,0,0
7455,A,Ship,177,4,medium,F,4,1560,3,3,1,Light,0,Low,0,2,1,0
7456,B,Ship,257,5,low,F,8,1409,5,3,0,Light,1,Low,1,2,0,0
7457,C,Ship,306,4,low,F,5,1703,6,4,1,Light,1,Low,2,2,0,0
7458,F,Ship,226,6,medium,F,10,1348,4,5,1,Light,0,Low,4,2,1,0
7459,D,Ship,228,5,low,M,6,1853,4,4,1,Light,0,Low,3,2,0,1
7460,F,Ship,225,5,low,F,9,1646,5,5,1,Light,0,Low,4,2,0,0
7461,A,Ship,289,4,low,M,5,1918,7,2,1,Light,1,Low,0,2,0,1
7462,B,Ship,261,5,low,M,5,1837,5,1,1,Light,1,Low,1,2,0,1
7463,C,Ship,255,5,medium,M,9,1156,5,1,1,Light,1,Low,2,2,1,1
7464,F,Ship,266,5,medium,M,7,1440,5,5,0,Light,1,Low,4,2,1,1
7465,D,Ship,290,4,low,M,6,1929,6,5,0,Light,1,Low,3,2,0,1
7466,F,Ship,235,5,low,M,9,1821,4,1,1,Light,0,Low,4,2,0,1
7467,A,Ship,250,4,low,M,2,1969,6,4,1,Light,0,Low,0,2,0,1
7468,B,Ship,245,5,low,F,5,1996,5,1,1,Light,0,Low,1,2,0,0
7469,C,Ship,286,4,medium,M,1,1636,6,1,0,Light,1,Low,2,2,1,1
7470,F,Ship,271,4,low,M,8,1132,5,5,1,Light,1,Low,4,2,0,1
7471,D,Ship,242,6,low,M,8,1419,4,1,1,Light,0,Low,3,2,0,1
7472,F,Ship,282,5,low,M,6,1744,7,2,1,Light,1,Low,4,2,0,1
7473,A,Ship,254,5,low,M,2,1573,4,4,1,Light,1,Low,0,2,0,1
7474,B,Ship,242,5,medium,M,1,1824,5,4,1,Light,0,Low,1,2,1,1
7475,C,Ship,263,4,low,F,2,1625,5,4,0,Light,1,Low,2,2,0,0
7476,F,Ship,246,5,medium,M,4,1257,5,3,1,Light,0,Low,4,2,1,1
7477,D,Ship,251,5,low,F,8,1616,7,3,1,Light,1,Low,3,2,0,0
7478,F,Ship,262,5,low,M,4,1509,5,2,1,Light,1,Low,4,2,0,1
7479,A,Ship,245,5,low,F,1,1924,5,5,1,Light,0,Low,0,2,0,0
7480,B,Ship,273,5,medium,F,7,1409,4,5,0,Light,1,Low,1,2,1,0
7481,C,Ship,272,4,medium,M,9,1188,7,2,1,Light,1,Low,2,2,1,1
7482,F,Ship,269,5,low,M,4,1454,5,5,0,Light,1,Low,4,2,0,1
7483,D,Ship,263,5,low,F,5,1874,4,2,0,Light,1,Low,3,2,0,0
7484,F,Ship,284,4,low,M,7,1584,6,4,0,Light,1,Low,4,2,0,1
7485,A,Ship,232,5,medium,F,10,1916,5,2,0,Light,0,Low,0,2,1,0
7486,B,Ship,219,5,low,F,9,1071,6,2,0,Light,0,Low,1,2,0,0
7487,C,Ship,206,4,medium,F,5,1679,4,2,0,Light,0,Low,2,2,1,0
7488,F,Ship,242,5,medium,M,8,1382,5,1,1,Light,0,Low,4,2,1,1
7489,D,Ship,250,4,medium,F,8,1247,5,5,1,Light,0,Low,3,2,1,0
7490,F,Ship,267,4,medium,M,8,1892,7,3,1,Light,1,Low,4,2,1,1
7491,A,Ship,269,4,medium,F,1,1872,6,4,0,Light,1,Low,0,2,1,0
7492,B,Ship,248,6,low,M,1,1415,4,2,1,Light,0,Low,1,2,0,1
7493,C,Ship,154,4,medium,F,7,1915,3,3,0,Light,0,Low,2,2,1,0
7494,F,Ship,239,3,low,F,4,1399,3,3,0,Light,0,Low,4,2,0,0
7495,D,Ship,269,5,low,F,3,1118,4,5,0,Light,1,Low,3,2,0,0
7496,F,Ship,239,5,low,F,8,1048,4,1,0,Light,0,Low,4,2,0,0
7497,A,Ship,237,5,low,F,1,1526,5,5,0,Light,0,Low,0,2,0,0
7498,B,Ship,231,6,medium,F,3,1075,5,4,0,Light,0,Low,1,2,1,0
7499,C,Ship,249,5,medium,M,5,1662,5,5,1,Light,0,Low,2,2,1,1
7500,F,Ship,262,6,low,F,5,1418,5,5,1,Light,1,Low,4,2,0,0
7501,D,Ship,300,4,medium,F,10,1179,7,2,0,Light,1,Low,3,2,1,0
7502,F,Ship,265,4,medium,F,3,1357,7,1,1,Light,1,Low,4,2,1,0
7503,A,Ship,270,5,high,F,6,1836,5,1,1,Light,1,Low,0,2,2,0
7504,B,Ship,265,5,low,M,8,1555,4,2,0,Light,1,Low,1,2,0,1
7505,C,Ship,263,4,low,F,1,1258,6,2,1,Light,1,Low,2,2,0,0
7506,F,Ship,305,4,low,F,3,1872,7,3,0,Light,1,Low,4,2,0,0
7507,D,Ship,253,4,low,F,6,1344,7,5,1,Light,1,Low,3,2,0,0
7508,F,Ship,248,5,medium,F,9,1973,5,2,0,Light,0,Low,4,2,1,0
7509,A,Road,290,4,low,M,3,1710,6,4,0,Light,1,Low,0,1,0,1
7510,B,Road,239,5,low,F,10,1042,5,4,1,Light,0,Low,1,1,0,0
7511,C,Road,282,4,low,F,2,1566,7,1,0,Light,1,Low,2,1,0,0
7512,F,Road,275,4,low,F,3,1107,7,5,0,Light,1,Low,4,1,0,0
7513,D,Road,268,5,medium,F,5,1876,5,2,1,Light,1,Low,3,1,1,0
7514,F,Road,253,4,low,M,10,1962,6,1,0,Light,1,Low,4,1,0,1
7515,A,Road,294,4,medium,M,10,1148,6,2,0,Light,1,Low,0,1,1,1
7516,B,Road,240,5,medium,M,7,1255,5,5,0,Light,0,Low,1,1,1,1
7517,C,Road,228,5,low,M,5,1844,5,4,0,Light,0,Low,2,1,0,1
7518,F,Road,179,2,low,M,3,5159,3,1,1,Heavy,0,Low,4,1,0,1
7519,D,Road,260,3,low,M,2,4071,6,2,0,Heavy,1,Low,3,1,0,1
7520,F,Road,155,3,low,F,2,4094,4,4,1,Heavy,0,Low,4,1,0,0
7521,A,Road,204,2,low,M,1,4133,3,5,0,Heavy,0,Low,0,1,0,1
7522,B,Road,247,3,medium,F,9,4284,2,2,1,Heavy,0,Low,1,1,1,0
7523,C,Road,213,3,medium,M,7,5947,4,3,0,Heavy,0,Low,2,1,1,1
7524,F,Road,252,3,low,M,4,5119,4,1,1,Heavy,1,Low,4,1,0,1
7525,D,Road,165,2,medium,M,10,4351,4,3,0,Heavy,0,Low,3,1,1,1
7526,F,Road,174,3,low,F,3,4846,4,3,1,Heavy,0,Low,4,1,0,0
7527,A,Road,157,3,low,F,6,5187,3,3,0,Heavy,0,Low,0,1,0,0
7528,B,Road,177,3,low,F,4,4550,4,2,0,Heavy,0,Low,1,1,0,0
7529,C,Road,140,2,low,F,3,5713,3,3,0,Heavy,0,Low,2,1,0,0
7530,F,Road,204,5,low,M,3,5723,5,2,1,Heavy,0,Low,4,1,0,1
7531,D,Flight,174,3,low,F,10,4998,3,4,1,Heavy,0,Low,3,0,0,0
7532,F,Flight,148,2,low,M,4,5437,4,4,0,Heavy,0,Low,4,0,0,1
7533,A,Flight,166,5,low,F,8,4759,3,1,1,Heavy,0,Low,0,0,0,0
7534,B,Flight,232,3,low,M,5,5607,5,2,1,Heavy,0,Low,1,0,0,1
7535,C,Flight,191,4,low,M,7,5507,4,2,1,Heavy,0,Low,2,0,0,1
7536,F,Flight,270,3,medium,F,4,5566,4,2,0,Heavy,1,Low,4,0,1,0
7537,D,Flight,263,4,medium,F,4,4042,2,5,1,Heavy,1,Low,3,0,1,0
7538,F,Flight,214,2,low,F,3,5595,3,1,1,Heavy,0,Low,4,0,0,0
7539,A,Flight,153,3,low,M,9,4404,3,1,0,Heavy,0,Low,0,0,0,1
7540,B,Flight,218,3,low,M,6,4594,6,3,0,Heavy,0,Low,1,0,0,1
7541,C,Flight,201,3,medium,F,10,5121,5,5,1,Heavy,0,Low,2,0,1,0
7542,F,Flight,265,3,low,M,9,5508,4,4,0,Heavy,1,Low,4,0,0,1
7543,D,Flight,226,3,high,F,4,4604,6,3,1,Heavy,0,Low,3,0,2,0
7544,F,Flight,155,3,medium,M,6,5033,4,4,1,Heavy,0,Low,4,0,1,1
7545,A,Flight,146,3,low,F,7,4524,5,2,1,Heavy,0,Low,0,0,0,0
7546,B,Flight,177,3,low,F,9,4890,3,1,1,Heavy,0,Low,1,0,0,0
7547,C,Flight,171,3,medium,F,6,4209,5,5,1,Heavy,0,Low,2,0,1,0
7548,F,Flight,149,2,low,M,2,4026,4,2,1,Heavy,0,Low,4,0,0,1
7549,D,Flight,268,3,medium,M,8,5385,5,2,1,Heavy,1,Low,3,0,1,1
7550,F,Flight,150,3,high,M,2,5502,3,2,0,Heavy,0,Low,4,0,2,1
7551,A,Flight,217,2,high,F,9,5554,3,3,1,Heavy,0,Low,0,0,2,0
7552,B,Flight,205,2,low,M,10,4086,4,1,0,Heavy,0,Low,1,0,0,1
7553,C,Ship,220,2,low,F,6,5543,4,2,0,Heavy,0,Low,2,2,0,0
7554,F,Ship,168,2,low,F,10,4583,3,3,1,Heavy,0,Low,4,2,0,0
7555,D,Ship,203,5,medium,M,1,5356,5,5,1,Heavy,0,Low,3,2,1,1
7556,F,Ship,235,2,medium,M,7,4013,3,4,1,Heavy,0,Low,4,2,1,1
7557,A,Ship,261,3,medium,M,4,5482,3,3,1,Heavy,1,Low,0,2,1,1
7558,B,Ship,266,3,high,F,2,5298,4,3,0,Heavy,1,Low,1,2,2,0
7559,C,Ship,154,5,low,M,6,5659,5,4,1,Heavy,0,Low,2,2,0,1
7560,F,Ship,268,4,medium,F,2,4543,4,1,0,Heavy,1,Low,4,2,1,0
7561,D,Ship,169,3,medium,F,4,5485,2,2,1,Heavy,0,Low,3,2,1,0
7562,F,Ship,165,4,medium,M,2,4176,3,3,1,Heavy,0,Low,4,2,1,1
7563,A,Ship,171,2,low,M,7,5190,4,4,1,Heavy,0,Low,0,2,0,1
7564,B,Ship,275,5,low,F,6,4450,4,5,0,Heavy,1,Low,1,2,0,0
7565,C,Ship,184,3,low,M,7,5438,3,4,0,Heavy,0,Low,2,2,0,1
7566,F,Ship,236,3,low,M,4,4800,4,2,0,Heavy,0,Low,4,2,0,1
7567,D,Ship,261,4,medium,M,9,5116,4,3,1,Heavy,1,Low,3,2,1,1
7568,F,Ship,251,2,low,F,7,5368,3,1,1,Heavy,1,Low,4,2,0,0
7569,A,Ship,202,4,low,F,3,4003,3,3,1,Heavy,0,Low,0,2,0,0
7570,B,Ship,155,3,low,F,4,4397,4,1,0,Heavy,0,Low,1,2,0,0
7571,C,Ship,157,4,low,F,2,5715,3,3,1,Heavy,0,Low,2,2,0,0
7572,F,Ship,191,3,low,M,2,5189,4,1,0,Heavy,0,Low,4,2,0,1
7573,D,Ship,194,3,low,M,6,4295,3,5,1,Heavy,0,Low,3,2,0,1
7574,F,Ship,154,2,medium,M,6,4675,3,5,1,Heavy,0,Low,4,2,1,1
7575,A,Ship,270,3,medium,M,5,4843,3,5,1,Heavy,1,Low,0,2,1,1
7576,B,Ship,259,3,low,F,8,4223,4,4,1,Heavy,1,Low,1,2,0,0
7577,C,Ship,156,4,low,F,9,4098,5,3,0,Heavy,0,Low,2,2,0,0
7578,F,Ship,236,4,medium,M,7,4308,5,3,0,Heavy,0,Low,4,2,1,1
7579,D,Ship,188,3,low,M,7,5720,4,4,0,Heavy,0,Low,3,2,0,1
7580,F,Ship,183,4,medium,M,3,4842,6,3,0,Heavy,0,Low,4,2,1,1
7581,A,Ship,149,3,medium,M,6,5508,4,4,0,Heavy,0,Low,0,2,1,1
7582,B,Ship,199,4,low,F,7,5740,5,4,0,Heavy,0,Low,1,2,0,0
7583,C,Ship,245,2,low,F,2,4297,4,4,1,Heavy,0,Low,2,2,0,0
7584,F,Ship,158,3,medium,F,1,5438,3,2,0,Heavy,0,Low,4,2,1,0
7585,D,Ship,146,5,low,F,3,5489,3,5,0,Heavy,0,Low,3,2,0,0
7586,F,Ship,260,3,medium,M,8,4586,5,5,1,Heavy,1,Low,4,2,1,1
7587,A,Ship,238,6,medium,M,10,5508,5,1,0,Heavy,0,Low,0,2,1,1
7588,B,Ship,201,6,medium,F,8,5529,4,1,0,Heavy,0,Low,1,2,1,0
7589,C,Ship,220,4,medium,M,7,5894,3,1,1,Heavy,0,Low,2,2,1,1
7590,F,Ship,172,4,medium,M,7,4834,4,4,0,Heavy,0,Low,4,2,1,1
7591,D,Ship,274,3,medium,F,7,4477,4,2,1,Heavy,1,Low,3,2,1,0
7592,F,Ship,169,3,medium,M,3,5692,5,2,0,Heavy,0,Low,4,2,1,1
7593,A,Ship,256,2,medium,F,1,5352,5,1,1,Heavy,1,Low,0,2,1,0
7594,B,Ship,150,4,medium,F,1,5211,5,3,0,Heavy,0,Low,1,2,1,0
7595,C,Ship,176,3,low,F,10,5284,3,3,1,Heavy,0,Low,2,2,0,0
7596,F,Ship,269,2,medium,F,9,5672,5,2,0,Heavy,1,Low,4,2,1,0
7597,D,Ship,224,2,low,F,10,4380,3,5,1,Heavy,0,Low,3,2,0,0
7598,F,Ship,201,3,low,F,5,5137,5,4,0,Heavy,0,Low,4,2,0,0
7599,A,Ship,179,2,medium,M,2,4085,3,1,0,Heavy,0,Low,0,2,1,1
7600,B,Ship,245,4,low,M,1,5743,5,3,0,Heavy,0,Low,1,2,0,1
7601,C,Ship,139,2,high,F,2,4041,4,3,1,Heavy,0,Low,2,2,2,0
7602,F,Ship,261,4,medium,F,4,4307,3,3,1,Heavy,1,Low,4,2,1,0
7603,D,Ship,147,3,medium,M,1,5454,4,3,0,Heavy,0,Low,3,2,1,1
7604,F,Ship,240,4,medium,M,7,4818,4,1,1,Heavy,0,Low,4,2,1,1
7605,A,Ship,224,3,low,M,6,5115,3,5,0,Heavy,0,Low,0,2,0,1
7606,B,Ship,236,3,low,M,2,4298,3,1,0,Heavy,0,Low,1,2,0,1
7607,C,Ship,173,3,low,M,8,4797,5,2,1,Heavy,0,Low,2,2,0,1
7608,F,Ship,201,2,low,F,2,5361,3,3,0,Heavy,0,Low,4,2,0,0
7609,D,Ship,140,3,high,F,7,4799,5,5,1,Heavy,0,Low,3,2,2,0
7610,F,Ship,203,3,high,M,3,5440,3,3,0,Heavy,0,Low,4,2,2,1
7611,A,Ship,173,3,low,F,8,5979,3,4,0,Heavy,0,Low,0,2,0,0
7612,B,Ship,198,4,medium,F,4,4564,3,2,0,Heavy,0,Low,1,2,1,0
7613,C,Ship,273,3,low,M,2,5712,4,2,0,Heavy,1,Low,2,2,0,1
7614,F,Ship,131,6,low,M,8,4005,5,4,1,Heavy,0,Low,4,2,0,1
7615,D,Ship,178,4,medium,M,10,5382,5,3,1,Heavy,0,Low,3,2,1,1
7616,F,Ship,175,3,low,M,8,5944,4,4,1,Heavy,0,Low,4,2,0,1
7617,A,Ship,145,2,low,F,2,4686,4,5,1,Heavy,0,Low,0,2,0,0
7618,B,Ship,256,4,medium,F,5,4970,5,1,1,Heavy,1,Low,1,2,1,0
7619,C,Ship,175,6,low,F,5,5445,4,2,1,Heavy,0,Low,2,2,0,0
7620,F,Ship,170,4,low,M,5,4574,4,4,0,Heavy,0,Low,4,2,0,1
7621,D,Ship,206,4,medium,F,2,5443,2,3,0,Heavy,0,Low,3,2,1,0
7622,F,Ship,145,4,high,M,4,5801,3,4,0,Heavy,0,Low,4,2,2,1
7623,A,Ship,266,2,high,F,3,5195,3,5,0,Heavy,1,Low,0,2,2,0
7624,B,Ship,183,3,medium,F,3,4071,5,5,1,Heavy,0,Low,1,2,1,0
7625,C,Ship,210,2,low,M,2,4079,5,1,1,Heavy,0,Low,2,2,0,1
7626,F,Ship,134,2,low,F,7,5610,5,1,0,Heavy,0,Low,4,2,0,0
7627,D,Ship,223,3,low,M,10,5243,3,3,1,Heavy,0,Low,3,2,0,1
7628,F,Ship,223,3,low,M,5,4373,5,5,1,Heavy,0,Low,4,2,0,1
7629,A,Ship,255,3,high,F,3,5616,4,4,0,Heavy,1,Low,0,2,2,0
7630,B,Ship,270,3,low,F,6,5212,4,1,0,Heavy,1,Low,1,2,0,0
7631,C,Ship,260,2,low,M,7,5684,4,2,0,Heavy,1,Low,2,2,0,1
7632,F,Ship,225,2,low,M,8,4725,5,4,0,Heavy,0,Low,4,2,0,1
7633,D,Ship,237,4,low,F,4,4697,4,1,1,Heavy,0,Low,3,2,0,0
7634,F,Ship,111,4,medium,M,7,5988,4,5,1,Heavy,0,Low,4,2,1,1
7635,A,Ship,230,4,medium,M,4,5363,5,1,0,Heavy,0,Low,0,2,1,1
7636,B,Ship,193,2,low,F,5,5706,2,4,0,Heavy,0,Low,1,2,0,0
7637,C,Ship,162,4,medium,M,10,4235,3,4,0,Heavy,0,Low,2,2,1,1
7638,F,Ship,195,4,low,M,3,4743,3,4,0,Heavy,0,Low,4,2,0,1
7639,D,Ship,123,5,low,F,4,5284,5,2,0,Heavy,0,Low,3,2,0,0
7640,F,Ship,248,2,medium,F,10,5211,4,3,0,Heavy,0,Low,4,2,1,0
7641,A,Ship,151,3,low,F,4,5610,4,1,1,Heavy,0,Low,0,2,0,0
7642,B,Ship,252,4,low,M,2,5226,4,3,0,Heavy,1,Low,1,2,0,1
7643,C,Ship,134,4,low,M,5,5090,5,2,0,Heavy,0,Low,2,2,0,1
7644,F,Ship,189,2,medium,F,4,4160,3,2,0,Heavy,0,Low,4,2,1,0
7645,D,Ship,159,2,medium,F,6,4990,3,4,1,Heavy,0,Low,3,2,1,0
7646,F,Road,173,3,medium,M,6,4963,4,2,0,Heavy,0,Low,4,1,1,1
7647,A,Road,254,2,medium,M,6,4934,5,5,0,Heavy,1,Low,0,1,1,1
7648,B,Road,241,2,medium,M,5,5666,5,3,0,Heavy,0,Low,1,1,1,1
7649,C,Road,262,2,medium,M,1,4357,4,4,0,Heavy,1,Low,2,1,1,1
7650,F,Road,265,4,low,F,2,5416,5,1,1,Heavy,1,Low,4,1,0,0
7651,D,Road,201,4,low,F,8,5355,6,4,1,Heavy,0,Low,3,1,0,0
7652,F,Road,233,4,medium,F,9,5539,5,2,0,Heavy,0,Low,4,1,1,0
7653,A,Road,164,10,medium,F,6,5603,3,1,0,Heavy,0,Low,0,1,1,0
7654,B,Road,180,2,medium,M,1,5622,4,5,0,Heavy,0,Low,1,1,1,1
7655,C,Road,199,3,medium,M,1,4490,3,4,1,Heavy,0,Low,2,1,1,1
7656,F,Road,140,8,medium,M,8,4065,4,3,1,Heavy,0,Low,4,1,1,1
7657,D,Road,140,2,medium,F,5,4347,4,5,1,Heavy,0,Low,3,1,1,0
7658,F,Road,146,7,low,F,9,5631,5,2,0,Heavy,0,Low,4,1,0,0
7659,A,Road,216,10,medium,M,4,4409,5,3,1,Heavy,0,Low,0,1,1,1
7660,B,Road,159,2,high,F,9,4099,3,5,1,Heavy,0,Low,1,1,2,0
7661,C,Road,222,3,medium,M,4,5857,4,4,0,Heavy,0,Low,2,1,1,1
7662,F,Road,240,8,medium,M,8,4319,4,3,1,Heavy,0,Low,4,1,1,1
7663,D,Road,189,3,high,M,9,4278,3,3,1,Heavy,0,Low,3,1,2,1
7664,F,Road,252,2,low,M,9,5050,3,1,0,Heavy,1,Low,4,1,0,1
7665,A,Road,149,4,medium,M,7,4598,2,2,0,Heavy,0,Low,0,1,1,1
7666,B,Road,199,5,medium,F,6,4417,5,4,1,Heavy,0,Low,1,1,1,0
7667,C,Road,244,3,low,F,7,4172,4,5,0,Heavy,0,Low,2,1,0,0
7668,F,Flight,272,4,medium,F,8,1816,7,2,0,Light,1,Low,4,0,1,0
7669,D,Flight,269,5,low,F,3,1667,5,3,1,Light,1,Low,3,0,0,0
7670,F,Flight,263,5,low,F,8,1257,4,1,0,Light,1,Low,4,0,0,0
7671,A,Flight,284,4,low,F,9,1436,6,4,0,Light,1,Low,0,0,0,0
7672,B,Flight,232,5,medium,F,6,1246,5,5,0,Light,0,Low,1,0,1,0
7673,C,Flight,219,5,low,F,2,1475,6,5,1,Light,0,Low,2,0,0,0
7674,F,Flight,206,4,medium,F,1,1593,4,5,0,Light,0,Low,4,0,1,0
7675,D,Flight,242,5,medium,F,2,1717,5,4,1,Light,0,Low,3,0,1,0
7676,F,Flight,250,4,medium,M,4,1438,5,1,0,Light,0,Low,4,0,1,1
7677,A,Flight,267,4,medium,F,9,1378,7,4,1,Light,1,Low,0,0,1,0
7678,B,Flight,269,4,medium,F,3,1022,6,3,0,Light,1,Low,1,0,1,0
7679,C,Flight,189,2,medium,F,3,4617,3,2,0,Heavy,0,Low,2,0,1,0
7680,F,Flight,159,2,medium,F,3,5691,3,1,0,Heavy,0,Low,4,0,1,0
7681,D,Flight,173,3,medium,F,2,4351,4,3,0,Heavy,0,Low,3,0,1,0
7682,F,Flight,254,2,medium,F,5,4764,5,3,1,Heavy,1,Low,4,0,1,0
7683,A,Flight,241,2,medium,M,9,4965,5,2,0,Heavy,0,Low,0,0,1,1
7684,B,Flight,262,2,medium,F,3,4064,4,3,1,Heavy,1,Low,1,0,1,0
7685,C,Flight,265,4,low,F,7,4883,5,2,0,Heavy,1,Low,2,0,0,0
7686,F,Flight,201,4,low,F,5,4592,6,1,1,Heavy,0,Low,4,0,0,0
7687,D,Flight,233,4,medium,M,1,4255,5,4,1,Heavy,0,Low,3,0,1,1
7688,F,Flight,164,10,medium,F,10,4134,3,4,0,Heavy,0,Low,4,0,1,0
7689,A,Flight,180,2,medium,F,10,5666,4,2,1,Heavy,0,Low,0,0,1,0
7690,B,Ship,199,3,medium,F,8,4164,3,2,1,Heavy,0,Low,1,2,1,0
7691,C,Ship,140,8,medium,F,2,5481,4,4,0,Heavy,0,Low,2,2,1,0
7692,F,Ship,140,2,medium,F,2,5042,4,3,0,Heavy,0,Low,4,2,1,0
7693,D,Ship,146,7,low,M,7,5204,5,2,0,Heavy,0,Low,3,2,0,1
7694,F,Ship,216,10,medium,F,2,5672,5,1,0,Heavy,0,Low,4,2,1,0
7695,A,Ship,159,2,high,F,6,4295,3,5,0,Heavy,0,Low,0,2,2,0
7696,B,Ship,222,3,medium,F,6,4199,4,4,1,Heavy,0,Low,1,2,1,0
7697,C,Ship,240,8,medium,M,1,4638,4,1,0,Heavy,0,Low,2,2,1,1
7698,F,Ship,189,3,high,M,1,4997,3,2,1,Heavy,0,Low,4,2,2,1
7699,D,Ship,252,2,low,M,6,4630,3,4,1,Heavy,1,Low,3,2,0,1
7700,F,Ship,149,4,medium,F,7,5434,2,1,0,Heavy,0,Low,4,2,1,0
7701,A,Ship,199,5,medium,M,6,5210,5,4,1,Heavy,0,Low,0,2,1,1
7702,B,Ship,244,3,low,M,7,4761,4,3,0,Heavy,0,Low,1,2,0,1
7703,C,Ship,272,4,medium,M,2,1754,7,3,0,Light,1,Low,2,2,1,1
7704,F,Ship,269,5,low,F,6,1630,5,5,0,Light,1,Low,4,2,0,0
7705,D,Ship,263,5,low,M,1,1605,4,1,1,Light,1,Low,3,2,0,1
7706,F,Ship,284,4,low,F,9,1845,6,4,1,Light,1,Low,4,2,0,0
7707,A,Ship,232,5,medium,F,2,1057,5,3,1,Light,0,Low,0,2,1,0
7708,B,Ship,219,5,low,M,9,1483,6,3,1,Light,0,Low,1,2,0,1
7709,C,Ship,206,4,medium,F,9,1074,4,4,1,Light,0,Low,2,2,1,0
7710,F,Ship,242,5,medium,F,5,1820,5,3,0,Light,0,Low,4,2,1,0
7711,D,Ship,250,4,medium,F,4,1111,5,3,1,Light,0,Low,3,2,1,0
7712,F,Ship,267,4,medium,F,10,1067,7,5,0,Light,1,Low,4,2,1,0
7713,A,Ship,269,4,medium,F,3,1665,6,2,0,Light,1,Low,0,2,1,0
7714,B,Ship,240,5,medium,M,3,1079,5,2,0,Light,0,Low,1,2,1,1
7715,C,Ship,228,5,low,M,6,1726,5,2,1,Light,0,Low,2,2,0,1
7716,F,Ship,262,5,low,M,6,1887,5,5,1,Light,1,Low,4,2,0,1
7717,D,Ship,306,4,low,F,1,1815,6,2,1,Light,1,Low,3,2,0,0
7718,F,Ship,276,4,low,M,3,1136,6,5,0,Light,1,Low,4,2,0,1
7719,A,Ship,183,5,low,F,3,1504,3,3,0,Light,0,Low,0,2,0,0
7720,B,Ship,239,5,low,M,1,1239,5,1,0,Light,0,Low,1,2,0,1
7721,C,Ship,285,4,low,M,2,1516,7,1,0,Light,1,Low,2,2,0,1
7722,F,Ship,229,6,low,M,9,1883,5,1,1,Light,0,Low,4,2,0,1
7723,D,Ship,308,5,medium,F,7,1563,7,4,1,Light,1,Low,3,2,1,0
7724,F,Ship,293,4,low,F,10,1534,6,1,1,Light,1,Low,4,2,0,0
7725,A,Ship,247,4,low,F,4,1623,6,1,1,Light,0,Low,0,2,0,0
7726,B,Ship,260,5,low,F,9,1667,6,2,1,Light,1,Low,1,2,0,0
7727,C,Ship,308,4,medium,M,6,1113,7,3,0,Light,1,Low,2,2,1,1
7728,F,Ship,274,6,medium,M,2,1748,5,2,1,Light,1,Low,4,2,1,1
7729,D,Ship,236,6,low,F,6,1552,5,2,0,Light,0,Low,3,2,0,0
7730,F,Ship,291,4,medium,M,1,1817,7,4,1,Light,1,Low,4,2,1,1
7731,A,Ship,247,5,low,M,9,1499,4,5,0,Light,0,Low,0,2,0,1
7732,B,Ship,217,5,high,F,3,1007,5,4,1,Light,0,Low,1,2,2,0
7733,C,Ship,246,4,low,M,4,1555,6,2,0,Light,0,Low,2,2,0,1
7734,F,Ship,301,4,low,F,2,1083,6,3,0,Light,1,Low,4,2,0,0
7735,D,Ship,259,5,low,F,4,1991,5,4,1,Light,1,Low,3,2,0,0
7736,F,Ship,275,5,low,F,6,1438,4,2,0,Light,1,Low,4,2,0,0
7737,A,Ship,309,4,medium,F,8,1289,6,2,1,Light,1,Low,0,2,1,0
7738,B,Ship,232,6,medium,F,3,1540,5,2,0,Light,0,Low,1,2,1,0
7739,C,Ship,244,4,low,F,7,1007,6,1,0,Light,0,Low,2,2,0,0
7740,F,Ship,267,5,medium,F,9,1716,4,4,1,Light,1,Low,4,2,1,0
7741,D,Ship,254,4,low,F,2,1071,6,1,0,Light,1,Low,3,2,0,0
7742,F,Ship,270,4,medium,M,8,1631,5,2,1,Light,1,Low,4,2,1,1
7743,A,Ship,301,4,medium,M,10,1747,6,2,1,Light,1,Low,0,2,1,1
7744,B,Ship,221,5,low,F,5,1608,4,5,1,Light,0,Low,1,2,0,0
7745,C,Ship,243,5,low,F,9,1312,5,3,1,Light,0,Low,2,2,0,0
7746,F,Ship,264,4,low,M,1,1711,6,4,1,Light,1,Low,4,2,0,1
7747,D,Ship,228,5,low,F,9,1044,4,3,0,Light,0,Low,3,2,0,0
7748,F,Ship,262,5,low,F,5,1916,5,1,1,Light,1,Low,4,2,0,0
7749,A,Ship,270,5,medium,M,9,1167,4,2,0,Light,1,Low,0,2,1,1
7750,B,Ship,131,4,low,M,1,1628,3,1,0,Light,0,Low,1,2,0,1
7751,C,Ship,257,4,low,M,1,1405,7,1,1,Light,1,Low,2,2,0,1
7752,F,Ship,245,5,medium,M,1,1472,4,1,0,Light,0,Low,4,2,1,1
7753,D,Ship,272,5,medium,F,5,1868,5,5,1,Light,1,Low,3,2,1,0
7754,F,Ship,284,4,low,F,7,1153,6,1,0,Light,1,Low,4,2,0,0
7755,A,Ship,285,4,low,M,6,1591,7,5,1,Light,1,Low,0,2,0,1
7756,B,Ship,250,4,low,M,9,1618,6,3,0,Light,0,Low,1,2,0,1
7757,C,Ship,272,4,medium,M,7,1067,7,3,1,Light,1,Low,2,2,1,1
7758,F,Ship,254,5,low,F,3,1248,4,3,0,Light,1,Low,4,2,0,0
7759,D,Ship,217,5,low,F,5,1360,5,4,1,Light,0,Low,3,2,0,0
7760,F,Ship,253,4,low,M,10,1166,7,5,1,Light,1,Low,4,2,0,1
7761,A,Ship,276,5,low,F,6,1793,5,1,0,Light,1,Low,0,2,0,0
7762,B,Ship,241,5,low,F,4,1145,4,1,0,Light,0,Low,1,2,0,0
7763,C,Ship,259,5,medium,M,1,1357,6,2,0,Light,1,Low,2,2,1,1
7764,F,Ship,272,4,medium,F,10,1171,6,4,1,Light,1,Low,4,2,1,0
7765,D,Ship,280,4,medium,M,6,1735,6,1,1,Light,1,Low,3,2,1,1
7766,F,Ship,257,5,low,M,7,1090,5,3,0,Light,1,Low,4,2,0,1
7767,A,Ship,282,4,low,M,9,1417,6,3,1,Light,1,Low,0,2,0,1
7768,B,Ship,268,4,medium,M,9,1354,6,4,1,Light,1,Low,1,2,1,1
7769,C,Ship,238,5,high,M,10,1841,5,3,1,Light,0,Low,2,2,2,1
7770,F,Ship,310,4,low,M,6,1003,7,4,1,Light,1,Low,4,2,0,1
7771,D,Ship,187,2,low,M,5,5691,4,1,0,Heavy,0,Low,3,2,0,1
7772,F,Ship,167,4,medium,M,1,5301,3,3,0,Heavy,0,Low,4,2,1,1
7773,A,Ship,197,4,medium,M,9,4429,4,3,0,Heavy,0,Low,0,2,1,1
7774,B,Ship,214,2,low,M,5,4708,6,1,0,Heavy,0,Low,1,2,0,1
7775,C,Ship,174,2,low,F,8,4295,4,2,0,Heavy,0,Low,2,2,0,0
7776,F,Ship,239,3,medium,M,1,5482,4,5,1,Heavy,0,Low,4,2,1,1
7777,D,Ship,249,3,low,F,8,5940,5,1,0,Heavy,0,Low,3,2,0,0
7778,F,Ship,141,3,low,M,2,4124,5,3,1,Heavy,0,Low,4,2,0,1
7779,A,Ship,179,3,medium,M,5,4325,5,2,1,Heavy,0,Low,0,2,1,1
7780,B,Ship,253,3,high,M,8,5030,3,1,1,Heavy,1,Low,1,2,2,1
7781,C,Ship,219,4,low,F,9,4086,2,3,0,Heavy,0,Low,2,2,0,0
7782,F,Ship,249,6,medium,M,2,5720,4,1,1,Heavy,0,Low,4,2,1,1
7783,D,Road,196,3,low,M,9,4431,3,3,0,Heavy,0,Low,3,1,0,1
7784,F,Road,244,3,low,M,9,5634,6,5,0,Heavy,0,Low,4,1,0,1
7785,A,Road,144,3,low,M,2,4264,4,2,0,Heavy,0,Low,0,1,0,1
7786,B,Road,240,3,medium,M,6,4964,4,3,0,Heavy,0,Low,1,1,1,1
7787,C,Road,222,3,low,M,1,4834,5,4,1,Heavy,0,Low,2,1,0,1
7788,F,Road,246,3,medium,M,5,5029,4,4,1,Heavy,0,Low,4,1,1,1
7789,D,Road,188,5,low,M,4,4887,6,1,0,Heavy,0,Low,3,1,0,1
7790,F,Road,153,3,low,F,3,4829,3,3,0,Heavy,0,Low,4,1,0,0
7791,A,Road,151,2,low,F,7,4437,3,1,0,Heavy,0,Low,0,1,0,0
7792,B,Road,237,3,medium,F,8,5668,4,1,1,Heavy,0,Low,1,1,1,0
7793,C,Road,194,3,medium,F,4,5383,3,1,1,Heavy,0,Low,2,1,1,0
7794,F,Road,241,3,low,F,5,4861,3,5,1,Heavy,0,Low,4,1,0,0
7795,D,Road,209,2,medium,M,3,5607,4,2,0,Heavy,0,Low,3,1,1,1
7796,F,Road,160,2,low,F,10,5642,3,1,1,Heavy,0,Low,4,1,0,0
7797,A,Road,251,2,low,M,2,4800,4,4,0,Heavy,1,Low,0,1,0,1
7798,B,Road,193,4,medium,F,3,5026,5,3,0,Heavy,0,Low,1,1,1,0
7799,C,Road,169,3,medium,M,5,5743,4,4,0,Heavy,0,Low,2,1,1,1
7800,F,Road,234,2,medium,F,1,4455,3,5,1,Heavy,0,Low,4,1,1,0
7801,D,Road,192,2,high,F,4,4518,4,5,0,Heavy,0,Low,3,1,2,0
7802,F,Road,160,4,low,F,7,5754,2,5,0,Heavy,0,Low,4,1,0,0
7803,A,Road,201,2,low,F,1,4548,5,3,1,Heavy,0,Low,0,1,0,0
7804,B,Road,260,3,low,M,9,4239,4,1,0,Heavy,1,Low,1,1,0,1
7805,C,Flight,244,4,medium,M,10,5181,3,3,0,Heavy,0,Low,2,0,1,1
7806,F,Flight,219,6,low,F,9,5263,3,2,1,Heavy,0,Low,4,0,0,0
7807,D,Flight,219,4,high,F,2,4422,4,2,1,Heavy,0,Low,3,0,2,0
7808,F,Flight,175,3,high,F,6,5150,3,5,0,Heavy,0,Low,4,0,2,0
7809,A,Flight,196,3,medium,F,2,4474,4,2,0,Heavy,0,Low,0,0,1,0
7810,B,Flight,230,3,high,M,4,5189,3,5,1,Heavy,0,Low,1,0,2,1
7811,C,Flight,262,4,high,F,2,4783,4,3,1,Heavy,1,Low,2,0,2,0
7812,F,Flight,228,4,high,F,7,5913,5,4,0,Heavy,0,Low,4,0,2,0
7813,D,Flight,138,2,medium,M,8,5714,3,2,0,Heavy,0,Low,3,0,1,1
7814,F,Flight,240,3,low,F,4,4787,4,1,0,Heavy,0,Low,4,0,0,0
7815,A,Flight,104,4,low,F,9,5211,3,1,1,Heavy,0,Low,0,0,0,0
7816,B,Flight,261,2,medium,M,10,4035,3,2,0,Heavy,1,Low,1,0,1,1
7817,C,Flight,181,3,low,M,4,4399,4,3,1,Heavy,0,Low,2,0,0,1
7818,F,Flight,152,3,medium,M,4,4699,5,2,1,Heavy,0,Low,4,0,1,1
7819,D,Flight,215,5,medium,M,3,5185,2,2,1,Heavy,0,Low,3,0,1,1
7820,F,Flight,266,6,medium,F,7,4486,5,4,0,Heavy,1,Low,4,0,1,0
7821,A,Flight,265,2,medium,F,9,5135,4,5,1,Heavy,1,Low,0,0,1,0
7822,B,Flight,142,4,medium,M,8,5372,5,5,0,Heavy,0,Low,1,0,1,1
7823,C,Flight,169,2,low,F,1,4500,5,3,1,Heavy,0,Low,2,0,0,0
7824,F,Flight,257,3,medium,M,4,5196,3,5,1,Heavy,1,Low,4,0,1,1
7825,D,Flight,142,3,low,M,9,4234,3,2,0,Heavy,0,Low,3,0,0,1
7826,F,Flight,233,4,medium,F,4,5408,2,4,0,Heavy,0,Low,4,0,1,0
7827,A,Ship,136,4,medium,M,9,5038,4,2,0,Heavy,0,Low,0,2,1,1
7828,B,Ship,173,3,low,F,10,4736,2,2,0,Heavy,0,Low,1,2,0,0
7829,C,Ship,221,3,low,M,10,4927,3,4,1,Heavy,0,Low,2,2,0,1
7830,F,Ship,204,3,low,M,10,5610,5,3,1,Heavy,0,Low,4,2,0,1
7831,D,Ship,149,2,low,M,2,5724,4,5,1,Heavy,0,Low,3,2,0,1
7832,F,Ship,166,3,medium,F,7,5990,2,1,1,Heavy,0,Low,4,2,1,0
7833,A,Ship,265,2,low,F,2,5164,5,4,1,Heavy,1,Low,0,2,0,0
7834,B,Ship,140,2,low,F,8,5253,3,1,1,Heavy,0,Low,1,2,0,0
7835,C,Ship,234,3,medium,F,9,4868,4,3,1,Heavy,0,Low,2,2,1,0
7836,F,Ship,139,2,low,F,6,5181,3,5,0,Heavy,0,Low,4,2,0,0
7837,D,Ship,232,2,low,F,8,5629,3,4,1,Heavy,0,Low,3,2,0,0
7838,F,Ship,187,4,medium,F,4,5640,3,5,0,Heavy,0,Low,4,2,1,0
7839,A,Ship,197,6,medium,M,3,4890,3,4,1,Heavy,0,Low,0,2,1,1
7840,B,Ship,273,2,medium,F,5,5223,3,4,0,Heavy,1,Low,1,2,1,0
7841,C,Ship,201,3,medium,M,7,4890,3,2,0,Heavy,0,Low,2,2,1,1
7842,F,Ship,201,3,high,M,2,4865,2,2,1,Heavy,0,Low,4,2,2,1
7843,D,Ship,227,3,medium,M,10,5782,4,3,1,Heavy,0,Low,3,2,1,1
7844,F,Ship,171,2,medium,M,1,4783,3,5,1,Heavy,0,Low,4,2,1,1
7845,A,Ship,192,2,low,F,7,5069,3,5,1,Heavy,0,Low,0,2,0,0
7846,B,Ship,226,3,high,M,2,4831,3,1,1,Heavy,0,Low,1,2,2,1
7847,C,Ship,252,2,medium,F,6,4040,3,4,1,Heavy,1,Low,2,2,1,0
7848,F,Ship,177,3,medium,F,7,4243,4,5,1,Heavy,0,Low,4,2,1,0
7849,D,Ship,211,3,medium,M,5,4058,3,5,1,Heavy,0,Low,3,2,1,1
7850,F,Ship,170,4,low,M,1,4912,6,3,0,Heavy,0,Low,4,2,0,1
7851,A,Ship,118,4,medium,M,7,5510,2,3,0,Heavy,0,Low,0,2,1,1
7852,B,Ship,146,3,low,M,3,5225,4,4,1,Heavy,0,Low,1,2,0,1
7853,C,Ship,150,3,high,M,6,4565,3,5,0,Heavy,0,Low,2,2,2,1
7854,F,Ship,243,3,medium,M,3,5700,5,5,1,Heavy,0,Low,4,2,1,1
7855,D,Ship,135,3,medium,M,6,4335,4,4,1,Heavy,0,Low,3,2,1,1
7856,F,Ship,209,3,low,F,6,5899,4,5,1,Heavy,0,Low,4,2,0,0
7857,A,Ship,217,3,medium,M,2,5461,4,5,1,Heavy,0,Low,0,2,1,1
7858,B,Ship,287,4,medium,M,10,5972,2,2,0,Heavy,1,Low,1,2,1,1
7859,C,Ship,239,6,medium,M,4,4022,2,3,0,Heavy,0,Low,2,2,1,1
7860,F,Ship,189,2,medium,M,2,4636,5,2,1,Heavy,0,Low,4,2,1,1
7861,D,Ship,139,3,medium,M,10,4648,4,2,0,Heavy,0,Low,3,2,1,1
7862,F,Ship,255,3,low,F,8,5865,4,2,0,Heavy,1,Low,4,2,0,0
7863,A,Ship,132,4,medium,F,4,5461,5,1,0,Heavy,0,Low,0,2,1,0
7864,B,Ship,136,3,medium,F,4,5060,4,1,1,Heavy,0,Low,1,2,1,0
7865,C,Ship,143,3,low,M,6,4761,5,3,1,Heavy,0,Low,2,2,0,1
7866,F,Ship,201,2,low,F,8,4394,3,4,0,Heavy,0,Low,4,2,0,0
7867,D,Ship,278,5,medium,F,2,4361,6,5,1,Heavy,1,Low,3,2,1,0
7868,F,Ship,213,3,medium,M,4,4367,4,3,0,Heavy,0,Low,4,2,1,1
7869,A,Ship,202,2,medium,F,5,4456,2,1,0,Heavy,0,Low,0,2,1,0
7870,B,Ship,240,2,medium,M,6,5045,4,5,1,Heavy,0,Low,1,2,1,1
7871,C,Ship,223,3,low,M,7,4671,5,4,1,Heavy,0,Low,2,2,0,1
7872,F,Ship,193,3,low,M,2,5975,4,4,1,Heavy,0,Low,4,2,0,1
7873,D,Ship,224,3,low,M,8,4908,3,1,0,Heavy,0,Low,3,2,0,1
7874,F,Ship,202,3,medium,F,7,5818,3,1,0,Heavy,0,Low,4,2,1,0
7875,A,Ship,236,4,medium,M,1,4082,4,5,0,Heavy,0,Low,0,2,1,1
7876,B,Ship,216,4,low,F,9,5107,3,3,1,Heavy,0,Low,1,2,0,0
7877,C,Ship,229,3,medium,M,7,5324,3,1,1,Heavy,0,Low,2,2,1,1
7878,F,Ship,275,3,medium,M,1,5394,4,5,1,Heavy,1,Low,4,2,1,1
7879,D,Ship,250,2,medium,F,8,5067,3,3,0,Heavy,0,Low,3,2,1,0
7880,F,Ship,196,3,low,M,10,4433,4,3,1,Heavy,0,Low,4,2,0,1
7881,A,Ship,220,3,low,M,1,5289,2,2,0,Heavy,0,Low,0,2,0,1
7882,B,Ship,152,3,low,M,8,4430,4,4,0,Heavy,0,Low,1,2,0,1
7883,C,Ship,186,2,low,M,7,5522,3,2,0,Heavy,0,Low,2,2,0,1
7884,F,Ship,189,3,low,F,3,5866,3,1,1,Heavy,0,Low,4,2,0,0
7885,D,Ship,222,3,low,M,1,5362,3,1,1,Heavy,0,Low,3,2,0,1
7886,F,Ship,139,3,low,F,7,5317,4,1,0,Heavy,0,Low,4,2,0,0
7887,A,Ship,169,4,low,M,6,4253,5,1,1,Heavy,0,Low,0,2,0,1
7888,B,Ship,137,3,medium,M,9,5016,4,3,0,Heavy,0,Low,1,2,1,1
7889,C,Ship,212,6,low,M,5,5339,3,1,0,Heavy,0,Low,2,2,0,1
7890,F,Ship,230,4,low,F,5,4450,3,5,1,Heavy,0,Low,4,2,0,0
7891,D,Ship,262,2,low,M,7,5141,3,2,1,Heavy,1,Low,3,2,0,1
7892,F,Ship,166,2,low,M,8,5192,4,4,0,Heavy,0,Low,4,2,0,1
7893,A,Ship,99,3,low,M,8,5872,6,2,0,Heavy,0,Low,0,2,0,1
7894,B,Ship,263,3,low,F,7,5395,4,2,1,Heavy,1,Low,1,2,0,0
7895,C,Ship,223,3,low,M,8,4310,5,4,1,Heavy,0,Low,2,2,0,1
7896,F,Ship,220,2,low,F,7,5653,3,1,0,Heavy,0,Low,4,2,0,0
7897,D,Ship,242,3,medium,F,8,5915,3,3,1,Heavy,0,Low,3,2,1,0
7898,F,Ship,163,3,high,F,6,5912,3,4,0,Heavy,0,Low,4,2,2,0
7899,A,Ship,273,2,medium,M,2,4219,3,4,1,Heavy,1,Low,0,2,1,1
7900,B,Ship,261,5,medium,M,9,5385,5,5,0,Heavy,1,Low,1,2,1,1
7901,C,Ship,179,2,low,M,8,5198,5,1,1,Heavy,0,Low,2,2,0,1
7902,F,Ship,182,3,low,F,10,4128,5,2,1,Heavy,0,Low,4,2,0,0
7903,D,Ship,202,2,medium,F,6,5030,3,4,0,Heavy,0,Low,3,2,1,0
7904,F,Ship,154,4,low,F,8,4820,5,2,0,Heavy,0,Low,4,2,0,0
7905,A,Ship,224,2,low,F,8,5754,4,4,1,Heavy,0,Low,0,2,0,0
7906,B,Ship,139,3,medium,M,4,5531,3,2,0,Heavy,0,Low,1,2,1,1
7907,C,Ship,256,2,medium,F,6,5375,3,5,0,Heavy,1,Low,2,2,1,0
7908,F,Ship,251,4,high,F,7,4038,3,2,0,Heavy,1,Low,4,2,2,0
7909,D,Ship,254,3,medium,F,10,4148,4,5,0,Heavy,1,Low,3,2,1,0
7910,F,Ship,181,3,low,F,6,5423,5,1,0,Heavy,0,Low,4,2,0,0
7911,A,Ship,254,3,low,M,7,5637,4,4,0,Heavy,1,Low,0,2,0,1
7912,B,Ship,239,3,medium,M,7,4942,3,3,0,Heavy,0,Low,1,2,1,1
7913,C,Ship,167,2,low,M,6,5101,3,3,0,Heavy,0,Low,2,2,0,1
7914,F,Ship,192,2,low,M,9,4140,4,2,0,Heavy,0,Low,4,2,0,1
7915,D,Ship,163,2,low,F,5,5021,3,2,0,Heavy,0,Low,3,2,0,0
7916,F,Ship,213,2,low,M,6,4747,3,1,0,Heavy,0,Low,4,2,0,1
7917,A,Ship,230,3,low,M,4,4018,3,3,1,Heavy,0,Low,0,2,0,1
7918,B,Ship,264,3,low,M,3,4970,3,3,0,Heavy,1,Low,1,2,0,1
7919,C,Ship,182,2,low,M,6,4121,5,1,1,Heavy,0,Low,2,2,0,1
7920,F,Road,223,3,medium,F,4,4905,5,1,1,Heavy,0,Low,4,1,1,0
7921,D,Road,261,2,medium,F,9,4158,4,1,0,Heavy,1,Low,3,1,1,0
7922,F,Road,248,2,low,F,10,5783,4,2,0,Heavy,0,Low,4,1,0,0
7923,A,Road,169,4,low,M,5,5347,4,5,0,Heavy,0,Low,0,1,0,1
7924,B,Road,188,6,medium,F,6,4031,3,4,1,Heavy,0,Low,1,1,1,0
7925,C,Road,142,4,medium,M,5,4429,3,4,0,Heavy,0,Low,2,1,1,1
7926,F,Road,208,2,low,F,5,5707,4,1,1,Heavy,0,Low,4,1,0,0
7927,D,Road,239,2,medium,F,1,4247,4,5,0,Heavy,0,Low,3,1,1,0
7928,F,Road,218,5,low,M,5,4303,5,5,1,Heavy,0,Low,4,1,0,1
7929,A,Road,137,3,medium,F,3,4962,4,1,1,Heavy,0,Low,0,1,1,0
7930,B,Road,97,6,low,M,4,5801,4,4,0,Heavy,0,Low,1,1,0,1
7931,C,Road,242,10,high,M,9,5151,3,1,1,Heavy,0,Low,2,1,2,1
7932,F,Road,153,7,medium,F,4,4499,4,3,1,Heavy,0,Low,4,1,1,0
7933,D,Road,188,5,low,F,6,5713,3,3,0,Heavy,0,Low,3,1,0,0
7934,F,Road,272,2,low,F,8,5328,4,1,1,Heavy,1,Low,4,1,0,0
7935,A,Road,165,3,medium,F,10,4080,2,2,1,Heavy,0,Low,0,1,1,0
7936,B,Road,218,2,medium,F,3,5692,4,4,1,Heavy,0,Low,1,1,1,0
7937,C,Road,153,4,low,M,4,5161,4,3,0,Heavy,0,Low,2,1,0,1
7938,F,Road,250,2,medium,M,4,4016,6,1,0,Heavy,0,Low,4,1,1,1
7939,D,Road,204,8,low,F,7,5359,4,1,0,Heavy,0,Low,3,1,0,0
7940,F,Road,154,10,high,M,10,5674,4,1,1,Heavy,0,Low,4,1,2,1
7941,A,Road,233,7,medium,F,5,5361,4,2,0,Heavy,0,Low,0,1,1,0
7942,B,Flight,225,8,low,M,8,4718,4,3,1,Heavy,0,Low,1,0,0,1
7943,C,Flight,269,10,high,F,3,4488,4,4,0,Heavy,1,Low,2,0,2,0
7944,F,Flight,173,4,low,M,7,4978,4,5,1,Heavy,0,Low,4,0,0,1
7945,D,Flight,145,3,low,M,8,5127,4,1,0,Heavy,0,Low,3,0,0,1
7946,F,Flight,242,2,medium,M,6,5866,4,4,0,Heavy,0,Low,4,0,1,1
7947,A,Flight,255,7,medium,M,8,4091,3,5,1,Heavy,1,Low,0,0,1,1
7948,B,Flight,254,7,low,M,5,4104,4,1,1,Heavy,1,Low,1,0,0,1
7949,C,Flight,150,3,high,F,2,4383,4,3,0,Heavy,0,Low,2,0,2,0
7950,F,Flight,201,8,medium,F,6,5128,4,2,0,Heavy,0,Low,4,0,1,0
7951,D,Flight,262,5,low,M,5,1751,5,2,0,Light,1,Low,3,0,0,1
7952,F,Flight,306,4,low,F,8,1465,6,4,0,Light,1,Low,4,0,0,0
7953,A,Flight,276,4,low,M,9,1319,6,5,0,Light,1,Low,0,0,0,1
7954,B,Flight,183,5,low,M,3,1336,3,2,1,Light,0,Low,1,0,0,1
7955,C,Flight,239,5,low,F,7,1859,5,1,1,Light,0,Low,2,0,0,0
7956,F,Flight,285,4,low,M,10,1935,7,3,1,Light,1,Low,4,0,0,1
7957,D,Flight,229,6,low,F,6,1857,5,5,0,Light,0,Low,3,0,0,0
7958,F,Flight,308,5,medium,M,6,1154,7,5,0,Light,1,Low,4,0,1,1
7959,A,Flight,293,4,low,F,7,1477,6,2,0,Light,1,Low,0,0,0,0
7960,B,Flight,247,4,low,M,7,1831,6,4,0,Light,0,Low,1,0,0,1
7961,C,Flight,260,5,low,F,3,1434,6,1,0,Light,1,Low,2,0,0,0
7962,F,Flight,308,4,medium,M,5,1705,7,1,0,Light,1,Low,4,0,1,1
7963,D,Flight,274,6,medium,M,7,1293,5,3,0,Light,1,Low,3,0,1,1
7964,F,Ship,236,6,low,M,4,1123,5,1,1,Light,0,Low,4,2,0,1
7965,A,Ship,291,4,medium,F,1,1796,7,1,0,Light,1,Low,0,2,1,0
7966,B,Ship,223,3,medium,M,7,5738,5,4,0,Heavy,0,Low,1,2,1,1
7967,C,Ship,261,2,medium,M,8,5006,4,4,1,Heavy,1,Low,2,2,1,1
7968,F,Ship,248,2,low,F,6,5621,4,1,0,Heavy,0,Low,4,2,0,0
7969,D,Ship,169,4,low,F,6,4213,4,5,0,Heavy,0,Low,3,2,0,0
7970,F,Ship,188,6,medium,F,1,4856,3,2,0,Heavy,0,Low,4,2,1,0
7971,A,Ship,142,4,medium,M,7,4780,3,1,0,Heavy,0,Low,0,2,1,1
7972,B,Ship,208,2,low,M,6,5266,4,1,0,Heavy,0,Low,1,2,0,1
7973,C,Ship,239,2,medium,F,7,5384,4,3,0,Heavy,0,Low,2,2,1,0
7974,F,Ship,218,5,low,F,9,4435,5,3,1,Heavy,0,Low,4,2,0,0
7975,D,Ship,137,3,medium,M,1,4861,4,5,0,Heavy,0,Low,3,2,1,1
7976,F,Ship,97,6,low,F,4,4375,4,3,0,Heavy,0,Low,4,2,0,0
7977,A,Ship,242,10,high,M,5,4127,3,4,0,Heavy,0,Low,0,2,2,1
7978,B,Ship,153,7,medium,F,4,5761,4,1,1,Heavy,0,Low,1,2,1,0
7979,C,Ship,188,5,low,F,3,4835,3,4,1,Heavy,0,Low,2,2,0,0
7980,F,Ship,272,2,low,M,7,4042,4,4,1,Heavy,1,Low,4,2,0,1
7981,D,Ship,165,3,medium,M,7,5856,2,4,0,Heavy,0,Low,3,2,1,1
7982,F,Ship,218,2,medium,M,3,5039,4,4,0,Heavy,0,Low,4,2,1,1
7983,A,Ship,153,4,low,M,5,5162,4,4,0,Heavy,0,Low,0,2,0,1
7984,B,Ship,250,2,medium,F,1,4747,6,3,0,Heavy,0,Low,1,2,1,0
7985,C,Ship,204,8,low,F,1,4038,4,2,1,Heavy,0,Low,2,2,0,0
7986,F,Ship,154,10,high,M,7,5317,4,3,0,Heavy,0,Low,4,2,2,1
7987,D,Ship,233,7,medium,M,7,4272,4,1,1,Heavy,0,Low,3,2,1,1
7988,F,Ship,225,8,low,F,8,5623,4,2,0,Heavy,0,Low,4,2,0,0
7989,A,Ship,269,10,high,M,2,5616,4,2,1,Heavy,1,Low,0,2,2,1
7990,B,Ship,173,4,low,F,1,5789,4,1,0,Heavy,0,Low,1,2,0,0
7991,C,Ship,145,3,low,F,5,5802,4,3,1,Heavy,0,Low,2,2,0,0
7992,F,Ship,242,2,medium,F,2,4806,4,5,1,Heavy,0,Low,4,2,1,0
7993,D,Ship,255,7,medium,M,2,5282,3,2,0,Heavy,1,Low,3,2,1,1
7994,F,Ship,254,7,low,F,6,5121,4,2,0,Heavy,1,Low,4,2,0,0
7995,A,Ship,150,3,high,F,10,5767,4,5,1,Heavy,0,Low,0,2,2,0
7996,B,Ship,201,8,medium,M,4,4295,4,1,0,Heavy,0,Low,1,2,1,1
7997,C,Ship,262,5,low,F,8,1493,5,3,1,Light,1,Low,2,2,0,0
7998,F,Ship,306,4,low,F,4,1449,6,1,1,Light,1,Low,4,2,0,0
7999,D,Ship,276,4,low,F,2,1120,6,4,1,Light,1,Low,3,2,0,0
8000,F,Ship,183,5,low,F,2,1158,3,2,1,Light,0,Low,4,2,0,0
8001,A,Ship,239,5,low,M,1,1518,5,2,1,Light,0,Low,0,2,0,1
8002,B,Ship,285,4,low,M,2,1491,7,2,1,Light,1,Low,1,2,0,1
8003,C,Ship,229,6,low,F,9,1733,5,4,0,Light,0,Low,2,2,0,0
8004,F,Ship,308,5,medium,M,10,1152,7,3,1,Light,1,Low,4,2,1,1
8005,D,Ship,293,4,low,F,8,1145,6,4,1,Light,1,Low,3,2,0,0
8006,F,Ship,247,4,low,F,6,1537,6,3,0,Light,0,Low,4,2,0,0
8007,A,Ship,260,5,low,M,8,1324,6,3,1,Light,1,Low,0,2,0,1
8008,B,Ship,308,4,medium,M,7,1841,7,1,1,Light,1,Low,1,2,1,1
8009,C,Ship,282,4,low,M,1,1857,6,2,1,Light,1,Low,2,2,0,1
8010,F,Ship,268,4,medium,F,3,1586,6,4,0,Light,1,Low,4,2,1,0
8011,D,Ship,238,5,high,M,7,1848,5,3,0,Light,0,Low,3,2,2,1
8012,F,Ship,254,6,low,M,7,1064,5,3,0,Light,1,Low,4,2,0,1
8013,A,Ship,252,5,low,M,3,1474,5,3,0,Light,1,Low,0,2,0,1
8014,B,Ship,254,4,low,M,9,1594,6,4,0,Light,1,Low,1,2,0,1
8015,C,Ship,263,5,low,M,8,1426,4,1,1,Light,1,Low,2,2,0,1
8016,F,Ship,256,5,low,M,6,1551,5,4,0,Light,1,Low,4,2,0,1
8017,D,Ship,264,4,medium,M,8,1755,6,5,0,Light,1,Low,3,2,1,1
8018,F,Ship,237,5,low,M,2,1357,4,5,1,Light,0,Low,4,2,0,1
8019,A,Ship,226,5,medium,M,6,1510,4,1,1,Light,0,Low,0,2,1,1
8020,B,Ship,289,4,low,M,3,1656,7,5,1,Light,1,Low,1,2,0,1
8021,C,Ship,281,4,low,M,9,1970,7,4,0,Light,1,Low,2,2,0,1
8022,F,Ship,258,5,low,F,4,1032,5,1,0,Light,1,Low,4,2,0,0
8023,D,Ship,263,4,low,F,8,1635,6,2,0,Light,1,Low,3,2,0,0
8024,F,Ship,245,5,low,F,2,1937,5,3,0,Light,0,Low,4,2,0,0
8025,A,Ship,296,4,medium,M,8,1826,7,3,1,Light,1,Low,0,2,1,1
8026,B,Ship,286,4,low,F,5,1866,7,3,1,Light,1,Low,1,2,0,0
8027,C,Ship,252,2,low,M,1,1756,6,3,0,Light,1,Low,2,2,0,1
8028,F,Ship,301,4,low,F,7,1393,6,5,1,Light,1,Low,4,2,0,0
8029,D,Ship,290,4,low,M,4,1488,7,1,0,Light,1,Low,3,2,0,1
8030,F,Ship,247,4,medium,M,6,1297,7,1,1,Light,0,Low,4,2,1,1
8031,A,Ship,238,6,low,F,3,1965,5,5,1,Light,0,Low,0,2,0,0
8032,B,Ship,263,5,medium,F,10,1059,5,2,0,Light,1,Low,1,2,1,0
8033,C,Ship,263,4,low,M,3,1740,5,2,1,Light,1,Low,2,2,0,1
8034,F,Ship,248,5,low,F,3,1046,5,2,1,Light,0,Low,4,2,0,0
8035,D,Ship,289,5,low,M,1,1178,7,2,0,Light,1,Low,3,2,0,1
8036,F,Ship,256,5,high,M,1,1927,4,4,1,Light,1,Low,4,2,2,1
8037,A,Ship,287,4,low,F,7,1837,6,2,1,Light,1,Low,0,2,0,0
8038,B,Ship,250,5,medium,M,10,1026,4,2,1,Light,0,Low,1,2,1,1
8039,C,Ship,301,4,medium,M,1,1966,7,3,1,Light,1,Low,2,2,1,1
8040,F,Ship,245,5,low,F,3,1537,4,1,0,Light,0,Low,4,2,0,0
8041,D,Ship,226,5,medium,M,8,1133,4,5,0,Light,0,Low,3,2,1,1
8042,F,Ship,272,5,low,M,8,1045,6,2,0,Light,1,Low,4,2,0,1
8043,A,Ship,307,5,low,F,3,1578,3,3,1,Light,1,Low,0,2,0,0
8044,B,Ship,138,3,low,M,6,1604,6,1,0,Light,0,Low,1,2,0,1
8045,C,Ship,248,5,low,F,8,1810,5,1,0,Light,0,Low,2,2,0,0
8046,F,Ship,307,4,low,M,8,1511,5,1,1,Light,1,Low,4,2,0,1
8047,D,Ship,256,4,low,F,6,1507,6,2,0,Light,1,Low,3,2,0,0
8048,F,Ship,301,5,low,M,8,1443,6,5,0,Light,1,Low,4,2,0,1
8049,A,Ship,245,4,medium,F,10,1610,7,3,1,Light,0,Low,0,2,1,0
8050,B,Ship,168,2,medium,F,2,1227,2,2,1,Light,0,Low,1,2,1,0
8051,C,Ship,295,4,low,M,10,1600,6,1,0,Light,1,Low,2,2,0,1
8052,F,Ship,299,4,low,M,9,1527,6,4,0,Light,1,Low,4,2,0,1
8053,D,Ship,253,4,medium,M,9,1488,6,4,0,Light,1,Low,3,2,1,1
8054,F,Ship,269,4,medium,M,5,1073,7,4,0,Light,1,Low,4,2,1,1
8055,A,Ship,267,5,medium,F,10,1818,5,1,0,Light,1,Low,0,2,1,0
8056,B,Ship,212,3,medium,M,7,4411,3,5,1,Heavy,0,Low,1,2,1,1
8057,C,Road,258,3,medium,F,1,5719,5,3,0,Heavy,1,Low,2,1,1,0
8058,F,Road,136,3,low,M,6,4911,4,3,1,Heavy,0,Low,4,1,0,1
8059,D,Road,101,2,medium,F,1,5560,3,1,0,Heavy,0,Low,3,1,1,0
8060,F,Road,191,4,low,F,3,5578,5,2,0,Heavy,0,Low,4,1,0,0
8061,A,Road,186,4,low,M,3,4287,5,5,0,Heavy,0,Low,0,1,0,1
8062,B,Road,104,5,low,F,7,5590,4,4,0,Heavy,0,Low,1,1,0,0
8063,C,Road,201,4,medium,F,3,4797,4,3,0,Heavy,0,Low,2,1,1,0
8064,F,Road,235,2,medium,F,10,4172,3,2,0,Heavy,0,Low,4,1,1,0
8065,D,Road,271,6,high,M,3,5204,4,4,0,Heavy,1,Low,3,1,2,1
8066,F,Road,133,4,low,F,5,5989,2,3,1,Heavy,0,Low,4,1,0,0
8067,A,Road,256,4,low,M,6,4814,3,1,1,Heavy,1,Low,0,1,0,1
8068,B,Road,225,2,low,F,2,4438,3,1,1,Heavy,0,Low,1,1,0,0
8069,C,Road,202,3,low,M,4,4134,5,3,1,Heavy,0,Low,2,1,0,1
8070,F,Road,214,3,medium,F,1,4717,4,4,0,Heavy,0,Low,4,1,1,0
8071,D,Road,217,6,medium,M,3,4209,6,3,0,Heavy,0,Low,3,1,1,1
8072,F,Road,241,2,low,M,3,5672,4,1,0,Heavy,0,Low,4,1,0,1
8073,A,Road,263,3,low,M,10,5997,2,3,0,Heavy,1,Low,0,1,0,1
8074,B,Road,273,2,low,F,9,4221,4,2,0,Heavy,1,Low,1,1,0,0
8075,C,Road,199,3,low,F,9,5016,4,4,0,Heavy,0,Low,2,1,0,0
8076,F,Road,198,4,medium,F,9,5382,4,1,0,Heavy,0,Low,4,1,1,0
8077,D,Road,101,6,low,F,6,5080,2,4,1,Heavy,0,Low,3,1,0,0
8078,F,Road,155,4,low,F,10,5483,4,4,1,Heavy,0,Low,4,1,0,0
8079,A,Flight,155,2,low,M,2,5661,2,1,1,Heavy,0,Low,0,0,0,1
8080,B,Flight,117,3,medium,F,4,4666,4,3,0,Heavy,0,Low,1,0,1,0
8081,C,Flight,262,2,low,M,5,5747,3,2,1,Heavy,1,Low,2,0,0,1
8082,F,Flight,142,3,low,F,8,5468,5,4,1,Heavy,0,Low,4,0,0,0
8083,D,Flight,115,3,medium,M,7,4609,4,4,0,Heavy,0,Low,3,0,1,1
8084,F,Flight,175,3,low,F,6,4600,4,4,1,Heavy,0,Low,4,0,0,0
8085,A,Flight,239,2,low,F,9,5363,2,5,1,Heavy,0,Low,0,0,0,0
8086,B,Flight,171,2,low,M,3,4271,4,1,0,Heavy,0,Low,1,0,0,1
8087,C,Flight,174,3,low,M,8,4348,4,4,0,Heavy,0,Low,2,0,0,1
8088,F,Flight,164,3,high,F,1,5492,4,1,0,Heavy,0,Low,4,0,2,0
8089,D,Flight,262,2,medium,M,4,5738,3,2,0,Heavy,1,Low,3,0,1,1
8090,F,Flight,262,2,medium,F,7,4422,3,5,1,Heavy,1,Low,4,0,1,0
8091,A,Flight,245,3,low,F,4,5449,3,1,0,Heavy,0,Low,0,0,0,0
8092,B,Flight,184,3,low,F,2,4875,3,4,0,Heavy,0,Low,1,0,0,0
8093,C,Flight,231,2,low,M,10,4892,5,1,1,Heavy,0,Low,2,0,0,1
8094,F,Flight,226,4,high,F,2,5600,5,1,0,Heavy,0,Low,4,0,2,0
8095,D,Flight,211,3,medium,F,2,5851,4,1,0,Heavy,0,Low,3,0,1,0
8096,F,Flight,266,5,medium,M,3,4578,4,2,0,Heavy,1,Low,4,0,1,1
8097,A,Flight,216,3,low,M,4,4309,4,2,1,Heavy,0,Low,0,0,0,1
8098,B,Flight,153,3,low,M,5,5743,4,3,1,Heavy,0,Low,1,0,0,1
8099,C,Flight,242,3,high,M,9,4717,2,2,0,Heavy,0,Low,2,0,2,1
8100,F,Flight,282,5,low,M,6,5182,5,1,1,Heavy,1,Low,4,0,0,1
8101,D,Ship,165,3,medium,F,10,4574,4,1,0,Heavy,0,Low,3,2,1,0
8102,F,Ship,146,3,medium,M,9,4944,3,1,1,Heavy,0,Low,4,2,1,1
8103,A,Ship,113,3,medium,F,5,4743,5,3,0,Heavy,0,Low,0,2,1,0
8104,B,Ship,161,3,medium,F,1,5757,3,2,0,Heavy,0,Low,1,2,1,0
8105,C,Ship,219,2,medium,M,8,4518,2,2,0,Heavy,0,Low,2,2,1,1
8106,F,Ship,237,2,low,F,1,5261,4,2,0,Heavy,0,Low,4,2,0,0
8107,D,Ship,246,3,low,M,5,4384,4,3,0,Heavy,0,Low,3,2,0,1
8108,F,Ship,229,6,medium,F,3,5471,3,4,0,Heavy,0,Low,4,2,1,0
8109,A,Ship,195,3,low,M,1,4224,3,3,0,Heavy,0,Low,0,2,0,1
8110,B,Ship,160,2,low,M,5,4522,4,3,1,Heavy,0,Low,1,2,0,1
8111,C,Ship,144,2,medium,M,6,5983,3,5,0,Heavy,0,Low,2,2,1,1
8112,F,Ship,217,4,medium,F,3,5602,3,3,0,Heavy,0,Low,4,2,1,0
8113,D,Ship,240,3,high,F,6,4412,3,4,0,Heavy,0,Low,3,2,2,0
8114,F,Ship,210,3,medium,M,8,4011,3,2,0,Heavy,0,Low,4,2,1,1
8115,A,Ship,249,3,low,F,9,5459,4,2,1,Heavy,0,Low,0,2,0,0
8116,B,Ship,178,3,high,M,3,5520,4,1,1,Heavy,0,Low,1,2,2,1
8117,C,Ship,224,4,low,F,6,4493,6,4,0,Heavy,0,Low,2,2,0,0
8118,F,Ship,142,3,medium,F,10,4915,3,1,1,Heavy,0,Low,4,2,1,0
8119,D,Ship,163,2,medium,F,10,5529,4,5,1,Heavy,0,Low,3,2,1,0
8120,F,Ship,261,4,medium,F,10,4632,4,1,0,Heavy,1,Low,4,2,1,0
8121,A,Ship,151,3,medium,M,5,4767,3,4,1,Heavy,0,Low,0,2,1,1
8122,B,Ship,197,2,medium,M,3,4715,4,2,1,Heavy,0,Low,1,2,1,1
8123,C,Ship,155,2,medium,F,1,4182,6,3,1,Heavy,0,Low,2,2,1,0
8124,F,Ship,152,4,medium,M,2,4809,3,5,0,Heavy,0,Low,4,2,1,1
8125,D,Ship,275,6,low,M,3,5008,4,5,0,Heavy,1,Low,3,2,0,1
8126,F,Ship,102,4,medium,F,4,5936,3,1,1,Heavy,0,Low,4,2,1,0
8127,A,Ship,285,2,low,M,4,4401,4,1,0,Heavy,1,Low,0,2,0,1
8128,B,Ship,248,2,medium,M,10,4366,4,5,1,Heavy,0,Low,1,2,1,1
8129,C,Ship,274,3,low,F,7,5036,3,4,1,Heavy,1,Low,2,2,0,0
8130,F,Ship,104,4,low,M,6,4323,4,4,1,Heavy,0,Low,4,2,0,1
8131,D,Ship,176,3,medium,M,10,5456,5,4,0,Heavy,0,Low,3,2,1,1
8132,F,Ship,237,3,medium,F,1,4369,5,4,0,Heavy,0,Low,4,2,1,0
8133,A,Ship,247,2,medium,M,9,5095,4,4,0,Heavy,0,Low,0,2,1,1
8134,B,Ship,212,5,low,F,6,4463,5,5,0,Heavy,0,Low,1,2,0,0
8135,C,Ship,226,2,low,M,1,4532,4,5,0,Heavy,0,Low,2,2,0,1
8136,F,Ship,213,2,medium,F,7,5415,6,2,0,Heavy,0,Low,4,2,1,0
8137,D,Ship,177,3,low,M,1,5282,4,3,0,Heavy,0,Low,3,2,0,1
8138,F,Ship,235,4,medium,M,6,4633,4,5,1,Heavy,0,Low,4,2,1,1
8139,A,Ship,263,3,medium,F,2,5741,3,4,1,Heavy,1,Low,0,2,1,0
8140,B,Ship,181,3,low,F,10,5337,3,3,0,Heavy,0,Low,1,2,0,0
8141,C,Ship,178,2,medium,F,2,4122,3,2,0,Heavy,0,Low,2,2,1,0
8142,F,Ship,243,3,medium,F,4,4130,3,5,1,Heavy,0,Low,4,2,1,0
8143,D,Ship,230,3,medium,F,2,4742,3,3,1,Heavy,0,Low,3,2,1,0
8144,F,Ship,106,2,medium,F,6,5867,4,3,0,Heavy,0,Low,4,2,1,0
8145,A,Ship,266,3,medium,F,2,4867,4,5,0,Heavy,1,Low,0,2,1,0
8146,B,Ship,284,4,low,M,1,4171,5,2,1,Heavy,1,Low,1,2,0,1
8147,C,Ship,233,3,low,M,9,4751,2,5,1,Heavy,0,Low,2,2,0,1
8148,F,Ship,200,3,high,F,2,4777,3,3,1,Heavy,0,Low,4,2,2,0
8149,D,Ship,176,2,medium,F,1,5292,3,2,0,Heavy,0,Low,3,2,1,0
8150,F,Ship,279,5,medium,M,4,4405,5,1,1,Heavy,1,Low,4,2,1,1
8151,A,Ship,164,3,high,M,9,5070,3,3,0,Heavy,0,Low,0,2,2,1
8152,B,Ship,163,3,low,F,10,5002,4,3,1,Heavy,0,Low,1,2,0,0
8153,C,Ship,254,3,medium,F,3,4404,4,5,0,Heavy,1,Low,2,2,1,0
8154,F,Ship,234,3,low,F,2,4269,5,4,0,Heavy,0,Low,4,2,0,0
8155,D,Ship,191,3,low,F,8,4021,4,1,1,Heavy,0,Low,3,2,0,0
8156,F,Ship,224,3,medium,F,5,4214,3,3,1,Heavy,0,Low,4,2,1,0
8157,A,Ship,250,2,low,F,5,4232,3,1,0,Heavy,0,Low,0,2,0,0
8158,B,Ship,101,6,medium,M,8,4146,4,5,0,Heavy,0,Low,1,2,1,1
8159,C,Ship,227,3,medium,M,6,5058,3,2,0,Heavy,0,Low,2,2,1,1
8160,F,Ship,173,2,medium,F,4,5521,3,1,0,Heavy,0,Low,4,2,1,0
8161,D,Ship,209,5,medium,M,6,4384,4,3,0,Heavy,0,Low,3,2,1,1
8162,F,Ship,241,3,low,F,4,4132,3,5,0,Heavy,0,Low,4,2,0,0
8163,A,Ship,257,3,medium,F,9,5972,5,5,0,Heavy,1,Low,0,2,1,0
8164,B,Ship,146,3,high,F,3,4345,5,1,1,Heavy,0,Low,1,2,2,0
8165,C,Ship,129,5,medium,M,3,5444,2,3,1,Heavy,0,Low,2,2,1,1
8166,F,Ship,285,3,low,M,9,4768,3,4,1,Heavy,1,Low,4,2,0,1
8167,D,Ship,133,3,low,F,5,5213,3,1,1,Heavy,0,Low,3,2,0,0
8168,F,Ship,185,3,low,M,1,4786,4,2,0,Heavy,0,Low,4,2,0,1
8169,A,Ship,193,4,medium,M,8,5714,5,5,0,Heavy,0,Low,0,2,1,1
8170,B,Ship,228,6,medium,M,5,4974,5,4,1,Heavy,0,Low,1,2,1,1
8171,C,Ship,179,2,low,M,5,5058,3,3,0,Heavy,0,Low,2,2,0,1
8172,F,Ship,224,3,low,F,9,4896,4,2,0,Heavy,0,Low,4,2,0,0
8173,D,Ship,279,6,medium,M,1,5855,3,2,0,Heavy,1,Low,3,2,1,1
8174,F,Ship,181,3,medium,M,4,5717,4,2,0,Heavy,0,Low,4,2,1,1
8175,A,Ship,198,2,medium,M,9,4526,5,5,0,Heavy,0,Low,0,2,1,1
8176,B,Ship,193,3,medium,F,4,5817,3,5,0,Heavy,0,Low,1,2,1,0
8177,C,Ship,184,3,low,F,1,4208,5,4,1,Heavy,0,Low,2,2,0,0
8178,F,Ship,139,3,low,M,9,5920,5,2,0,Heavy,0,Low,4,2,0,1
8179,D,Ship,210,3,low,M,5,4560,5,3,1,Heavy,0,Low,3,2,0,1
8180,F,Ship,225,2,low,M,2,4520,4,3,1,Heavy,0,Low,4,2,0,1
8181,A,Ship,189,2,low,F,5,4738,3,1,0,Heavy,0,Low,0,2,0,0
8182,B,Ship,164,4,low,F,4,5736,4,5,0,Heavy,0,Low,1,2,0,0
8183,C,Ship,196,3,low,M,1,5303,3,5,1,Heavy,0,Low,2,2,0,1
8184,F,Ship,246,2,medium,F,1,4533,5,3,0,Heavy,0,Low,4,2,1,0
8185,D,Ship,188,4,low,F,10,4571,4,4,1,Heavy,0,Low,3,2,0,0
8186,F,Ship,250,2,medium,F,4,4380,3,3,0,Heavy,0,Low,4,2,1,0
8187,A,Ship,156,4,medium,F,2,5795,4,2,1,Heavy,0,Low,0,2,1,0
8188,B,Ship,218,4,low,M,6,5480,3,1,1,Heavy,0,Low,1,2,0,1
8189,C,Ship,172,2,low,M,5,5791,5,5,0,Heavy,0,Low,2,2,0,1
8190,F,Ship,259,2,low,F,3,4380,3,1,0,Heavy,1,Low,4,2,0,0
8191,D,Ship,231,3,medium,F,9,4623,3,3,1,Heavy,0,Low,3,2,1,0
8192,F,Ship,224,3,high,M,4,4271,5,2,0,Heavy,0,Low,4,2,2,1
8193,A,Ship,201,3,low,M,7,4048,4,5,0,Heavy,0,Low,0,2,0,1
8194,B,Road,189,2,medium,M,5,4374,4,2,0,Heavy,0,Low,1,1,1,1
8195,C,Road,265,3,medium,M,10,4565,5,4,0,Heavy,1,Low,2,1,1,1
8196,F,Road,147,3,medium,M,5,5357,3,5,1,Heavy,0,Low,4,1,1,1
8197,D,Road,195,3,low,F,6,5783,4,4,0,Heavy,0,Low,3,1,0,0
8198,F,Road,216,3,medium,F,7,5891,4,5,0,Heavy,0,Low,4,1,1,0
8199,A,Road,148,2,low,M,5,4031,4,2,0,Heavy,0,Low,0,1,0,1
8200,B,Road,180,4,medium,F,7,4200,5,4,1,Heavy,0,Low,1,1,1,0
8201,C,Road,169,3,low,F,7,5976,3,3,0,Heavy,0,Low,2,1,0,0
8202,F,Road,200,3,low,F,7,5400,3,4,0,Heavy,0,Low,4,1,0,0
8203,D,Road,255,2,low,F,10,5632,3,3,0,Heavy,1,Low,3,1,0,0
8204,F,Road,238,2,low,F,1,4051,4,3,0,Heavy,0,Low,4,1,0,0
8205,A,Road,163,3,medium,M,5,5088,3,4,1,Heavy,0,Low,0,1,1,1
8206,B,Road,177,3,medium,M,7,4031,4,5,1,Heavy,0,Low,1,1,1,1
8207,C,Road,206,3,medium,M,5,5785,4,5,1,Heavy,0,Low,2,1,1,1
8208,F,Road,175,3,low,F,2,5272,3,4,0,Heavy,0,Low,4,1,0,0
8209,D,Road,247,2,medium,M,5,4250,5,5,0,Heavy,0,Low,3,1,1,1
8210,F,Road,152,4,medium,F,4,5809,4,3,0,Heavy,0,Low,4,1,1,0
8211,A,Road,162,3,low,F,8,5394,4,4,0,Heavy,0,Low,0,1,0,0
8212,B,Road,206,3,medium,F,5,5915,3,4,0,Heavy,0,Low,1,1,1,0
8213,C,Road,186,4,low,F,6,5540,3,4,0,Heavy,0,Low,2,1,0,0
8214,F,Road,179,3,low,F,4,4487,4,5,0,Heavy,0,Low,4,1,0,0
8215,D,Road,172,3,medium,F,7,4929,3,5,0,Heavy,0,Low,3,1,1,0
8216,F,Flight,158,2,medium,M,7,4865,3,3,0,Heavy,0,Low,4,0,1,1
8217,A,Flight,143,5,high,M,9,4060,6,5,0,Heavy,0,Low,0,0,2,1
8218,B,Flight,171,3,medium,F,7,4994,5,3,0,Heavy,0,Low,1,0,1,0
8219,C,Flight,175,3,high,M,4,4426,4,2,0,Heavy,0,Low,2,0,2,1
8220,F,Flight,173,3,medium,F,8,4040,4,5,1,Heavy,0,Low,4,0,1,0
8221,D,Flight,268,3,medium,M,10,4531,4,4,0,Heavy,1,Low,3,0,1,1
8222,F,Flight,232,3,low,F,8,5923,4,5,0,Heavy,0,Low,4,0,0,0
8223,A,Flight,203,4,medium,F,9,4217,4,2,0,Heavy,0,Low,0,0,1,0
8224,B,Flight,140,3,low,M,3,5300,3,4,0,Heavy,0,Low,1,0,0,1
8225,C,Flight,138,3,medium,F,10,4327,3,4,1,Heavy,0,Low,2,0,1,0
8226,F,Flight,262,3,medium,M,9,5146,5,1,0,Heavy,1,Low,4,0,1,1
8227,D,Flight,245,3,low,F,9,4024,4,1,1,Heavy,0,Low,3,0,0,0
8228,F,Flight,224,3,low,F,10,4806,3,4,1,Heavy,0,Low,4,0,0,0
8229,A,Flight,186,2,low,F,4,4585,3,4,0,Heavy,0,Low,0,0,0,0
8230,B,Flight,282,4,medium,M,5,5422,4,2,1,Heavy,1,Low,1,0,1,1
8231,C,Flight,266,3,low,M,8,4786,5,1,1,Heavy,1,Low,2,0,0,1
8232,F,Flight,256,4,low,F,7,5571,4,2,0,Heavy,1,Low,4,0,0,0
8233,D,Flight,155,3,medium,F,7,5464,3,3,0,Heavy,0,Low,3,0,1,0
8234,F,Flight,142,3,high,M,2,5700,2,4,0,Heavy,0,Low,4,0,2,1
8235,A,Flight,229,8,medium,M,6,4600,6,3,0,Heavy,0,Low,0,0,1,1
8236,B,Flight,211,8,medium,F,6,5583,4,3,0,Heavy,0,Low,1,0,1,0
8237,C,Flight,264,6,high,F,4,5337,5,1,0,Heavy,1,Low,2,0,2,0
8238,F,Ship,217,4,medium,M,3,5571,6,1,0,Heavy,0,Low,4,2,1,1
8239,D,Ship,145,3,low,M,3,4077,5,3,1,Heavy,0,Low,3,2,0,1
8240,F,Ship,185,4,low,M,6,5854,3,2,0,Heavy,0,Low,4,2,0,1
8241,A,Ship,221,10,high,M,6,5582,4,4,1,Heavy,0,Low,0,2,2,1
8242,B,Ship,208,3,low,F,8,4632,4,5,0,Heavy,0,Low,1,2,0,0
8243,C,Ship,260,2,medium,M,2,5368,4,5,0,Heavy,1,Low,2,2,1,1
8244,F,Ship,177,7,low,F,3,5646,4,4,1,Heavy,0,Low,4,2,0,0
8245,D,Ship,144,4,low,F,10,4175,4,1,0,Heavy,0,Low,3,2,0,0
8246,F,Ship,174,2,low,F,4,5692,3,5,0,Heavy,0,Low,4,2,0,0
8247,A,Ship,215,4,high,M,1,4158,3,2,0,Heavy,0,Low,0,2,2,1
8248,B,Ship,270,10,medium,M,9,5085,4,5,1,Heavy,1,Low,1,2,1,1
8249,C,Ship,209,2,high,M,10,4540,3,4,0,Heavy,0,Low,2,2,2,1
8250,F,Ship,103,5,low,F,10,5413,5,1,1,Heavy,0,Low,4,2,0,0
8251,D,Ship,184,3,low,F,10,4674,5,1,1,Heavy,0,Low,3,2,0,0
8252,F,Ship,226,2,high,F,6,5033,5,3,0,Heavy,0,Low,4,2,2,0
8253,A,Ship,158,3,low,M,4,4324,5,2,0,Heavy,0,Low,0,2,0,1
8254,B,Ship,274,2,high,M,2,5029,3,2,0,Heavy,1,Low,1,2,2,1
8255,C,Ship,245,3,medium,F,7,5429,3,4,0,Heavy,0,Low,2,2,1,0
8256,F,Ship,254,6,low,M,8,1932,5,3,0,Light,1,Low,4,2,0,1
8257,D,Ship,252,5,low,M,2,1312,5,3,1,Light,1,Low,3,2,0,1
8258,F,Ship,254,4,low,M,2,1174,6,4,0,Light,1,Low,4,2,0,1
8259,A,Ship,263,5,low,F,10,1762,4,3,0,Light,1,Low,0,2,0,0
8260,B,Ship,256,5,low,F,5,1970,5,1,0,Light,1,Low,1,2,0,0
8261,C,Ship,264,4,medium,F,9,1922,6,5,1,Light,1,Low,2,2,1,0
8262,F,Ship,237,5,low,M,6,1734,4,2,1,Light,0,Low,4,2,0,1
8263,D,Ship,226,5,medium,F,2,1912,4,1,0,Light,0,Low,3,2,1,0
8264,F,Ship,289,4,low,F,4,1543,7,1,1,Light,1,Low,4,2,0,0
8265,A,Ship,281,4,low,F,9,1235,7,1,0,Light,1,Low,0,2,0,0
8266,B,Ship,258,5,low,M,6,1068,5,5,1,Light,1,Low,1,2,0,1
8267,C,Ship,263,4,low,M,3,1276,6,4,0,Light,1,Low,2,2,0,1
8268,F,Ship,245,5,low,F,1,1605,5,3,0,Light,0,Low,4,2,0,0
8269,D,Ship,296,4,medium,F,7,1427,7,3,0,Light,1,Low,3,2,1,0
8270,F,Ship,286,4,low,M,3,1262,7,4,1,Light,1,Low,4,2,0,1
8271,A,Ship,252,2,low,M,6,1470,6,3,1,Light,1,Low,0,2,0,1
8272,B,Ship,301,4,low,F,4,1707,6,5,1,Light,1,Low,1,2,0,0
8273,C,Ship,290,4,low,F,10,1886,7,4,1,Light,1,Low,2,2,0,0
8274,F,Ship,247,4,medium,F,9,1096,7,2,1,Light,0,Low,4,2,1,0
8275,D,Ship,138,3,medium,F,2,4766,3,1,1,Heavy,0,Low,3,2,1,0
8276,F,Ship,262,3,medium,F,6,4428,5,4,0,Heavy,1,Low,4,2,1,0
8277,A,Ship,245,3,low,F,5,5226,4,2,0,Heavy,0,Low,0,2,0,0
8278,B,Ship,224,3,low,F,1,4862,3,1,1,Heavy,0,Low,1,2,0,0
8279,C,Ship,186,2,low,F,1,5054,3,1,1,Heavy,0,Low,2,2,0,0
8280,F,Ship,282,4,medium,M,10,5065,4,1,0,Heavy,1,Low,4,2,1,1
8281,D,Ship,266,3,low,M,2,5260,5,4,1,Heavy,1,Low,3,2,0,1
8282,F,Ship,256,4,low,F,8,5244,4,5,1,Heavy,1,Low,4,2,0,0
8283,A,Ship,155,3,medium,F,7,5709,3,1,0,Heavy,0,Low,0,2,1,0
8284,B,Ship,142,3,high,M,10,5174,2,5,0,Heavy,0,Low,1,2,2,1
8285,C,Ship,229,8,medium,F,2,4271,6,5,1,Heavy,0,Low,2,2,1,0
8286,F,Ship,211,8,medium,F,3,4550,4,3,0,Heavy,0,Low,4,2,1,0
8287,D,Ship,264,6,high,M,8,4644,5,5,1,Heavy,1,Low,3,2,2,1
8288,F,Ship,217,4,medium,F,4,4247,6,4,1,Heavy,0,Low,4,2,1,0
8289,A,Ship,145,3,low,M,2,4492,5,4,1,Heavy,0,Low,0,2,0,1
8290,B,Ship,185,4,low,M,9,5704,3,5,0,Heavy,0,Low,1,2,0,1
8291,C,Ship,221,10,high,M,9,4646,4,5,0,Heavy,0,Low,2,2,2,1
8292,F,Ship,208,3,low,M,8,4342,4,2,0,Heavy,0,Low,4,2,0,1
8293,D,Ship,260,2,medium,M,6,4474,4,4,0,Heavy,1,Low,3,2,1,1
8294,F,Ship,177,7,low,F,2,4299,4,5,0,Heavy,0,Low,4,2,0,0
8295,A,Ship,144,4,low,M,8,4970,4,1,0,Heavy,0,Low,0,2,0,1
8296,B,Ship,174,2,low,F,1,5556,3,3,0,Heavy,0,Low,1,2,0,0
8297,C,Ship,215,4,high,M,2,4673,3,2,1,Heavy,0,Low,2,2,2,1
8298,F,Ship,270,10,medium,F,5,5494,4,1,1,Heavy,1,Low,4,2,1,0
8299,D,Ship,209,2,high,F,5,4363,3,4,0,Heavy,0,Low,3,2,2,0
8300,F,Ship,103,5,low,M,3,4966,5,1,0,Heavy,0,Low,4,2,0,1
8301,A,Ship,184,3,low,F,4,4552,5,2,0,Heavy,0,Low,0,2,0,0
8302,B,Ship,226,2,high,F,2,4219,5,3,0,Heavy,0,Low,1,2,2,0
8303,C,Ship,158,3,low,F,10,4670,5,4,1,Heavy,0,Low,2,2,0,0
8304,F,Ship,274,2,high,M,2,4352,3,1,0,Heavy,1,Low,4,2,2,1
8305,D,Ship,245,3,medium,F,7,4121,3,2,0,Heavy,0,Low,3,2,1,0
8306,F,Ship,254,6,low,M,4,1850,5,4,1,Light,1,Low,4,2,0,1
8307,A,Ship,252,5,low,M,9,1133,5,4,1,Light,1,Low,0,2,0,1
8308,B,Ship,254,4,low,F,9,1626,6,2,0,Light,1,Low,1,2,0,0
8309,C,Ship,263,5,low,M,3,1777,4,1,0,Light,1,Low,2,2,0,1
8310,F,Ship,256,5,low,F,10,1333,5,5,1,Light,1,Low,4,2,0,0
8311,D,Ship,264,4,medium,M,5,1397,6,3,0,Light,1,Low,3,2,1,1
8312,F,Ship,237,5,low,F,5,1041,4,1,0,Light,0,Low,4,2,0,0
8313,A,Ship,226,5,medium,M,6,1723,4,1,0,Light,0,Low,0,2,1,1
8314,B,Ship,289,4,low,M,1,1657,7,4,0,Light,1,Low,1,2,0,1
8315,C,Ship,281,4,low,F,6,1118,7,2,1,Light,1,Low,2,2,0,0
8316,F,Ship,258,5,low,F,10,1719,5,5,1,Light,1,Low,4,2,0,0
8317,D,Ship,263,4,low,M,10,1669,6,5,0,Light,1,Low,3,2,0,1
8318,F,Ship,245,5,low,F,10,1112,5,3,0,Light,0,Low,4,2,0,0
8319,A,Ship,296,4,medium,F,2,1304,7,3,1,Light,1,Low,0,2,1,0
8320,B,Ship,286,4,low,M,2,1712,7,3,1,Light,1,Low,1,2,0,1
8321,C,Ship,299,4,low,F,1,1629,6,5,1,Light,1,Low,2,2,0,0
8322,F,Ship,253,4,medium,M,10,1248,6,4,0,Light,1,Low,4,2,1,1
8323,D,Ship,269,4,medium,F,9,1835,7,5,0,Light,1,Low,3,2,1,0
8324,F,Ship,267,5,medium,F,3,1194,5,1,1,Light,1,Low,4,2,1,0
8325,A,Ship,226,5,medium,F,4,1518,5,4,0,Light,0,Low,0,2,1,0
8326,B,Ship,278,4,low,M,3,1141,6,4,1,Light,1,Low,1,2,0,1
8327,C,Ship,232,5,medium,M,2,1386,4,4,0,Light,0,Low,2,2,1,1
8328,F,Ship,287,4,low,F,5,1972,6,4,1,Light,1,Low,4,2,0,0
8329,D,Ship,228,5,low,M,6,1718,4,2,0,Light,0,Low,3,2,0,1
8330,F,Ship,232,5,low,M,4,1776,5,1,0,Light,0,Low,4,2,0,1
8331,A,Road,308,4,low,M,8,1569,6,5,1,Light,1,Low,0,1,0,1
8332,B,Road,287,4,low,F,8,1748,7,5,0,Light,1,Low,1,1,0,0
8333,C,Road,246,4,medium,F,8,1741,6,3,0,Light,0,Low,2,1,1,0
8334,F,Road,262,6,low,M,1,1627,4,1,1,Light,1,Low,4,1,0,1
8335,D,Road,275,4,low,M,10,1005,6,4,0,Light,1,Low,3,1,0,1
8336,F,Road,236,5,medium,F,2,1664,5,4,1,Light,0,Low,4,1,1,0
8337,A,Road,221,6,medium,M,2,1781,5,2,1,Light,0,Low,0,1,1,1
8338,B,Road,271,5,low,M,4,1320,5,4,0,Light,1,Low,1,1,0,1
8339,C,Road,229,5,low,M,9,1361,4,4,0,Light,0,Low,2,1,0,1
8340,F,Road,291,4,low,F,3,1663,5,1,1,Light,1,Low,4,1,0,0
8341,D,Road,261,6,medium,F,1,1082,5,5,0,Light,1,Low,3,1,1,0
8342,F,Road,285,4,medium,F,10,1422,6,4,0,Light,1,Low,4,1,1,0
8343,A,Road,262,5,low,M,9,1369,6,4,0,Light,1,Low,0,1,0,1
8344,B,Road,219,5,low,M,2,1260,4,5,0,Light,0,Low,1,1,0,1
8345,C,Road,302,4,low,F,1,1622,6,1,1,Light,1,Low,2,1,0,0
8346,F,Road,269,5,medium,F,2,1473,4,4,0,Light,1,Low,4,1,1,0
8347,D,Road,260,5,low,M,10,1708,5,4,1,Light,1,Low,3,1,0,1
8348,F,Road,297,4,low,F,7,1383,7,2,1,Light,1,Low,4,1,0,0
8349,A,Road,278,4,medium,M,6,1576,6,1,0,Light,1,Low,0,1,1,1
8350,B,Road,265,5,low,F,3,1005,5,3,1,Light,1,Low,1,1,0,0
8351,C,Road,286,4,low,F,5,1248,6,2,1,Light,1,Low,2,1,0,0
8352,F,Road,248,4,low,F,10,1563,6,2,1,Light,0,Low,4,1,0,0
8353,D,Flight,302,4,low,F,7,1592,6,5,0,Light,1,Low,3,0,0,0
8354,F,Flight,272,4,low,F,2,1018,6,1,0,Light,1,Low,4,0,0,0
8355,A,Flight,279,4,low,F,10,1462,6,4,1,Light,1,Low,0,0,0,0
8356,B,Flight,255,5,medium,M,2,1255,4,2,0,Light,1,Low,1,0,1,1
8357,C,Flight,245,5,medium,F,4,1771,5,4,1,Light,0,Low,2,0,1,0
8358,F,Flight,247,5,medium,M,6,1737,4,5,0,Light,0,Low,4,0,1,1
8359,D,Flight,275,4,medium,F,5,1989,6,4,0,Light,1,Low,3,0,1,0
8360,F,Flight,255,4,medium,F,8,1805,6,3,0,Light,1,Low,4,0,1,0
8361,A,Flight,243,4,high,M,2,1665,6,2,1,Light,0,Low,0,0,2,1
8362,B,Flight,234,6,low,M,7,1711,4,1,0,Light,0,Low,1,0,0,1
8363,C,Flight,276,6,medium,F,6,1043,5,2,0,Light,1,Low,2,0,1,0
8364,F,Flight,228,5,low,F,7,1818,5,1,0,Light,0,Low,4,0,0,0
8365,D,Flight,232,6,low,M,2,1550,5,5,1,Light,0,Low,3,0,0,1
8366,F,Flight,248,4,low,F,6,1944,5,1,1,Light,0,Low,4,0,0,0
8367,A,Flight,136,4,low,M,9,5469,5,4,0,Heavy,0,Low,0,0,0,1
8368,B,Flight,240,3,low,F,8,4423,4,3,0,Heavy,0,Low,1,0,0,0
8369,C,Flight,147,3,medium,M,9,4534,4,4,1,Heavy,0,Low,2,0,1,1
8370,F,Flight,222,2,low,F,10,4714,4,1,1,Heavy,0,Low,4,0,0,0
8371,D,Flight,163,3,medium,M,5,5362,3,3,0,Heavy,0,Low,3,0,1,1
8372,F,Flight,254,3,low,F,4,5611,5,4,1,Heavy,1,Low,4,0,0,0
8373,A,Flight,246,3,medium,M,1,5113,4,2,0,Heavy,0,Low,0,0,1,1
8374,B,Flight,168,4,low,M,6,4800,2,1,0,Heavy,0,Low,1,0,0,1
8375,C,Ship,145,3,medium,M,8,4915,4,1,0,Heavy,0,Low,2,2,1,1
8376,F,Ship,224,2,medium,M,8,4047,5,2,1,Heavy,0,Low,4,2,1,1
8377,D,Ship,248,4,low,F,2,4427,4,5,0,Heavy,0,Low,3,2,0,0
8378,F,Ship,212,2,low,M,2,5125,3,3,0,Heavy,0,Low,4,2,0,1
8379,A,Ship,268,3,low,F,8,5480,5,5,0,Heavy,1,Low,0,2,0,0
8380,B,Ship,200,3,medium,F,5,4120,4,1,1,Heavy,0,Low,1,2,1,0
8381,C,Ship,246,3,low,F,9,5795,5,2,0,Heavy,0,Low,2,2,0,0
8382,F,Ship,142,3,medium,M,1,4900,4,3,0,Heavy,0,Low,4,2,1,1
8383,D,Ship,173,4,low,M,9,5672,4,3,0,Heavy,0,Low,3,2,0,1
8384,F,Ship,156,4,medium,F,8,5868,5,3,0,Heavy,0,Low,4,2,1,0
8385,A,Ship,223,2,low,M,8,5719,3,1,1,Heavy,0,Low,0,2,0,1
8386,B,Ship,231,3,low,F,4,5174,4,5,1,Heavy,0,Low,1,2,0,0
8387,C,Ship,264,3,low,F,1,5437,2,4,1,Heavy,1,Low,2,2,0,0
8388,F,Ship,175,5,low,M,10,4498,4,4,1,Heavy,0,Low,4,2,0,1
8389,D,Ship,149,5,medium,F,7,5541,2,4,0,Heavy,0,Low,3,2,1,0
8390,F,Ship,226,2,low,M,7,4703,3,1,0,Heavy,0,Low,4,2,0,1
8391,A,Ship,133,3,medium,F,5,4538,3,1,0,Heavy,0,Low,0,2,1,0
8392,B,Ship,190,2,low,M,1,5005,5,2,0,Heavy,0,Low,1,2,0,1
8393,C,Ship,238,2,high,M,5,4052,3,5,0,Heavy,0,Low,2,2,2,1
8394,F,Ship,152,3,low,M,10,4376,6,4,1,Heavy,0,Low,4,2,0,1
8395,D,Ship,249,3,high,F,10,5629,3,4,1,Heavy,0,Low,3,2,2,0
8396,F,Ship,181,2,low,F,4,5622,4,3,1,Heavy,0,Low,4,2,0,0
8397,A,Ship,239,2,medium,F,2,5625,3,3,0,Heavy,0,Low,0,2,1,0
8398,B,Ship,167,3,medium,M,10,4341,3,1,1,Heavy,0,Low,1,2,1,1
8399,C,Ship,246,3,medium,M,1,5650,3,5,1,Heavy,0,Low,2,2,1,1
8400,F,Ship,139,3,medium,F,1,5953,5,1,1,Heavy,0,Low,4,2,1,0
8401,D,Ship,150,4,low,F,1,5098,5,1,0,Heavy,0,Low,3,2,0,0
8402,F,Ship,151,3,medium,F,1,5297,3,3,0,Heavy,0,Low,4,2,1,0
8403,A,Ship,186,3,low,F,6,4758,4,1,0,Heavy,0,Low,0,2,0,0
8404,B,Ship,250,3,low,M,6,5565,3,4,0,Heavy,0,Low,1,2,0,1
8405,C,Ship,162,3,medium,M,6,4343,4,1,1,Heavy,0,Low,2,2,1,1
8406,F,Ship,135,3,medium,F,5,4484,5,3,0,Heavy,0,Low,4,2,1,0
8407,D,Ship,238,2,medium,M,5,4355,3,1,1,Heavy,0,Low,3,2,1,1
8408,F,Ship,167,2,low,M,10,4013,6,5,1,Heavy,0,Low,4,2,0,1
8409,A,Ship,269,5,medium,M,3,4534,4,1,1,Heavy,1,Low,0,2,1,1
8410,B,Ship,187,2,medium,M,7,4470,4,2,1,Heavy,0,Low,1,2,1,1
8411,C,Ship,241,2,high,M,2,4836,3,3,1,Heavy,0,Low,2,2,2,1
8412,F,Ship,168,3,medium,M,10,4979,3,2,1,Heavy,0,Low,4,2,1,1
8413,D,Ship,273,2,low,M,1,5759,4,4,1,Heavy,1,Low,3,2,0,1
8414,F,Ship,257,3,low,M,8,4447,4,3,1,Heavy,1,Low,4,2,0,1
8415,A,Ship,205,2,low,F,3,5682,5,1,1,Heavy,0,Low,0,2,0,0
8416,B,Ship,260,5,low,M,1,5559,4,1,1,Heavy,1,Low,1,2,0,1
8417,C,Ship,207,3,medium,F,10,5394,2,1,0,Heavy,0,Low,2,2,1,0
8418,F,Ship,202,2,medium,M,7,4598,3,1,0,Heavy,0,Low,4,2,1,1
8419,D,Ship,224,3,low,M,7,5870,5,1,1,Heavy,0,Low,3,2,0,1
8420,F,Ship,193,2,low,M,8,5184,5,1,0,Heavy,0,Low,4,2,0,1
8421,A,Ship,199,3,low,F,3,4885,5,3,1,Heavy,0,Low,0,2,0,0
8422,B,Ship,187,4,low,M,9,5699,4,3,1,Heavy,0,Low,1,2,0,1
8423,C,Ship,208,3,low,M,6,4744,5,2,1,Heavy,0,Low,2,2,0,1
8424,F,Ship,228,2,medium,F,3,5208,3,5,0,Heavy,0,Low,4,2,1,0
8425,D,Ship,160,4,medium,F,7,5147,3,3,0,Heavy,0,Low,3,2,1,0
8426,F,Ship,195,3,medium,F,3,5961,3,1,0,Heavy,0,Low,4,2,1,0
8427,A,Ship,240,2,medium,F,2,5661,3,4,0,Heavy,0,Low,0,2,1,0
8428,B,Ship,271,4,medium,M,9,4066,2,2,0,Heavy,1,Low,1,2,1,1
8429,C,Ship,236,3,low,F,8,4114,4,1,0,Heavy,0,Low,2,2,0,0
8430,F,Ship,199,4,medium,F,1,5660,3,2,0,Heavy,0,Low,4,2,1,0
8431,D,Ship,246,2,low,F,9,4947,3,1,0,Heavy,0,Low,3,2,0,0
8432,F,Ship,250,4,low,F,8,4028,3,1,1,Heavy,0,Low,4,2,0,0
8433,A,Ship,188,2,low,M,10,5085,4,1,1,Heavy,0,Low,0,2,0,1
8434,B,Ship,256,3,low,M,1,4932,3,2,0,Heavy,1,Low,1,2,0,1
8435,C,Ship,147,3,medium,M,8,5272,3,5,1,Heavy,0,Low,2,2,1,1
8436,F,Ship,234,3,low,F,6,5652,3,3,0,Heavy,0,Low,4,2,0,0
8437,D,Ship,247,4,low,F,8,5376,3,1,1,Heavy,0,Low,3,2,0,0
8438,F,Ship,267,4,low,M,5,5792,5,1,0,Heavy,1,Low,4,2,0,1
8439,A,Ship,246,5,high,F,3,4660,6,5,1,Heavy,0,Low,0,2,2,0
8440,B,Ship,284,4,low,F,4,4795,4,1,1,Heavy,1,Low,1,2,0,0
8441,C,Ship,142,6,medium,F,2,5748,3,3,1,Heavy,0,Low,2,2,1,0
8442,F,Ship,132,2,medium,M,2,4129,3,1,0,Heavy,0,Low,4,2,1,1
8443,D,Ship,252,2,high,M,4,4098,3,5,1,Heavy,1,Low,3,2,2,1
8444,F,Ship,243,3,high,F,5,5989,4,1,0,Heavy,0,Low,4,2,2,0
8445,A,Ship,281,3,low,F,7,5180,6,4,0,Heavy,1,Low,0,2,0,0
8446,B,Ship,142,2,low,M,6,5974,3,5,1,Heavy,0,Low,1,2,0,1
8447,C,Ship,209,2,low,F,2,4855,3,1,0,Heavy,0,Low,2,2,0,0
8448,F,Ship,157,4,medium,F,7,4487,3,3,1,Heavy,0,Low,4,2,1,0
8449,D,Ship,267,3,low,M,7,5789,5,1,1,Heavy,1,Low,3,2,0,1
8450,F,Ship,177,5,low,F,1,4379,5,5,1,Heavy,0,Low,4,2,0,0
8451,A,Ship,214,2,medium,F,6,4345,4,3,0,Heavy,0,Low,0,2,1,0
8452,B,Ship,247,3,low,F,4,4962,4,3,1,Heavy,0,Low,1,2,0,0
8453,C,Ship,268,4,low,M,10,5226,3,1,1,Heavy,1,Low,2,2,0,1
8454,F,Ship,242,3,medium,F,6,5013,5,3,1,Heavy,0,Low,4,2,1,0
8455,D,Ship,176,3,low,M,1,4509,2,4,0,Heavy,0,Low,3,2,0,1
8456,F,Ship,231,3,medium,F,10,5361,5,5,0,Heavy,0,Low,4,2,1,0
8457,A,Ship,124,2,medium,M,1,5709,3,5,1,Heavy,0,Low,0,2,1,1
8458,B,Ship,179,3,low,M,4,4102,3,2,1,Heavy,0,Low,1,2,0,1
8459,C,Ship,207,3,low,F,7,4220,4,3,1,Heavy,0,Low,2,2,0,0
8460,F,Ship,128,3,medium,M,7,5675,4,2,1,Heavy,0,Low,4,2,1,1
8461,D,Ship,167,2,medium,F,8,5083,3,5,0,Heavy,0,Low,3,2,1,0
8462,F,Ship,243,4,medium,M,5,4670,3,2,1,Heavy,0,Low,4,2,1,1
8463,A,Ship,252,4,low,F,6,4983,4,5,0,Heavy,1,Low,0,2,0,0
8464,B,Ship,202,2,medium,M,10,5428,4,1,1,Heavy,0,Low,1,2,1,1
8465,C,Ship,241,2,medium,M,3,4636,4,3,1,Heavy,0,Low,2,2,1,1
8466,F,Ship,182,2,medium,F,10,5098,4,5,1,Heavy,0,Low,4,2,1,0
8467,D,Ship,156,3,low,F,5,5628,2,2,1,Heavy,0,Low,3,2,0,0
8468,F,Road,266,3,low,F,6,5758,4,4,1,Heavy,1,Low,4,1,0,0
8469,A,Road,228,3,low,F,9,4678,4,1,0,Heavy,0,Low,0,1,0,0
8470,B,Road,210,4,low,M,3,5432,4,5,1,Heavy,0,Low,1,1,0,1
8471,C,Road,135,2,medium,M,7,5331,3,5,0,Heavy,0,Low,2,1,1,1
8472,F,Road,248,2,medium,M,4,4789,4,5,1,Heavy,0,Low,4,1,1,1
8473,D,Road,227,3,medium,M,3,5644,3,3,0,Heavy,0,Low,3,1,1,1
8474,F,Road,257,3,medium,M,2,5486,3,2,1,Heavy,1,Low,4,1,1,1
8475,A,Road,199,3,low,M,2,4462,4,5,0,Heavy,0,Low,0,1,0,1
8476,B,Road,232,2,low,M,1,5398,4,3,0,Heavy,0,Low,1,1,0,1
8477,C,Road,258,6,low,F,7,4344,5,1,0,Heavy,1,Low,2,1,0,0
8478,F,Road,268,3,medium,F,5,5663,5,1,0,Heavy,1,Low,4,1,1,0
8479,D,Road,260,5,low,M,2,4461,3,4,0,Heavy,1,Low,3,1,0,1
8480,F,Road,190,2,medium,F,1,4020,4,2,1,Heavy,0,Low,4,1,1,0
8481,A,Road,176,3,medium,F,8,5335,5,5,1,Heavy,0,Low,0,1,1,0
8482,B,Road,227,2,low,M,10,5401,3,2,0,Heavy,0,Low,1,1,0,1
8483,C,Road,150,5,medium,F,8,4709,6,4,0,Heavy,0,Low,2,1,1,0
8484,F,Road,160,2,high,M,4,4376,3,2,0,Heavy,0,Low,4,1,2,1
8485,D,Road,113,2,medium,F,4,5130,6,3,1,Heavy,0,Low,3,1,1,0
8486,F,Road,145,3,low,F,5,5019,5,1,0,Heavy,0,Low,4,1,0,0
8487,A,Road,206,3,low,M,2,5572,4,4,1,Heavy,0,Low,0,1,0,1
8488,B,Road,207,3,low,F,5,4643,3,1,1,Heavy,0,Low,1,1,0,0
8489,C,Road,133,2,medium,M,8,4241,3,3,0,Heavy,0,Low,2,1,1,1
8490,F,Flight,261,3,low,F,10,4224,3,5,1,Heavy,1,Low,4,0,0,0
8491,D,Flight,194,2,medium,F,1,4198,4,1,0,Heavy,0,Low,3,0,1,0
8492,F,Flight,244,3,medium,M,6,4062,3,1,1,Heavy,0,Low,4,0,1,1
8493,A,Flight,150,3,low,M,5,4512,4,5,0,Heavy,0,Low,0,0,0,1
8494,B,Flight,267,2,low,M,7,4486,3,1,1,Heavy,1,Low,1,0,0,1
8495,C,Flight,251,2,medium,F,4,4074,3,2,0,Heavy,1,Low,2,0,1,0
8496,F,Flight,185,3,low,M,8,4322,4,2,1,Heavy,0,Low,4,0,0,1
8497,D,Flight,112,5,low,F,1,4543,2,1,0,Heavy,0,Low,3,0,0,0
8498,F,Flight,264,4,medium,M,1,4877,3,2,0,Heavy,1,Low,4,0,1,1
8499,A,Flight,274,3,low,M,1,5017,5,4,1,Heavy,1,Low,0,0,0,1
8500,B,Flight,234,3,medium,F,10,4204,4,5,1,Heavy,0,Low,1,0,1,0
8501,C,Flight,157,2,medium,M,7,5560,3,1,0,Heavy,0,Low,2,0,1,1
8502,F,Flight,247,6,medium,F,6,4691,6,1,0,Heavy,0,Low,4,0,1,0
8503,D,Flight,179,2,high,M,8,5301,5,1,1,Heavy,0,Low,3,0,2,1
8504,F,Flight,202,2,medium,F,10,4412,3,1,1,Heavy,0,Low,4,0,1,0
8505,A,Flight,148,2,medium,M,3,4651,4,2,0,Heavy,0,Low,0,0,1,1
8506,B,Flight,183,6,medium,F,2,5082,5,1,0,Heavy,0,Low,1,0,1,0
8507,C,Flight,229,3,medium,M,9,4491,3,2,1,Heavy,0,Low,2,0,1,1
8508,F,Flight,196,4,low,M,5,4749,3,4,1,Heavy,0,Low,4,0,0,1
8509,D,Flight,264,3,low,F,6,5482,3,3,1,Heavy,1,Low,3,0,0,0
8510,F,Flight,233,4,medium,M,1,5886,3,2,0,Heavy,0,Low,4,0,1,1
8511,A,Flight,166,2,low,F,7,4375,3,1,0,Heavy,0,Low,0,0,0,0
8512,B,Ship,185,2,low,M,2,5420,5,3,0,Heavy,0,Low,1,2,0,1
8513,C,Ship,184,3,low,F,2,4357,3,5,1,Heavy,0,Low,2,2,0,0
8514,F,Ship,98,6,low,M,9,4787,6,3,1,Heavy,0,Low,4,2,0,1
8515,D,Ship,177,2,high,F,7,4764,3,2,1,Heavy,0,Low,3,2,2,0
8516,F,Ship,193,2,low,F,10,5776,3,5,0,Heavy,0,Low,4,2,0,0
8517,A,Ship,165,2,medium,M,1,4768,3,3,0,Heavy,0,Low,0,2,1,1
8518,B,Ship,183,4,low,F,6,4562,4,4,1,Heavy,0,Low,1,2,0,0
8519,C,Ship,161,3,low,M,2,5257,4,4,0,Heavy,0,Low,2,2,0,1
8520,F,Ship,238,2,low,F,4,4992,2,1,0,Heavy,0,Low,4,2,0,0
8521,D,Ship,191,4,low,M,4,4008,3,5,1,Heavy,0,Low,3,2,0,1
8522,F,Ship,165,3,low,M,6,5642,3,2,0,Heavy,0,Low,4,2,0,1
8523,A,Ship,233,2,medium,M,1,4913,3,5,0,Heavy,0,Low,0,2,1,1
8524,B,Ship,234,2,medium,M,4,5066,4,1,1,Heavy,0,Low,1,2,1,1
8525,C,Ship,252,3,medium,M,4,5540,4,1,0,Heavy,1,Low,2,2,1,1
8526,F,Ship,155,3,low,F,9,5539,3,1,0,Heavy,0,Low,4,2,0,0
8527,D,Ship,269,8,medium,M,8,4462,3,5,0,Heavy,1,Low,3,2,1,1
8528,F,Ship,224,2,low,M,8,5871,4,5,0,Heavy,0,Low,4,2,0,1
8529,A,Ship,230,3,medium,F,7,4844,5,3,0,Heavy,0,Low,0,2,1,0
8530,B,Ship,253,3,low,F,9,4205,4,5,0,Heavy,1,Low,1,2,0,0
8531,C,Ship,181,3,low,M,4,4323,5,2,0,Heavy,0,Low,2,2,0,1
8532,F,Ship,233,4,high,F,1,4316,4,2,0,Heavy,0,Low,4,2,2,0
8533,D,Ship,243,5,medium,F,1,4624,4,1,1,Heavy,0,Low,3,2,1,0
8534,F,Ship,271,2,medium,F,6,4801,5,4,1,Heavy,1,Low,4,2,1,0
8535,A,Ship,134,4,low,F,5,4507,4,3,1,Heavy,0,Low,0,2,0,0
8536,B,Ship,154,10,high,F,10,5282,3,5,1,Heavy,0,Low,1,2,2,0
8537,C,Ship,222,8,low,M,2,4914,6,1,0,Heavy,0,Low,2,2,0,1
8538,F,Ship,251,10,medium,F,2,4336,3,4,1,Heavy,1,Low,4,2,1,0
8539,D,Ship,239,3,low,M,10,4020,4,3,0,Heavy,0,Low,3,2,0,1
8540,F,Ship,211,3,low,M,9,4908,5,4,0,Heavy,0,Low,4,2,0,1
8541,A,Ship,195,10,low,M,5,5950,3,4,1,Heavy,0,Low,0,2,0,1
8542,B,Ship,224,10,medium,F,9,4149,4,4,0,Heavy,0,Low,1,2,1,0
8543,C,Ship,144,8,medium,F,2,4956,4,5,1,Heavy,0,Low,2,2,1,0
8544,F,Ship,167,4,high,M,5,5250,4,2,0,Heavy,0,Low,4,2,2,1
8545,D,Ship,188,4,medium,F,8,5884,3,1,1,Heavy,0,Low,3,2,1,0
8546,F,Ship,245,2,medium,F,3,5850,2,4,1,Heavy,0,Low,4,2,1,0
8547,A,Ship,212,2,high,F,3,4389,2,5,0,Heavy,0,Low,0,2,2,0
8548,B,Ship,240,3,low,F,5,4888,3,3,1,Heavy,0,Low,1,2,0,0
8549,C,Ship,226,5,medium,M,5,1323,5,2,0,Light,0,Low,2,2,1,1
8550,F,Ship,278,4,low,M,2,1167,6,5,1,Light,1,Low,4,2,0,1
8551,D,Ship,232,5,medium,F,4,1783,4,2,0,Light,0,Low,3,2,1,0
8552,F,Ship,287,4,low,M,3,1824,6,3,0,Light,1,Low,4,2,0,1
8553,A,Ship,228,5,low,F,1,1788,4,4,1,Light,0,Low,0,2,0,0
8554,B,Ship,232,5,low,M,10,1512,5,4,0,Light,0,Low,1,2,0,1
8555,C,Ship,308,4,low,M,8,1164,6,5,1,Light,1,Low,2,2,0,1
8556,F,Ship,287,4,low,M,9,1667,7,4,1,Light,1,Low,4,2,0,1
8557,D,Ship,246,4,medium,M,3,1852,6,4,0,Light,0,Low,3,2,1,1
8558,F,Ship,262,6,low,M,10,1156,4,5,0,Light,1,Low,4,2,0,1
8559,A,Ship,275,4,low,M,7,1767,6,1,0,Light,1,Low,0,2,0,1
8560,B,Ship,236,5,medium,F,3,1699,5,1,0,Light,0,Low,1,2,1,0
8561,C,Ship,221,6,medium,M,6,1488,5,4,1,Light,0,Low,2,2,1,1
8562,F,Ship,271,5,low,F,5,1869,5,1,1,Light,1,Low,4,2,0,0
8563,D,Ship,229,5,low,M,7,1049,4,4,1,Light,0,Low,3,2,0,1
8564,F,Ship,177,2,high,M,9,4648,3,2,0,Heavy,0,Low,4,2,2,1
8565,A,Ship,193,2,low,M,3,4799,3,2,1,Heavy,0,Low,0,2,0,1
8566,B,Ship,165,2,medium,M,1,5745,3,4,0,Heavy,0,Low,1,2,1,1
8567,C,Ship,183,4,low,M,3,5881,4,5,0,Heavy,0,Low,2,2,0,1
8568,F,Ship,161,3,low,F,8,4382,4,2,0,Heavy,0,Low,4,2,0,0
8569,D,Ship,238,2,low,F,6,5325,2,5,1,Heavy,0,Low,3,2,0,0
8570,F,Ship,191,4,low,M,2,5177,3,5,1,Heavy,0,Low,4,2,0,1
8571,A,Ship,165,3,low,M,10,5823,3,1,0,Heavy,0,Low,0,2,0,1
8572,B,Ship,233,2,medium,F,2,4193,3,5,0,Heavy,0,Low,1,2,1,0
8573,C,Ship,234,2,medium,F,8,5744,4,4,0,Heavy,0,Low,2,2,1,0
8574,F,Ship,252,3,medium,F,10,5802,4,3,1,Heavy,1,Low,4,2,1,0
8575,D,Ship,155,3,low,M,1,5731,3,2,1,Heavy,0,Low,3,2,0,1
8576,F,Ship,269,8,medium,F,4,4290,3,1,0,Heavy,1,Low,4,2,1,0
8577,A,Ship,224,2,low,F,6,4454,4,1,1,Heavy,0,Low,0,2,0,0
8578,B,Ship,230,3,medium,M,6,4257,5,4,0,Heavy,0,Low,1,2,1,1
8579,C,Ship,253,3,low,F,1,5402,4,5,0,Heavy,1,Low,2,2,0,0
8580,F,Ship,181,3,low,F,3,5118,5,1,0,Heavy,0,Low,4,2,0,0
8581,D,Ship,233,4,high,F,6,5256,4,2,0,Heavy,0,Low,3,2,2,0
8582,F,Ship,243,5,medium,M,10,4356,4,4,0,Heavy,0,Low,4,2,1,1
8583,A,Ship,271,2,medium,M,6,4788,5,5,1,Heavy,1,Low,0,2,1,1
8584,B,Ship,134,4,low,M,8,4879,4,3,1,Heavy,0,Low,1,2,0,1
8585,C,Ship,154,10,high,F,8,5811,3,2,1,Heavy,0,Low,2,2,2,0
8586,F,Ship,222,8,low,F,1,5808,6,4,1,Heavy,0,Low,4,2,0,0
8587,D,Ship,251,10,medium,M,9,5962,3,5,0,Heavy,1,Low,3,2,1,1
8588,F,Ship,239,3,low,M,6,5154,4,5,1,Heavy,0,Low,4,2,0,1
8589,A,Ship,211,3,low,M,7,5594,5,1,1,Heavy,0,Low,0,2,0,1
8590,B,Ship,195,10,low,F,9,4256,3,2,0,Heavy,0,Low,1,2,0,0
8591,C,Ship,224,10,medium,F,7,4521,4,5,1,Heavy,0,Low,2,2,1,0
8592,F,Ship,144,8,medium,M,6,4390,4,4,1,Heavy,0,Low,4,2,1,1
8593,D,Ship,167,4,high,M,7,5264,4,1,0,Heavy,0,Low,3,2,2,1
8594,F,Ship,188,4,medium,M,1,4296,3,3,1,Heavy,0,Low,4,2,1,1
8595,A,Ship,245,2,medium,F,10,5389,2,4,0,Heavy,0,Low,0,2,1,0
8596,B,Ship,212,2,high,F,8,4128,2,1,0,Heavy,0,Low,1,2,2,0
8597,C,Ship,240,3,low,F,6,5642,3,5,0,Heavy,0,Low,2,2,0,0
8598,F,Ship,226,5,medium,M,3,1409,5,1,0,Light,0,Low,4,2,1,1
8599,D,Ship,278,4,low,F,9,1368,6,3,0,Light,1,Low,3,2,0,0
8600,F,Ship,232,5,medium,M,8,1943,4,1,0,Light,0,Low,4,2,1,1
8601,A,Ship,287,4,low,M,8,1465,6,5,0,Light,1,Low,0,2,0,1
8602,B,Ship,228,5,low,M,5,1373,4,5,1,Light,0,Low,1,2,0,1
8603,C,Ship,232,5,low,M,1,1127,5,5,0,Light,0,Low,2,2,0,1
8604,F,Ship,308,4,low,M,4,1202,6,5,0,Light,1,Low,4,2,0,1
8605,D,Road,287,4,low,M,1,1660,7,1,0,Light,1,Low,3,1,0,1
8606,F,Road,246,4,medium,M,2,1581,6,5,0,Light,0,Low,4,1,1,1
8607,A,Road,262,6,low,F,3,1830,4,1,1,Light,1,Low,0,1,0,0
8608,B,Road,275,4,low,F,6,1872,6,5,0,Light,1,Low,1,1,0,0
8609,C,Road,236,5,medium,M,10,1630,5,3,0,Light,0,Low,2,1,1,1
8610,F,Road,221,6,medium,M,4,1952,5,2,1,Light,0,Low,4,1,1,1
8611,D,Road,228,5,low,F,9,1549,5,4,1,Light,0,Low,3,1,0,0
8612,F,Road,234,5,low,F,1,1991,4,5,1,Light,0,Low,4,1,0,0
8613,A,Road,242,5,low,M,9,1767,5,1,0,Light,0,Low,0,1,0,1
8614,B,Road,307,4,low,F,8,1339,7,1,0,Light,1,Low,1,1,0,0
8615,C,Road,260,4,low,M,4,1358,6,3,0,Light,1,Low,2,1,0,1
8616,F,Road,239,5,low,M,7,1380,4,5,0,Light,0,Low,4,1,0,1
8617,D,Road,305,4,low,F,1,1384,6,4,0,Light,1,Low,3,1,0,0
8618,F,Road,254,6,low,F,5,1951,5,2,0,Light,1,Low,4,1,0,0
8619,A,Road,258,5,low,F,9,1548,2,1,1,Light,1,Low,0,1,0,0
8620,B,Road,267,6,low,M,10,1027,5,3,0,Light,1,Low,1,1,0,1
8621,C,Road,246,5,low,F,10,1720,4,2,0,Light,0,Low,2,1,0,0
8622,F,Road,246,5,low,M,9,1206,4,2,1,Light,0,Low,4,1,0,1
8623,D,Road,261,5,medium,M,5,1073,4,2,1,Light,1,Low,3,1,1,1
8624,F,Road,239,5,low,F,6,1815,5,1,0,Light,0,Low,4,1,0,0
8625,A,Road,245,5,low,M,8,1471,5,3,0,Light,0,Low,0,1,0,1
8626,B,Road,237,5,medium,F,2,1869,5,3,1,Light,0,Low,1,1,1,0
8627,C,Flight,307,4,low,M,1,1793,7,3,1,Light,1,Low,2,0,0,1
8628,F,Flight,252,5,low,F,10,1568,5,2,0,Light,1,Low,4,0,0,0
8629,D,Flight,225,5,low,M,7,1168,5,5,0,Light,0,Low,3,0,0,1
8630,F,Flight,258,4,low,F,7,1726,6,4,1,Light,1,Low,4,0,0,0
8631,A,Flight,254,4,medium,M,6,1279,7,1,1,Light,1,Low,0,0,1,1
8632,B,Flight,232,5,low,F,1,1835,5,3,1,Light,0,Low,1,0,0,0
8633,C,Flight,255,4,medium,F,3,1450,7,1,0,Light,1,Low,2,0,1,0
8634,F,Flight,235,5,low,F,10,1920,5,1,0,Light,0,Low,4,0,0,0
8635,D,Flight,269,4,medium,M,2,1592,7,5,0,Light,1,Low,3,0,1,1
8636,F,Flight,243,4,low,M,4,1768,6,2,0,Light,0,Low,4,0,0,1
8637,A,Flight,253,4,low,M,1,1294,7,2,1,Light,1,Low,0,0,0,1
8638,B,Flight,266,5,medium,F,2,1798,5,1,0,Light,1,Low,1,0,1,0
8639,C,Flight,154,4,low,F,3,1066,5,3,1,Light,0,Low,2,0,0,0
8640,F,Flight,245,5,low,M,4,1470,4,3,0,Light,0,Low,4,0,0,1
8641,D,Flight,275,5,medium,F,8,1093,4,5,1,Light,1,Low,3,0,1,0
8642,F,Flight,261,4,medium,M,10,1290,6,1,1,Light,1,Low,4,0,1,1
8643,A,Flight,273,5,low,M,2,1441,4,5,0,Light,1,Low,0,0,0,1
8644,B,Flight,303,5,low,M,5,1195,6,4,1,Light,1,Low,1,0,0,1
8645,C,Flight,255,5,low,M,3,1574,5,1,1,Light,1,Low,2,0,0,1
8646,F,Flight,225,5,low,F,1,1476,4,4,1,Light,0,Low,4,0,0,0
8647,D,Flight,233,6,low,M,8,1176,4,5,0,Light,0,Low,3,0,0,1
8648,F,Flight,285,4,low,F,3,1448,6,1,1,Light,1,Low,4,0,0,0
8649,A,Ship,272,4,medium,M,10,1383,5,5,1,Light,1,Low,0,2,1,1
8650,B,Ship,273,4,medium,M,9,1329,7,5,1,Light,1,Low,1,2,1,1
8651,C,Ship,253,6,low,F,4,1788,4,3,1,Light,1,Low,2,2,0,0
8652,F,Ship,279,4,medium,F,4,1148,6,2,0,Light,1,Low,4,2,1,0
8653,D,Ship,235,5,low,M,8,1021,4,2,0,Light,0,Low,3,2,0,1
8654,F,Ship,255,5,low,F,9,1793,4,1,1,Light,1,Low,4,2,0,0
8655,A,Ship,301,4,low,F,7,1727,7,5,0,Light,1,Low,0,2,0,0
8656,B,Ship,245,4,medium,M,4,1653,7,1,1,Light,0,Low,1,2,1,1
8657,C,Ship,265,4,low,F,1,1601,7,5,0,Light,1,Low,2,2,0,0
8658,F,Ship,252,5,medium,M,2,1995,4,4,1,Light,1,Low,4,2,1,1
8659,D,Ship,281,4,medium,M,2,1592,6,1,0,Light,1,Low,3,2,1,1
8660,F,Ship,269,4,medium,F,10,1166,6,2,0,Light,1,Low,4,2,1,0
8661,A,Ship,271,5,medium,M,4,1633,4,2,1,Light,1,Low,0,2,1,1
8662,B,Ship,239,5,medium,F,6,1365,5,2,1,Light,0,Low,1,2,1,0
8663,C,Ship,293,4,low,F,2,1080,7,5,1,Light,1,Low,2,2,0,0
8664,F,Ship,165,5,medium,F,1,4170,4,1,1,Heavy,0,Low,4,2,1,0
8665,D,Ship,202,4,low,F,9,4917,3,3,0,Heavy,0,Low,3,2,0,0
8666,F,Ship,201,3,low,F,2,5385,4,4,0,Heavy,0,Low,4,2,0,0
8667,A,Ship,161,3,low,F,5,4702,5,5,0,Heavy,0,Low,0,2,0,0
8668,B,Ship,193,3,low,F,3,5037,5,5,0,Heavy,0,Low,1,2,0,0
8669,C,Ship,152,3,low,M,1,4949,3,1,1,Heavy,0,Low,2,2,0,1
8670,F,Ship,189,2,medium,M,3,5837,4,4,1,Heavy,0,Low,4,2,1,1
8671,D,Ship,159,3,low,M,10,4784,3,1,1,Heavy,0,Low,3,2,0,1
8672,F,Ship,259,3,low,M,1,5725,5,1,0,Heavy,1,Low,4,2,0,1
8673,A,Ship,224,3,medium,M,8,5869,3,2,0,Heavy,0,Low,0,2,1,1
8674,B,Ship,172,2,medium,F,3,5538,4,4,1,Heavy,0,Low,1,2,1,0
8675,C,Ship,148,3,medium,F,5,5216,4,5,0,Heavy,0,Low,2,2,1,0
8676,F,Ship,274,3,medium,F,8,4276,4,3,0,Heavy,1,Low,4,2,1,0
8677,D,Ship,207,4,low,F,9,5889,3,1,0,Heavy,0,Low,3,2,0,0
8678,F,Ship,159,5,medium,F,2,5654,4,5,1,Heavy,0,Low,4,2,1,0
8679,A,Ship,198,3,low,M,3,4965,3,1,1,Heavy,0,Low,0,2,0,1
8680,B,Ship,196,2,medium,F,3,5505,4,5,0,Heavy,0,Low,1,2,1,0
8681,C,Ship,137,2,low,M,9,4580,5,1,1,Heavy,0,Low,2,2,0,1
8682,F,Ship,192,3,medium,M,4,5479,3,3,0,Heavy,0,Low,4,2,1,1
8683,D,Ship,214,3,low,F,1,5722,3,4,0,Heavy,0,Low,3,2,0,0
8684,F,Ship,267,4,medium,M,2,5917,6,3,1,Heavy,1,Low,4,2,1,1
8685,A,Ship,205,3,medium,F,9,4565,3,5,1,Heavy,0,Low,0,2,1,0
8686,B,Ship,102,4,medium,F,6,5421,2,4,0,Heavy,0,Low,1,2,1,0
8687,C,Ship,150,2,medium,M,5,5264,3,2,0,Heavy,0,Low,2,2,1,1
8688,F,Ship,176,3,low,M,3,5919,5,1,0,Heavy,0,Low,4,2,0,1
8689,D,Ship,169,3,high,M,1,4647,3,3,0,Heavy,0,Low,3,2,2,1
8690,F,Ship,151,3,medium,F,5,4732,4,4,0,Heavy,0,Low,4,2,1,0
8691,A,Ship,243,3,low,M,1,4623,3,5,0,Heavy,0,Low,0,2,0,1
8692,B,Ship,150,2,low,F,2,5301,4,2,0,Heavy,0,Low,1,2,0,0
8693,C,Ship,229,2,low,M,6,4226,4,3,1,Heavy,0,Low,2,2,0,1
8694,F,Ship,164,4,low,M,6,5264,6,2,0,Heavy,0,Low,4,2,0,1
8695,D,Ship,220,3,low,F,9,5672,3,5,1,Heavy,0,Low,3,2,0,0
8696,F,Ship,187,3,medium,M,7,4607,3,1,0,Heavy,0,Low,4,2,1,1
8697,A,Ship,255,3,low,F,1,5775,5,4,1,Heavy,1,Low,0,2,0,0
8698,B,Ship,252,3,medium,M,2,4162,5,4,0,Heavy,1,Low,1,2,1,1
8699,C,Ship,242,4,medium,F,2,5359,5,5,0,Heavy,0,Low,2,2,1,0
8700,F,Ship,162,3,low,M,7,5073,3,1,0,Heavy,0,Low,4,2,0,1
8701,D,Ship,219,3,medium,M,1,4918,3,2,1,Heavy,0,Low,3,2,1,1
8702,F,Ship,248,3,low,M,2,5028,4,2,1,Heavy,0,Low,4,2,0,1
8703,A,Ship,228,3,medium,F,1,5408,4,3,1,Heavy,0,Low,0,2,1,0
8704,B,Ship,149,2,medium,F,2,5881,4,4,0,Heavy,0,Low,1,2,1,0
8705,C,Ship,206,3,medium,F,9,5751,3,5,0,Heavy,0,Low,2,2,1,0
8706,F,Ship,204,3,medium,M,4,4619,3,1,1,Heavy,0,Low,4,2,1,1
8707,D,Ship,222,4,medium,M,2,4060,5,3,0,Heavy,0,Low,3,2,1,1
8708,F,Ship,248,2,medium,M,1,4108,3,5,1,Heavy,0,Low,4,2,1,1
8709,A,Ship,225,3,medium,F,7,4961,3,3,1,Heavy,0,Low,0,2,1,0
8710,B,Ship,244,2,high,F,9,4142,3,2,0,Heavy,0,Low,1,2,2,0
8711,C,Ship,184,4,medium,M,3,4719,2,3,0,Heavy,0,Low,2,2,1,1
8712,F,Ship,223,3,low,M,9,5649,4,5,1,Heavy,0,Low,4,2,0,1
8713,D,Ship,133,6,medium,F,9,4879,4,2,0,Heavy,0,Low,3,2,1,0
8714,F,Ship,164,4,medium,M,1,4257,4,3,0,Heavy,0,Low,4,2,1,1
8715,A,Ship,222,4,medium,F,9,4247,3,5,0,Heavy,0,Low,0,2,1,0
8716,B,Ship,198,2,low,M,8,4323,2,1,0,Heavy,0,Low,1,2,0,1
8717,C,Ship,198,3,low,F,5,4754,5,5,1,Heavy,0,Low,2,2,0,0
8718,F,Ship,193,6,medium,F,4,5964,5,1,0,Heavy,0,Low,4,2,1,0
8719,D,Ship,149,3,low,F,9,5173,5,1,1,Heavy,0,Low,3,2,0,0
8720,F,Ship,265,4,medium,F,6,4607,4,4,1,Heavy,1,Low,4,2,1,0
8721,A,Ship,187,2,low,F,7,4859,3,3,0,Heavy,0,Low,0,2,0,0
8722,B,Ship,198,2,medium,F,9,4108,4,5,0,Heavy,0,Low,1,2,1,0
8723,C,Ship,177,3,medium,F,1,4965,3,4,0,Heavy,0,Low,2,2,1,0
8724,F,Ship,255,4,low,F,5,5870,5,3,0,Heavy,1,Low,4,2,0,0
8725,D,Ship,141,2,medium,F,7,5231,3,2,0,Heavy,0,Low,3,2,1,0
8726,F,Ship,180,2,medium,F,4,4758,3,2,1,Heavy,0,Low,4,2,1,0
8727,A,Ship,254,3,high,M,4,5830,3,4,1,Heavy,1,Low,0,2,2,1
8728,B,Ship,211,2,medium,M,2,4611,2,3,0,Heavy,0,Low,1,2,1,1
8729,C,Ship,238,2,medium,M,7,5974,3,4,0,Heavy,0,Low,2,2,1,1
8730,F,Ship,239,3,medium,M,6,5632,4,4,0,Heavy,0,Low,4,2,1,1
8731,D,Ship,175,2,medium,M,3,4961,4,3,1,Heavy,0,Low,3,2,1,1
8732,F,Ship,238,2,low,M,5,5703,5,2,0,Heavy,0,Low,4,2,0,1
8733,A,Ship,268,4,medium,M,5,4126,6,4,1,Heavy,1,Low,0,2,1,1
8734,B,Ship,142,2,medium,M,10,5428,4,5,1,Heavy,0,Low,1,2,1,1
8735,C,Ship,186,2,medium,M,3,5712,3,2,0,Heavy,0,Low,2,2,1,1
8736,F,Ship,154,3,medium,F,4,4867,4,3,1,Heavy,0,Low,4,2,1,0
8737,D,Ship,229,2,low,F,9,5672,4,4,1,Heavy,0,Low,3,2,0,0
8738,F,Ship,264,3,low,M,8,4575,3,4,1,Heavy,1,Low,4,2,0,1
8739,A,Ship,196,3,medium,F,8,5541,4,3,0,Heavy,0,Low,0,2,1,0
8740,B,Ship,169,2,medium,M,4,6000,5,2,1,Heavy,0,Low,1,2,1,1
8741,C,Ship,168,3,low,M,8,5877,3,5,0,Heavy,0,Low,2,2,0,1
8742,F,Road,226,2,high,F,8,5793,3,4,0,Heavy,0,Low,4,1,2,0
8743,D,Road,189,2,low,F,4,5575,5,4,1,Heavy,0,Low,3,1,0,0
8744,F,Road,183,2,low,F,7,4572,4,4,1,Heavy,0,Low,4,1,0,0
8745,A,Road,228,2,low,F,7,4977,3,1,0,Heavy,0,Low,0,1,0,0
8746,B,Road,260,2,low,M,7,5553,3,2,1,Heavy,1,Low,1,1,0,1
8747,C,Road,112,2,medium,F,8,4599,4,2,0,Heavy,0,Low,2,1,1,0
8748,F,Road,221,3,medium,M,9,5295,5,5,0,Heavy,0,Low,4,1,1,1
8749,D,Road,258,3,low,M,8,4046,4,5,1,Heavy,1,Low,3,1,0,1
8750,F,Road,133,3,medium,F,5,5950,4,2,0,Heavy,0,Low,4,1,1,0
8751,A,Road,139,3,low,F,4,4666,3,1,0,Heavy,0,Low,0,1,0,0
8752,B,Road,251,4,medium,M,10,5931,5,1,0,Heavy,1,Low,1,1,1,1
8753,C,Road,258,3,high,M,3,4908,5,1,0,Heavy,1,Low,2,1,2,1
8754,F,Road,229,2,medium,F,7,4855,4,2,1,Heavy,0,Low,4,1,1,0
8755,D,Road,220,4,low,M,5,5465,6,4,1,Heavy,0,Low,3,1,0,1
8756,F,Road,160,3,low,F,10,4416,5,3,1,Heavy,0,Low,4,1,0,0
8757,A,Road,154,3,medium,M,4,4631,3,1,0,Heavy,0,Low,0,1,1,1
8758,B,Road,197,5,low,F,1,5581,5,3,0,Heavy,0,Low,1,1,0,0
8759,C,Road,141,3,low,M,10,4289,4,4,0,Heavy,0,Low,2,1,0,1
8760,F,Road,199,2,medium,F,7,5531,3,2,1,Heavy,0,Low,4,1,1,0
8761,D,Road,187,6,low,F,9,5872,4,3,0,Heavy,0,Low,3,1,0,0
8762,F,Road,136,3,medium,M,6,4631,3,4,0,Heavy,0,Low,4,1,1,1
8763,A,Road,232,5,medium,M,9,5759,3,4,0,Heavy,0,Low,0,1,1,1
8764,B,Flight,257,2,low,F,9,5085,3,2,1,Heavy,1,Low,1,0,0,0
8765,C,Flight,156,2,medium,M,4,5225,4,1,0,Heavy,0,Low,2,0,1,1
8766,F,Flight,179,3,low,M,2,4913,3,5,0,Heavy,0,Low,4,0,0,1
8767,D,Flight,182,3,low,F,9,5388,5,5,0,Heavy,0,Low,3,0,0,0
8768,F,Flight,209,6,low,F,7,4852,4,4,0,Heavy,0,Low,4,0,0,0
8769,A,Flight,137,3,medium,F,5,4814,5,5,0,Heavy,0,Low,0,0,1,0
8770,B,Flight,174,5,medium,M,8,4656,5,2,0,Heavy,0,Low,1,0,1,1
8771,C,Flight,251,3,medium,M,5,5608,3,4,1,Heavy,1,Low,2,0,1,1
8772,F,Flight,220,2,medium,M,8,5073,5,4,0,Heavy,0,Low,4,0,1,1
8773,D,Flight,196,4,low,F,9,5631,3,3,1,Heavy,0,Low,3,0,0,0
8774,F,Flight,162,3,medium,F,10,5726,3,1,0,Heavy,0,Low,4,0,1,0
8775,A,Flight,242,2,medium,F,8,5243,4,2,1,Heavy,0,Low,0,0,1,0
8776,B,Flight,226,3,medium,M,10,5305,4,3,0,Heavy,0,Low,1,0,1,1
8777,C,Flight,101,3,medium,M,7,4275,3,1,1,Heavy,0,Low,2,0,1,1
8778,F,Flight,226,3,medium,F,1,5451,5,2,0,Heavy,0,Low,4,0,1,0
8779,D,Flight,280,6,high,M,5,4585,5,3,0,Heavy,1,Low,3,0,2,1
8780,F,Flight,257,2,high,M,3,4108,4,2,1,Heavy,1,Low,4,0,2,1
8781,A,Flight,185,5,low,M,5,4078,5,5,0,Heavy,0,Low,0,0,0,1
8782,B,Flight,199,3,low,F,8,5431,3,2,0,Heavy,0,Low,1,0,0,0
8783,C,Flight,273,3,high,M,8,5754,3,2,1,Heavy,1,Low,2,0,2,1
8784,F,Flight,229,4,medium,F,6,4157,4,5,0,Heavy,0,Low,4,0,1,0
8785,D,Flight,199,3,medium,F,1,4006,3,3,1,Heavy,0,Low,3,0,1,0
8786,F,Ship,151,3,low,F,7,4072,3,1,0,Heavy,0,Low,4,2,0,0
8787,A,Ship,213,2,high,F,10,5607,5,1,1,Heavy,0,Low,0,2,2,0
8788,B,Ship,151,3,medium,F,3,4938,3,4,0,Heavy,0,Low,1,2,1,0
8789,C,Ship,212,3,low,M,5,5413,4,2,0,Heavy,0,Low,2,2,0,1
8790,F,Ship,175,3,low,F,9,4840,4,3,1,Heavy,0,Low,4,2,0,0
8791,D,Ship,182,4,low,F,2,4746,3,3,1,Heavy,0,Low,3,2,0,0
8792,F,Ship,211,2,medium,F,2,5077,5,2,0,Heavy,0,Low,4,2,1,0
8793,A,Ship,160,3,medium,F,5,5524,3,1,0,Heavy,0,Low,0,2,1,0
8794,B,Ship,268,2,medium,F,10,5895,3,5,0,Heavy,1,Low,1,2,1,0
8795,C,Ship,188,4,medium,M,3,4033,3,5,0,Heavy,0,Low,2,2,1,1
8796,F,Ship,234,3,medium,M,5,4757,3,2,1,Heavy,0,Low,4,2,1,1
8797,D,Ship,151,4,low,M,5,4549,5,1,0,Heavy,0,Low,3,2,0,1
8798,F,Ship,150,2,medium,M,9,4100,3,3,0,Heavy,0,Low,4,2,1,1
8799,A,Ship,268,3,low,F,6,4172,3,5,1,Heavy,1,Low,0,2,0,0
8800,B,Ship,248,3,low,F,7,4142,2,4,0,Heavy,0,Low,1,2,0,0
8801,C,Ship,232,2,medium,F,8,5544,3,3,1,Heavy,0,Low,2,2,1,0
8802,F,Ship,164,3,medium,F,6,4302,5,2,0,Heavy,0,Low,4,2,1,0
8803,D,Ship,211,3,medium,M,3,5379,3,3,1,Heavy,0,Low,3,2,1,1
8804,F,Ship,195,2,medium,F,9,5832,3,5,0,Heavy,0,Low,4,2,1,0
8805,A,Ship,208,2,low,F,4,5831,4,5,0,Heavy,0,Low,0,2,0,0
8806,B,Ship,176,2,medium,F,4,5726,3,1,0,Heavy,0,Low,1,2,1,0
8807,C,Ship,258,3,medium,F,8,4921,5,2,0,Heavy,1,Low,2,2,1,0
8808,F,Ship,224,3,medium,F,1,4231,4,4,0,Heavy,0,Low,4,2,1,0
8809,D,Ship,263,3,medium,M,1,5283,4,4,1,Heavy,1,Low,3,2,1,1
8810,F,Ship,203,10,medium,F,7,5917,3,1,1,Heavy,0,Low,4,2,1,0
8811,A,Ship,266,7,medium,F,10,5901,4,4,0,Heavy,1,Low,0,2,1,0
8812,B,Ship,189,3,medium,F,9,5316,6,1,0,Heavy,0,Low,1,2,1,0
8813,C,Ship,242,8,medium,F,8,5401,3,1,0,Heavy,0,Low,2,2,1,0
8814,F,Ship,265,4,medium,F,3,4120,4,2,1,Heavy,1,Low,4,2,1,0
8815,D,Ship,138,10,low,M,1,5721,3,2,1,Heavy,0,Low,3,2,0,1
8816,F,Ship,268,3,low,F,9,4118,4,4,1,Heavy,1,Low,4,2,0,0
8817,A,Ship,211,7,high,M,9,5652,4,3,1,Heavy,0,Low,0,2,2,1
8818,B,Ship,137,8,low,F,6,5992,6,3,1,Heavy,0,Low,1,2,0,0
8819,C,Ship,234,5,low,F,2,1087,4,5,1,Light,0,Low,2,2,0,0
8820,F,Ship,242,5,low,M,1,1571,5,4,1,Light,0,Low,4,2,0,1
8821,D,Ship,307,4,low,M,8,1551,7,2,0,Light,1,Low,3,2,0,1
8822,F,Ship,260,4,low,F,6,1766,6,1,0,Light,1,Low,4,2,0,0
8823,A,Ship,239,5,low,F,6,1239,4,4,0,Light,0,Low,0,2,0,0
8824,B,Ship,305,4,low,F,9,1567,6,2,0,Light,1,Low,1,2,0,0
8825,C,Ship,254,6,low,M,5,1885,5,2,0,Light,1,Low,2,2,0,1
8826,F,Ship,258,5,low,M,10,1221,2,1,1,Light,1,Low,4,2,0,1
8827,D,Ship,267,6,low,F,8,1421,5,3,1,Light,1,Low,3,2,0,0
8828,F,Ship,246,5,low,M,7,1134,4,3,0,Light,0,Low,4,2,0,1
8829,A,Ship,246,5,low,F,1,1673,4,3,1,Light,0,Low,0,2,0,0
8830,B,Ship,261,5,medium,F,2,1690,4,4,1,Light,1,Low,1,2,1,0
8831,C,Ship,239,5,low,M,6,1887,5,5,1,Light,0,Low,2,2,0,1
8832,F,Ship,245,5,low,M,5,1381,5,5,1,Light,0,Low,4,2,0,1
8833,D,Ship,237,5,medium,F,8,1150,5,1,1,Light,0,Low,3,2,1,0
8834,F,Ship,307,4,low,F,1,1589,7,3,1,Light,1,Low,4,2,0,0
8835,A,Ship,252,5,low,M,2,1847,5,4,1,Light,1,Low,0,2,0,1
8836,B,Ship,225,5,low,M,5,1015,5,2,0,Light,0,Low,1,2,0,1
8837,C,Ship,258,4,low,M,9,1104,6,4,0,Light,1,Low,2,2,0,1
8838,F,Ship,254,4,medium,F,6,1491,7,5,1,Light,1,Low,4,2,1,0
8839,D,Ship,232,5,low,M,6,1427,5,1,0,Light,0,Low,3,2,0,1
8840,F,Ship,255,4,medium,F,8,1088,7,1,1,Light,1,Low,4,2,1,0
8841,A,Ship,235,5,low,M,4,1990,5,3,0,Light,0,Low,0,2,0,1
8842,B,Ship,269,4,medium,M,4,1118,7,1,1,Light,1,Low,1,2,1,1
8843,C,Ship,211,3,medium,M,1,4889,3,1,1,Heavy,0,Low,2,2,1,1
8844,F,Ship,195,2,medium,F,10,4031,3,4,0,Heavy,0,Low,4,2,1,0
8845,D,Ship,208,2,low,M,1,4039,4,5,0,Heavy,0,Low,3,2,0,1
8846,F,Ship,176,2,medium,F,8,5597,3,5,1,Heavy,0,Low,4,2,1,0
8847,A,Ship,258,3,medium,F,8,5694,5,1,0,Heavy,1,Low,0,2,1,0
8848,B,Ship,224,3,medium,F,6,5054,4,3,1,Heavy,0,Low,1,2,1,0
8849,C,Ship,263,3,medium,M,3,4677,4,3,0,Heavy,1,Low,2,2,1,1
8850,F,Ship,203,10,medium,F,1,4996,3,5,0,Heavy,0,Low,4,2,1,0
8851,D,Ship,266,7,medium,M,3,5672,4,4,1,Heavy,1,Low,3,2,1,1
8852,F,Ship,189,3,medium,F,3,5062,6,3,0,Heavy,0,Low,4,2,1,0
8853,A,Ship,242,8,medium,M,4,4943,3,1,0,Heavy,0,Low,0,2,1,1
8854,B,Ship,265,4,medium,F,10,4575,4,2,1,Heavy,1,Low,1,2,1,0
8855,C,Ship,138,10,low,F,4,4496,3,1,1,Heavy,0,Low,2,2,0,0
8856,F,Ship,268,3,low,F,10,5998,4,3,0,Heavy,1,Low,4,2,0,0
8857,D,Ship,211,7,high,M,4,4476,4,1,1,Heavy,0,Low,3,2,2,1
8858,F,Ship,137,8,low,F,9,4374,6,4,1,Heavy,0,Low,4,2,0,0
8859,A,Ship,234,5,low,F,3,1469,4,5,1,Light,0,Low,0,2,0,0
8860,B,Ship,242,5,low,F,8,1815,5,1,0,Light,0,Low,1,2,0,0
8861,C,Ship,307,4,low,M,4,1371,7,1,1,Light,1,Low,2,2,0,1
8862,F,Ship,260,4,low,F,1,1775,6,3,0,Light,1,Low,4,2,0,0
8863,D,Ship,239,5,low,M,6,1336,4,5,0,Light,0,Low,3,2,0,1
8864,F,Ship,305,4,low,M,2,1196,6,2,0,Light,1,Low,4,2,0,1
8865,A,Ship,254,6,low,M,1,1021,5,1,0,Light,1,Low,0,2,0,1
8866,B,Ship,258,5,low,F,6,1727,2,3,0,Light,1,Low,1,2,0,0
8867,C,Ship,267,6,low,M,3,1803,5,1,0,Light,1,Low,2,2,0,1
8868,F,Ship,246,5,low,F,2,1024,4,5,1,Light,0,Low,4,2,0,0
8869,D,Ship,246,5,low,M,5,1395,4,3,0,Light,0,Low,3,2,0,1
8870,F,Ship,261,5,medium,F,2,1829,4,4,0,Light,1,Low,4,2,1,0
8871,A,Ship,239,5,low,M,10,1784,5,3,0,Light,0,Low,0,2,0,1
8872,B,Ship,245,5,low,M,10,1289,5,5,1,Light,0,Low,1,2,0,1
8873,C,Ship,237,5,medium,F,4,1567,5,3,0,Light,0,Low,2,2,1,0
8874,F,Ship,307,4,low,M,2,1983,7,1,0,Light,1,Low,4,2,0,1
8875,D,Ship,252,5,low,M,4,1308,5,1,0,Light,1,Low,3,2,0,1
8876,F,Ship,225,5,low,F,6,2000,5,4,0,Light,0,Low,4,2,0,0
8877,A,Ship,281,4,medium,F,8,1884,6,3,0,Light,1,Low,0,2,1,0
8878,B,Ship,269,4,medium,F,7,1249,6,5,1,Light,1,Low,1,2,1,0
8879,C,Road,271,5,medium,F,3,1328,4,1,0,Light,1,Low,2,1,1,0
8880,F,Road,239,5,medium,F,6,1310,5,2,1,Light,0,Low,4,1,1,0
8881,D,Road,308,4,medium,M,1,1477,7,5,1,Light,1,Low,3,1,1,1
8882,F,Road,256,4,low,F,7,1372,6,1,1,Light,1,Low,4,1,0,0
8883,A,Road,251,5,medium,F,7,1070,4,5,1,Light,1,Low,0,1,1,0
8884,B,Road,270,5,medium,M,9,1764,5,3,1,Light,1,Low,1,1,1,1
8885,C,Road,289,4,low,F,1,1656,6,4,0,Light,1,Low,2,1,0,0
8886,F,Road,253,4,medium,F,6,1961,6,4,0,Light,1,Low,4,1,1,0
8887,D,Road,305,4,medium,F,5,1198,7,3,0,Light,1,Low,3,1,1,0
8888,F,Road,219,6,low,F,2,1837,3,4,0,Light,0,Low,4,1,0,0
8889,A,Road,231,5,medium,F,10,1144,4,1,0,Light,0,Low,0,1,1,0
8890,B,Road,298,4,medium,F,8,1437,6,4,1,Light,1,Low,1,1,1,0
8891,C,Road,282,4,low,M,4,1035,6,5,0,Light,1,Low,2,1,0,1
8892,F,Road,240,5,low,M,4,1389,5,3,0,Light,0,Low,4,1,0,1
8893,D,Road,223,5,medium,F,6,1883,5,2,0,Light,0,Low,3,1,1,0
8894,F,Road,226,5,low,M,9,1530,4,1,0,Light,0,Low,4,1,0,1
8895,A,Road,253,5,low,F,4,1482,5,5,0,Light,1,Low,0,1,0,0
8896,B,Road,249,4,low,M,2,1516,6,4,0,Light,0,Low,1,1,0,1
8897,C,Road,294,4,medium,M,5,1174,6,4,0,Light,1,Low,2,1,1,1
8898,F,Road,225,5,low,M,2,1812,5,1,0,Light,0,Low,4,1,0,1
8899,D,Road,253,4,low,M,2,1893,6,5,1,Light,1,Low,3,1,0,1
8900,F,Road,236,5,medium,M,10,1961,5,1,0,Light,0,Low,4,1,1,1
8901,A,Flight,284,4,low,F,1,1085,7,2,1,Light,1,Low,0,0,0,0
8902,B,Flight,244,5,low,M,1,1875,5,2,1,Light,0,Low,1,0,0,1
8903,C,Flight,269,4,low,F,4,1948,6,3,1,Light,1,Low,2,0,0,0
8904,F,Flight,308,4,low,F,7,1078,6,5,0,Light,1,Low,4,0,0,0
8905,D,Flight,270,4,low,F,10,1698,6,4,0,Light,1,Low,3,0,0,0
8906,F,Flight,238,5,low,M,1,1871,5,3,1,Light,0,Low,4,0,0,1
8907,A,Flight,295,3,low,F,2,1693,4,5,0,Light,1,Low,0,0,0,0
8908,B,Flight,310,3,low,M,1,1549,2,2,1,Light,1,Low,1,0,0,1
8909,C,Flight,290,4,medium,M,1,1111,6,2,0,Light,1,Low,2,0,1,1
8910,F,Flight,288,4,high,M,4,1321,7,2,0,Light,1,Low,4,0,2,1
8911,D,Flight,299,4,low,M,2,1192,6,5,0,Light,1,Low,3,0,0,1
8912,F,Flight,243,4,low,F,6,1898,6,5,1,Light,0,Low,4,0,0,0
8913,A,Flight,229,5,low,F,1,1196,5,3,0,Light,0,Low,0,0,0,0
8914,B,Flight,288,4,medium,M,9,1405,6,2,1,Light,1,Low,1,0,1,1
8915,C,Flight,276,4,low,M,6,1670,6,3,1,Light,1,Low,2,0,0,1
8916,F,Flight,270,4,medium,F,5,1735,7,4,0,Light,1,Low,4,0,1,0
8917,D,Flight,246,5,medium,M,10,1646,4,3,1,Light,0,Low,3,0,1,1
8918,F,Flight,269,5,low,M,5,1742,5,5,0,Light,1,Low,4,0,0,1
8919,A,Flight,241,5,low,F,2,1834,5,3,1,Light,0,Low,0,0,0,0
8920,B,Flight,248,5,medium,M,2,1651,4,4,0,Light,0,Low,1,0,1,1
8921,C,Flight,271,4,medium,M,3,1636,6,2,0,Light,1,Low,2,0,1,1
8922,F,Flight,250,5,medium,M,6,1662,4,5,0,Light,0,Low,4,0,1,1
8923,D,Ship,229,5,medium,M,2,1975,5,5,1,Light,0,Low,3,2,1,1
8924,F,Ship,296,4,low,M,4,1392,7,3,0,Light,1,Low,4,2,0,1
8925,A,Ship,307,4,low,F,3,1977,6,1,0,Light,1,Low,0,2,0,0
8926,B,Ship,258,4,low,F,3,1482,7,1,0,Light,1,Low,1,2,0,0
8927,C,Ship,255,4,medium,F,3,1355,6,2,0,Light,1,Low,2,2,1,0
8928,F,Ship,163,3,medium,M,1,1836,5,3,0,Light,0,Low,4,2,1,1
8929,D,Ship,265,6,low,M,4,1937,5,5,1,Light,1,Low,3,2,0,1
8930,F,Ship,269,5,low,M,2,1273,4,3,1,Light,1,Low,4,2,0,1
8931,A,Ship,273,5,low,M,8,1746,6,3,1,Light,1,Low,0,2,0,1
8932,B,Ship,257,5,low,M,5,1657,5,5,0,Light,1,Low,1,2,0,1
8933,C,Ship,258,4,medium,M,9,1924,6,3,0,Light,1,Low,2,2,1,1
8934,F,Ship,140,5,medium,F,6,1823,5,3,0,Light,0,Low,4,2,1,0
8935,D,Ship,268,5,medium,F,2,1061,5,2,1,Light,1,Low,3,2,1,0
8936,F,Ship,279,4,low,F,5,1241,6,4,0,Light,1,Low,4,2,0,0
8937,A,Ship,225,5,medium,M,3,1224,4,3,0,Light,0,Low,0,2,1,1
8938,B,Ship,296,4,medium,M,5,1782,6,4,1,Light,1,Low,1,2,1,1
8939,C,Ship,162,4,low,F,6,1968,5,3,0,Light,0,Low,2,2,0,0
8940,F,Ship,208,3,medium,F,7,4525,4,3,1,Heavy,0,Low,4,2,1,0
8941,D,Ship,185,2,medium,F,3,5356,4,2,0,Heavy,0,Low,3,2,1,0
8942,F,Ship,270,2,medium,F,6,5221,4,4,0,Heavy,1,Low,4,2,1,0
8943,A,Ship,266,3,low,F,8,4574,3,1,0,Heavy,1,Low,0,2,0,0
8944,B,Ship,148,2,low,M,2,4883,4,5,1,Heavy,0,Low,1,2,0,1
8945,C,Ship,201,3,low,F,1,5898,4,5,1,Heavy,0,Low,2,2,0,0
8946,F,Ship,171,2,medium,F,1,5717,4,1,0,Heavy,0,Low,4,2,1,0
8947,D,Ship,236,3,low,M,1,4752,4,3,0,Heavy,0,Low,3,2,0,1
8948,F,Ship,220,3,low,F,4,5622,4,4,0,Heavy,0,Low,4,2,0,0
8949,A,Ship,161,4,low,F,9,4713,4,2,1,Heavy,0,Low,0,2,0,0
8950,B,Ship,241,3,low,M,7,5342,5,1,0,Heavy,0,Low,1,2,0,1
8951,C,Ship,208,2,low,M,9,4569,5,4,0,Heavy,0,Low,2,2,0,1
8952,F,Ship,150,3,medium,M,3,5747,6,5,0,Heavy,0,Low,4,2,1,1
8953,D,Ship,233,2,medium,F,3,4748,4,3,0,Heavy,0,Low,3,2,1,0
8954,F,Ship,98,5,medium,M,10,4368,2,2,0,Heavy,0,Low,4,2,1,1
8955,A,Ship,271,5,low,M,5,4880,3,2,0,Heavy,1,Low,0,2,0,1
8956,B,Ship,247,3,low,F,4,4686,2,2,1,Heavy,0,Low,1,2,0,0
8957,C,Ship,218,4,low,M,4,5330,3,5,0,Heavy,0,Low,2,2,0,1
8958,F,Ship,182,4,medium,M,5,4770,5,3,1,Heavy,0,Low,4,2,1,1
8959,D,Ship,261,2,medium,F,4,5926,4,2,1,Heavy,1,Low,3,2,1,0
8960,F,Ship,167,3,low,M,9,4660,5,1,0,Heavy,0,Low,4,2,0,1
8961,A,Ship,206,3,low,F,3,5746,3,3,1,Heavy,0,Low,0,2,0,0
8962,B,Ship,257,6,low,F,7,4265,6,4,0,Heavy,1,Low,1,2,0,0
8963,C,Ship,185,5,low,F,9,5648,4,3,0,Heavy,0,Low,2,2,0,0
8964,F,Ship,183,5,high,F,8,4820,5,2,0,Heavy,0,Low,4,2,2,0
8965,D,Ship,185,3,medium,F,7,4855,5,1,1,Heavy,0,Low,3,2,1,0
8966,F,Ship,178,3,low,F,7,4135,3,5,0,Heavy,0,Low,4,2,0,0
8967,A,Ship,258,3,high,M,10,4958,4,4,1,Heavy,1,Low,0,2,2,1
8968,B,Ship,238,4,medium,F,10,4860,4,1,0,Heavy,0,Low,1,2,1,0
8969,C,Ship,209,2,low,M,9,5203,3,2,0,Heavy,0,Low,2,2,0,1
8970,F,Ship,260,2,low,F,1,4547,2,3,0,Heavy,1,Low,4,2,0,0
8971,D,Ship,247,2,medium,F,9,4656,4,5,0,Heavy,0,Low,3,2,1,0
8972,F,Ship,261,3,low,M,2,5629,3,3,1,Heavy,1,Low,4,2,0,1
8973,A,Ship,243,4,low,F,1,5328,4,5,0,Heavy,0,Low,0,2,0,0
8974,B,Ship,160,4,medium,M,5,5841,5,1,0,Heavy,0,Low,1,2,1,1
8975,C,Ship,203,2,medium,F,2,4712,5,2,1,Heavy,0,Low,2,2,1,0
8976,F,Ship,220,4,low,F,5,5677,3,5,0,Heavy,0,Low,4,2,0,0
8977,D,Ship,233,3,medium,M,7,5838,3,2,0,Heavy,0,Low,3,2,1,1
8978,F,Ship,101,5,low,F,8,4192,4,4,0,Heavy,0,Low,4,2,0,0
8979,A,Ship,191,4,low,M,8,4566,5,4,1,Heavy,0,Low,0,2,0,1
8980,B,Ship,265,3,low,F,10,4093,3,3,1,Heavy,1,Low,1,2,0,0
8981,C,Ship,249,3,low,M,4,4811,4,3,0,Heavy,0,Low,2,2,0,1
8982,F,Ship,184,3,low,F,10,5705,4,4,1,Heavy,0,Low,4,2,0,0
8983,D,Ship,182,3,medium,F,10,5060,5,5,0,Heavy,0,Low,3,2,1,0
8984,F,Ship,198,2,high,M,3,5249,5,5,0,Heavy,0,Low,4,2,2,1
8985,A,Ship,110,4,medium,F,6,5474,3,1,1,Heavy,0,Low,0,2,1,0
8986,B,Ship,268,2,low,F,4,5280,4,3,1,Heavy,1,Low,1,2,0,0
8987,C,Ship,146,3,medium,F,10,5372,4,3,0,Heavy,0,Low,2,2,1,0
8988,F,Ship,235,2,low,F,10,4938,5,2,0,Heavy,0,Low,4,2,0,0
8989,D,Ship,270,3,low,M,3,5266,5,2,1,Heavy,1,Low,3,2,0,1
8990,F,Ship,174,2,low,F,1,4541,4,4,1,Heavy,0,Low,4,2,0,0
8991,A,Ship,239,4,low,F,10,5528,4,2,1,Heavy,0,Low,0,2,0,0
8992,B,Ship,236,4,high,F,9,4744,3,4,0,Heavy,0,Low,1,2,2,0
8993,C,Ship,162,2,medium,F,9,5345,4,5,1,Heavy,0,Low,2,2,1,0
8994,F,Ship,260,3,low,F,8,5215,3,4,0,Heavy,1,Low,4,2,0,0
8995,D,Ship,217,3,low,F,1,4177,3,1,1,Heavy,0,Low,3,2,0,0
8996,F,Ship,232,3,medium,M,3,4526,5,3,0,Heavy,0,Low,4,2,1,1
8997,A,Ship,260,3,medium,F,6,4221,4,5,0,Heavy,1,Low,0,2,1,0
8998,B,Ship,184,3,medium,F,5,5931,4,2,1,Heavy,0,Low,1,2,1,0
8999,C,Ship,145,4,low,M,4,4790,5,4,0,Heavy,0,Low,2,2,0,1
9000,F,Ship,189,2,medium,M,10,5248,5,1,0,Heavy,0,Low,4,2,1,1
9001,D,Ship,150,2,high,F,9,4446,5,3,0,Heavy,0,Low,3,2,2,0
9002,F,Ship,200,3,low,M,3,5739,3,3,0,Heavy,0,Low,4,2,0,1
9003,A,Ship,133,2,medium,M,1,4643,5,1,0,Heavy,0,Low,0,2,1,1
9004,B,Ship,260,3,low,M,4,5504,4,2,1,Heavy,1,Low,1,2,0,1
9005,C,Ship,195,2,medium,M,10,4640,4,2,0,Heavy,0,Low,2,2,1,1
9006,F,Ship,245,4,medium,M,4,5940,4,3,0,Heavy,0,Low,4,2,1,1
9007,D,Ship,166,4,low,M,10,5783,6,3,1,Heavy,0,Low,3,2,0,1
9008,F,Ship,245,4,low,M,8,5600,3,5,0,Heavy,0,Low,4,2,0,1
9009,A,Ship,130,5,low,M,3,5654,6,2,0,Heavy,0,Low,0,2,0,1
9010,B,Ship,204,4,low,M,6,4879,3,5,1,Heavy,0,Low,1,2,0,1
9011,C,Ship,210,3,low,M,8,5672,4,2,1,Heavy,0,Low,2,2,0,1
9012,F,Ship,264,4,medium,F,8,4324,3,5,0,Heavy,1,Low,4,2,1,0
9013,D,Ship,141,2,medium,F,1,4287,5,2,0,Heavy,0,Low,3,2,1,0
9014,F,Ship,162,3,medium,F,1,4432,3,5,0,Heavy,0,Low,4,2,1,0
9015,A,Ship,137,2,low,M,6,4055,4,5,1,Heavy,0,Low,0,2,0,1
9016,B,Road,141,2,low,F,8,4331,4,3,0,Heavy,0,Low,1,1,0,0
9017,C,Road,127,3,medium,F,7,5574,6,3,1,Heavy,0,Low,2,1,1,0
9018,F,Road,270,4,low,M,6,5585,2,2,0,Heavy,1,Low,4,1,0,1
9019,D,Road,185,4,medium,F,6,5322,3,4,0,Heavy,0,Low,3,1,1,0
9020,F,Road,241,3,low,M,6,5836,4,1,0,Heavy,0,Low,4,1,0,1
9021,A,Road,124,5,medium,M,10,5348,3,2,0,Heavy,0,Low,0,1,1,1
9022,B,Road,228,4,medium,M,6,4947,3,4,0,Heavy,0,Low,1,1,1,1
9023,C,Road,140,3,medium,M,4,4623,5,4,0,Heavy,0,Low,2,1,1,1
9024,F,Road,192,4,low,M,9,5239,6,3,1,Heavy,0,Low,4,1,0,1
9025,D,Road,253,5,low,F,3,4676,4,2,1,Heavy,1,Low,3,1,0,0
9026,F,Road,287,5,medium,F,9,5308,3,4,0,Heavy,1,Low,4,1,1,0
9027,A,Road,162,5,low,F,1,4240,3,4,1,Heavy,0,Low,0,1,0,0
9028,B,Road,156,3,low,M,4,4628,3,4,0,Heavy,0,Low,1,1,0,1
9029,C,Road,187,4,low,M,4,4757,4,3,0,Heavy,0,Low,2,1,0,1
9030,F,Road,171,3,low,F,1,4952,6,3,0,Heavy,0,Low,4,1,0,0
9031,D,Road,240,6,low,M,3,5967,6,2,1,Heavy,0,Low,3,1,0,1
9032,F,Road,250,4,medium,M,1,4717,3,3,0,Heavy,0,Low,4,1,1,1
9033,A,Road,180,4,high,F,10,5176,4,5,1,Heavy,0,Low,0,1,2,0
9034,B,Road,242,4,low,M,10,4809,3,1,1,Heavy,0,Low,1,1,0,1
9035,C,Road,162,4,medium,F,4,5683,3,1,0,Heavy,0,Low,2,1,1,0
9036,F,Road,210,3,medium,M,8,5906,5,5,1,Heavy,0,Low,4,1,1,1
9037,D,Road,189,2,medium,M,4,4122,4,1,0,Heavy,0,Low,3,1,1,1
9038,F,Flight,187,2,low,M,6,4316,4,5,1,Heavy,0,Low,4,0,0,1
9039,A,Flight,179,2,medium,F,7,4605,4,1,0,Heavy,0,Low,0,0,1,0
9040,B,Flight,199,2,low,F,10,5345,2,1,0,Heavy,0,Low,1,0,0,0
9041,C,Flight,158,4,medium,F,4,5687,5,1,1,Heavy,0,Low,2,0,1,0
9042,F,Flight,181,3,low,M,10,5276,3,4,1,Heavy,0,Low,4,0,0,1
9043,D,Flight,238,2,low,F,8,5769,3,5,0,Heavy,0,Low,3,0,0,0
9044,F,Flight,225,4,high,F,3,5274,5,5,1,Heavy,0,Low,4,0,2,0
9045,A,Flight,172,2,medium,F,3,4892,5,1,0,Heavy,0,Low,0,0,1,0
9046,B,Flight,199,3,low,M,4,4070,4,2,0,Heavy,0,Low,1,0,0,1
9047,C,Flight,248,3,high,F,10,4532,4,4,0,Heavy,0,Low,2,0,2,0
9048,F,Flight,226,3,low,F,5,5484,3,2,0,Heavy,0,Low,4,0,0,0
9049,D,Flight,177,3,medium,F,6,5215,4,1,0,Heavy,0,Low,3,0,1,0
9050,F,Flight,238,2,low,M,5,4349,3,4,1,Heavy,0,Low,4,0,0,1
9051,A,Flight,161,3,low,F,5,4732,4,5,0,Heavy,0,Low,0,0,0,0
9052,B,Flight,271,3,low,M,1,4537,2,1,0,Heavy,1,Low,1,0,0,1
9053,C,Flight,254,3,medium,F,8,5892,5,2,1,Heavy,1,Low,2,0,1,0
9054,F,Flight,238,2,low,M,1,5229,4,2,0,Heavy,0,Low,4,0,0,1
9055,D,Flight,169,3,medium,M,2,5942,5,5,1,Heavy,0,Low,3,0,1,1
9056,F,Flight,168,2,high,M,10,5334,3,3,1,Heavy,0,Low,4,0,2,1
9057,A,Flight,243,3,high,M,7,4486,2,5,0,Heavy,0,Low,0,0,2,1
9058,B,Flight,195,3,medium,M,7,4835,4,5,0,Heavy,0,Low,1,0,1,1
9059,C,Flight,227,3,high,M,5,4167,3,2,1,Heavy,0,Low,2,0,2,1
9060,F,Ship,199,3,medium,F,10,5768,3,2,1,Heavy,0,Low,4,2,1,0
9061,D,Ship,160,3,low,F,7,4468,3,2,0,Heavy,0,Low,3,2,0,0
9062,F,Ship,160,6,medium,F,9,4972,2,2,1,Heavy,0,Low,4,2,1,0
9063,A,Ship,251,4,low,F,10,5984,4,4,0,Heavy,1,Low,0,2,0,0
9064,B,Ship,225,4,low,M,6,5787,6,2,1,Heavy,0,Low,1,2,0,1
9065,C,Ship,260,4,low,F,5,5307,4,3,0,Heavy,1,Low,2,2,0,0
9066,F,Ship,263,3,medium,M,4,4935,4,2,1,Heavy,1,Low,4,2,1,1
9067,D,Ship,196,3,medium,M,7,4084,5,5,1,Heavy,0,Low,3,2,1,1
9068,F,Ship,184,2,medium,F,10,5959,4,2,0,Heavy,0,Low,4,2,1,0
9069,A,Ship,231,2,medium,F,6,5862,5,5,0,Heavy,0,Low,0,2,1,0
9070,B,Ship,153,2,low,M,7,5292,3,1,1,Heavy,0,Low,1,2,0,1
9071,C,Ship,173,2,low,F,7,4684,3,1,0,Heavy,0,Low,2,2,0,0
9072,F,Ship,159,3,low,F,3,5044,3,1,0,Heavy,0,Low,4,2,0,0
9073,D,Ship,137,2,low,M,7,5338,5,4,1,Heavy,0,Low,3,2,0,1
9074,F,Ship,249,2,medium,M,9,5987,3,1,1,Heavy,0,Low,4,2,1,1
9075,A,Ship,247,3,medium,M,10,4286,3,5,1,Heavy,0,Low,0,2,1,1
9076,B,Ship,205,3,high,M,3,4563,3,2,1,Heavy,0,Low,1,2,2,1
9077,C,Ship,209,3,medium,M,5,4999,3,2,0,Heavy,0,Low,2,2,1,1
9078,F,Ship,247,2,high,M,1,4242,3,2,0,Heavy,0,Low,4,2,2,1
9079,D,Ship,225,2,medium,F,2,4169,4,3,1,Heavy,0,Low,3,2,1,0
9080,F,Ship,150,10,low,M,2,5042,3,5,0,Heavy,0,Low,4,2,0,1
9081,A,Ship,210,7,medium,F,4,4525,5,2,1,Heavy,0,Low,0,2,1,0
9082,B,Ship,247,2,low,F,2,4677,3,2,0,Heavy,0,Low,1,2,0,0
9083,C,Ship,167,3,medium,M,9,4319,5,5,1,Heavy,0,Low,2,2,1,1
9084,F,Ship,233,3,medium,F,7,5604,4,5,1,Heavy,0,Low,4,2,1,0
9085,D,Ship,204,10,low,F,1,4709,2,5,0,Heavy,0,Low,3,2,0,0
9086,F,Ship,140,8,medium,M,2,4793,5,5,1,Heavy,0,Low,4,2,1,1
9087,A,Ship,218,6,high,M,8,5879,6,3,0,Heavy,0,Low,0,2,2,1
9088,B,Ship,250,3,low,M,9,4993,3,3,0,Heavy,0,Low,1,2,0,1
9089,C,Ship,225,4,low,M,10,4460,3,4,1,Heavy,0,Low,2,2,0,1
9090,F,Ship,308,4,medium,F,2,1504,7,1,0,Light,1,Low,4,2,1,0
9091,D,Ship,256,4,low,F,2,1163,6,5,0,Light,1,Low,3,2,0,0
9092,F,Ship,251,5,medium,M,2,1482,4,3,0,Light,1,Low,4,2,1,1
9093,A,Ship,270,5,medium,F,8,1862,5,3,0,Light,1,Low,0,2,1,0
9094,B,Ship,289,4,low,M,5,1600,6,5,1,Light,1,Low,1,2,0,1
9095,C,Ship,253,4,medium,F,9,1823,6,3,0,Light,1,Low,2,2,1,0
9096,F,Ship,305,4,medium,M,7,1813,7,2,0,Light,1,Low,4,2,1,1
9097,D,Ship,219,6,low,M,10,1116,3,3,0,Light,0,Low,3,2,0,1
9098,F,Ship,231,5,medium,M,8,1562,4,2,0,Light,0,Low,4,2,1,1
9099,A,Ship,298,4,medium,F,5,1804,6,5,0,Light,1,Low,0,2,1,0
9100,B,Ship,282,4,low,M,5,1364,6,5,1,Light,1,Low,1,2,0,1
9101,C,Ship,240,5,low,M,2,1400,5,1,1,Light,0,Low,2,2,0,1
9102,F,Ship,223,5,medium,M,4,1817,5,3,0,Light,0,Low,4,2,1,1
9103,D,Ship,226,5,low,M,1,1761,4,4,0,Light,0,Low,3,2,0,1
9104,F,Ship,253,5,low,M,6,1028,5,3,0,Light,1,Low,4,2,0,1
9105,A,Ship,249,4,low,M,10,1318,6,4,0,Light,0,Low,0,2,0,1
9106,B,Ship,294,4,medium,M,10,1628,6,5,1,Light,1,Low,1,2,1,1
9107,C,Ship,263,3,medium,F,8,5475,4,4,0,Heavy,1,Low,2,2,1,0
9108,F,Ship,196,3,medium,M,4,4868,5,2,1,Heavy,0,Low,4,2,1,1
9109,D,Ship,184,2,medium,F,2,4429,4,5,0,Heavy,0,Low,3,2,1,0
9110,F,Ship,231,2,medium,F,7,5491,5,4,1,Heavy,0,Low,4,2,1,0
9111,A,Ship,153,2,low,M,6,4996,3,1,0,Heavy,0,Low,0,2,0,1
9112,B,Ship,173,2,low,F,8,5492,3,2,0,Heavy,0,Low,1,2,0,0
9113,C,Ship,159,3,low,M,10,4358,3,1,1,Heavy,0,Low,2,2,0,1
9114,F,Ship,137,2,low,F,2,4077,5,4,1,Heavy,0,Low,4,2,0,0
9115,D,Ship,249,2,medium,F,1,5190,3,1,1,Heavy,0,Low,3,2,1,0
9116,F,Ship,247,3,medium,M,9,5383,3,4,0,Heavy,0,Low,4,2,1,1
9117,A,Ship,205,3,high,M,1,5851,3,3,1,Heavy,0,Low,0,2,2,1
9118,B,Ship,209,3,medium,F,5,5831,3,3,0,Heavy,0,Low,1,2,1,0
9119,C,Ship,247,2,high,F,8,4593,3,3,1,Heavy,0,Low,2,2,2,0
9120,F,Ship,225,2,medium,M,5,5714,4,1,1,Heavy,0,Low,4,2,1,1
9121,D,Ship,150,10,low,F,6,5580,3,2,0,Heavy,0,Low,3,2,0,0
9122,F,Ship,210,7,medium,F,4,4362,5,3,0,Heavy,0,Low,4,2,1,0
9123,A,Ship,247,2,low,M,7,5557,3,1,0,Heavy,0,Low,0,2,0,1
9124,B,Ship,167,3,medium,M,1,4314,5,5,0,Heavy,0,Low,1,2,1,1
9125,C,Ship,233,3,medium,F,2,4501,4,5,0,Heavy,0,Low,2,2,1,0
9126,F,Ship,204,10,low,F,4,4679,2,4,1,Heavy,0,Low,4,2,0,0
9127,D,Ship,140,8,medium,M,7,5437,5,1,0,Heavy,0,Low,3,2,1,1
9128,F,Ship,218,6,high,F,5,4352,6,3,1,Heavy,0,Low,4,2,2,0
9129,A,Ship,250,3,low,F,7,4760,3,1,0,Heavy,0,Low,0,2,0,0
9130,B,Ship,225,4,low,F,10,4080,3,1,1,Heavy,0,Low,1,2,0,0
9131,C,Ship,308,4,medium,M,6,1165,7,5,0,Light,1,Low,2,2,1,1
9132,F,Ship,256,4,low,F,9,1212,6,3,1,Light,1,Low,4,2,0,0
9133,D,Ship,251,5,medium,F,7,1381,4,5,0,Light,1,Low,3,2,1,0
9134,F,Ship,270,5,medium,M,10,1397,5,1,0,Light,1,Low,4,2,1,1
9135,A,Ship,289,4,low,M,3,1181,6,1,1,Light,1,Low,0,2,0,1
9136,B,Ship,253,4,medium,M,8,1899,6,5,1,Light,1,Low,1,2,1,1
9137,C,Ship,305,4,medium,F,6,1167,7,3,0,Light,1,Low,2,2,1,0
9138,F,Ship,219,6,low,M,1,1394,3,5,0,Light,0,Low,4,2,0,1
9139,D,Ship,231,5,medium,M,6,1231,4,1,0,Light,0,Low,3,2,1,1
9140,F,Ship,298,4,medium,F,8,1759,6,5,1,Light,1,Low,4,2,1,0
9141,A,Ship,282,4,low,M,7,1758,6,1,0,Light,1,Low,0,2,0,1
9142,B,Ship,240,5,low,M,6,1489,5,3,0,Light,0,Low,1,2,0,1
9143,C,Ship,223,5,medium,M,8,1132,5,5,0,Light,0,Low,2,2,1,1
9144,F,Ship,140,5,medium,M,2,1521,5,2,0,Light,0,Low,4,2,1,1
9145,D,Ship,268,5,medium,M,5,1365,5,3,0,Light,1,Low,3,2,1,1
9146,F,Ship,279,4,low,M,7,1090,6,3,1,Light,1,Low,4,2,0,1
9147,A,Ship,225,5,medium,F,6,1573,4,3,0,Light,0,Low,0,2,1,0
9148,B,Ship,296,4,medium,M,7,1515,6,3,0,Light,1,Low,1,2,1,1
9149,C,Ship,162,4,low,M,8,1311,5,5,0,Light,0,Low,2,2,0,1
9150,F,Ship,255,4,low,F,2,1218,6,5,1,Light,1,Low,4,2,0,0
9151,D,Ship,255,4,low,F,9,1367,7,5,0,Light,1,Low,3,2,0,0
9152,F,Ship,286,4,medium,M,6,1556,6,2,1,Light,1,Low,4,2,1,1
9153,A,Road,267,4,medium,M,8,1285,7,2,0,Light,1,Low,0,1,1,1
9154,B,Road,226,6,low,M,5,1078,5,1,0,Light,0,Low,1,1,0,1
9155,C,Road,285,4,medium,F,5,1631,6,5,1,Light,1,Low,2,1,1,0
9156,F,Road,276,4,low,F,5,1637,6,3,1,Light,1,Low,4,1,0,0
9157,D,Road,257,4,low,F,5,1565,6,2,1,Light,1,Low,3,1,0,0
9158,F,Road,287,4,medium,F,10,1811,6,4,1,Light,1,Low,4,1,1,0
9159,A,Road,283,5,low,F,10,1304,6,1,1,Light,1,Low,0,1,0,0
9160,B,Road,309,4,medium,M,2,1270,6,3,1,Light,1,Low,1,1,1,1
9161,C,Road,274,5,low,F,3,1637,4,3,1,Light,1,Low,2,1,0,0
9162,F,Road,244,4,medium,F,4,1953,7,4,1,Light,0,Low,4,1,1,0
9163,D,Road,222,6,low,M,9,1656,5,3,0,Light,0,Low,3,1,0,1
9164,F,Road,264,4,low,M,5,1900,6,1,0,Light,1,Low,4,1,0,1
9165,A,Road,232,5,medium,M,3,1197,4,2,0,Light,0,Low,0,1,1,1
9166,B,Road,227,6,medium,F,6,1620,5,2,0,Light,0,Low,1,1,1,0
9167,C,Road,294,3,medium,M,7,1455,6,4,0,Light,1,Low,2,1,1,1
9168,F,Road,260,4,low,F,1,1883,6,4,0,Light,1,Low,4,1,0,0
9169,D,Road,260,5,low,F,8,1756,4,3,0,Light,1,Low,3,1,0,0
9170,F,Road,277,5,low,F,2,1190,6,1,1,Light,1,Low,4,1,0,0
9171,A,Road,257,5,low,F,7,1451,5,3,1,Light,1,Low,0,1,0,0
9172,B,Road,271,6,low,M,6,1450,5,5,1,Light,1,Low,1,1,0,1
9173,C,Road,308,4,low,F,7,1260,6,1,1,Light,1,Low,2,1,0,0
9174,F,Road,281,4,medium,F,2,1291,7,2,0,Light,1,Low,4,1,1,0
9175,D,Flight,307,5,low,M,8,1903,5,4,0,Light,1,Low,3,0,0,1
9176,F,Flight,224,5,medium,M,9,1643,5,3,1,Light,0,Low,4,0,1,1
9177,A,Flight,233,6,medium,F,4,1924,5,5,1,Light,0,Low,0,0,1,0
9178,B,Flight,179,2,medium,M,5,1340,3,4,0,Light,0,Low,1,0,1,1
9179,C,Flight,267,5,medium,F,9,1538,4,3,0,Light,1,Low,2,0,1,0
9180,F,Flight,218,6,low,F,6,1519,5,3,1,Light,0,Low,4,0,0,0
9181,D,Flight,302,4,medium,F,7,1915,7,3,0,Light,1,Low,3,0,1,0
9182,F,Flight,247,4,medium,M,5,1060,7,3,0,Light,0,Low,4,0,1,1
9183,A,Flight,266,4,medium,F,8,1547,6,3,0,Light,1,Low,0,0,1,0
9184,B,Flight,247,5,low,M,10,1562,5,1,1,Light,0,Low,1,0,0,1
9185,C,Flight,219,5,low,F,8,1702,4,3,1,Light,0,Low,2,0,0,0
9186,F,Flight,287,4,medium,M,9,1150,7,1,1,Light,1,Low,4,0,1,1
9187,D,Flight,297,5,low,F,5,1657,6,3,0,Light,1,Low,3,0,0,0
9188,F,Flight,273,5,medium,M,4,1597,5,5,1,Light,1,Low,4,0,1,1
9189,A,Flight,219,5,low,M,6,1234,5,5,0,Light,0,Low,0,0,0,1
9190,B,Flight,232,5,medium,F,7,1069,5,1,1,Light,0,Low,1,0,1,0
9191,C,Flight,264,5,low,M,3,1782,4,4,0,Light,1,Low,2,0,0,1
9192,F,Flight,266,4,low,F,9,1106,6,3,1,Light,1,Low,4,0,0,0
9193,D,Flight,280,5,low,M,10,1199,7,1,1,Light,1,Low,3,0,0,1
9194,F,Flight,264,4,medium,M,6,1265,7,4,0,Light,1,Low,4,0,1,1
9195,A,Flight,258,5,low,F,8,1878,4,2,0,Light,1,Low,0,0,0,0
9196,B,Flight,236,5,low,M,8,1441,5,1,0,Light,0,Low,1,0,0,1
9197,C,Ship,262,5,low,M,2,1304,5,5,0,Light,1,Low,2,2,0,1
9198,F,Ship,255,6,medium,F,1,5874,5,3,0,Heavy,1,Low,4,2,1,0
9199,D,Ship,267,4,low,F,8,5219,4,4,1,Heavy,1,Low,3,2,0,0
9200,F,Ship,240,4,low,M,10,5965,4,1,1,Heavy,0,Low,4,2,0,1
9201,A,Ship,215,2,high,F,10,4061,4,2,1,Heavy,0,Low,0,2,2,0
9202,B,Ship,252,5,low,M,9,4135,5,5,0,Heavy,1,Low,1,2,0,1
9203,C,Ship,136,2,medium,M,4,5512,4,5,0,Heavy,0,Low,2,2,1,1
9204,F,Ship,225,4,medium,F,9,5575,3,4,0,Heavy,0,Low,4,2,1,0
9205,D,Ship,187,6,low,F,2,4549,3,3,0,Heavy,0,Low,3,2,0,0
9206,F,Ship,144,3,low,M,6,4137,4,4,1,Heavy,0,Low,4,2,0,1
9207,A,Ship,226,2,low,M,10,4254,3,2,0,Heavy,0,Low,0,2,0,1
9208,B,Ship,229,3,low,F,3,4916,5,2,0,Heavy,0,Low,1,2,0,0
9209,C,Ship,255,3,low,M,4,4628,3,3,1,Heavy,1,Low,2,2,0,1
9210,F,Ship,227,5,medium,F,9,4990,5,3,0,Heavy,0,Low,4,2,1,0
9211,D,Ship,248,3,medium,M,6,5081,5,1,1,Heavy,0,Low,3,2,1,1
9212,F,Ship,151,2,low,F,3,4759,3,2,0,Heavy,0,Low,4,2,0,0
9213,A,Ship,188,3,medium,M,8,4125,4,5,0,Heavy,0,Low,0,2,1,1
9214,B,Ship,160,2,medium,M,3,4304,4,2,1,Heavy,0,Low,1,2,1,1
9215,C,Ship,156,3,low,F,1,5361,4,2,0,Heavy,0,Low,2,2,0,0
9216,F,Ship,162,3,medium,M,7,5313,3,4,0,Heavy,0,Low,4,2,1,1
9217,D,Ship,270,3,low,F,4,5888,4,4,0,Heavy,1,Low,3,2,0,0
9218,F,Ship,200,4,medium,F,2,4947,4,5,0,Heavy,0,Low,4,2,1,0
9219,A,Ship,224,4,medium,M,10,4147,3,3,0,Heavy,0,Low,0,2,1,1
9220,B,Ship,146,4,medium,M,7,4953,4,4,1,Heavy,0,Low,1,2,1,1
9221,C,Ship,156,3,low,F,6,5231,5,3,1,Heavy,0,Low,2,2,0,0
9222,F,Ship,235,3,medium,F,4,5748,4,3,1,Heavy,0,Low,4,2,1,0
9223,D,Ship,231,3,medium,M,5,4118,4,1,1,Heavy,0,Low,3,2,1,1
9224,F,Ship,141,2,low,F,10,5907,4,5,1,Heavy,0,Low,4,2,0,0
9225,A,Ship,178,4,medium,M,9,5727,3,1,1,Heavy,0,Low,0,2,1,1
9226,B,Ship,244,6,high,F,3,4089,5,4,0,Heavy,0,Low,1,2,2,0
9227,C,Ship,247,2,medium,M,7,4955,4,2,1,Heavy,0,Low,2,2,1,1
9228,F,Ship,132,3,medium,F,5,5978,3,1,0,Heavy,0,Low,4,2,1,0
9229,D,Ship,190,3,medium,M,6,4671,4,5,1,Heavy,0,Low,3,2,1,1
9230,F,Ship,113,5,medium,M,1,5993,3,2,0,Heavy,0,Low,4,2,1,1
9231,A,Ship,253,2,high,F,3,4851,5,5,0,Heavy,1,Low,0,2,2,0
9232,B,Ship,235,3,medium,F,4,4739,4,3,0,Heavy,0,Low,1,2,1,0
9233,C,Ship,264,2,low,M,6,4102,3,3,0,Heavy,1,Low,2,2,0,1
9234,F,Ship,286,6,medium,M,3,4424,3,5,0,Heavy,1,Low,4,2,1,1
9235,D,Ship,141,3,medium,F,3,4249,4,3,0,Heavy,0,Low,3,2,1,0
9236,F,Ship,243,3,low,M,3,5703,4,2,0,Heavy,0,Low,4,2,0,1
9237,A,Ship,209,4,low,F,10,5461,5,4,0,Heavy,0,Low,0,2,0,0
9238,B,Ship,246,2,medium,F,2,4633,4,4,1,Heavy,0,Low,1,2,1,0
9239,C,Ship,257,3,medium,M,1,5717,4,3,1,Heavy,1,Low,2,2,1,1
9240,F,Ship,217,2,medium,F,8,4907,4,2,1,Heavy,0,Low,4,2,1,0
9241,D,Ship,246,3,low,M,9,5041,4,4,0,Heavy,0,Low,3,2,0,1
9242,F,Ship,166,6,low,F,6,4100,4,4,1,Heavy,0,Low,4,2,0,0
9243,A,Ship,183,2,low,F,3,5189,3,3,0,Heavy,0,Low,0,2,0,0
9244,B,Ship,136,2,medium,M,4,5923,4,5,1,Heavy,0,Low,1,2,1,1
9245,C,Ship,224,2,low,M,10,4653,4,1,1,Heavy,0,Low,2,2,0,1
9246,F,Ship,174,3,medium,M,2,4069,4,3,1,Heavy,0,Low,4,2,1,1
9247,D,Ship,209,3,medium,F,4,4809,4,5,0,Heavy,0,Low,3,2,1,0
9248,F,Ship,256,2,medium,F,3,4679,4,3,1,Heavy,1,Low,4,2,1,0
9249,A,Ship,231,4,medium,M,9,5194,4,2,0,Heavy,0,Low,0,2,1,1
9250,B,Ship,228,2,low,F,2,5435,2,1,0,Heavy,0,Low,1,2,0,0
9251,C,Ship,198,3,medium,M,10,5487,4,2,1,Heavy,0,Low,2,2,1,1
9252,F,Ship,223,3,medium,F,3,4382,5,5,0,Heavy,0,Low,4,2,1,0
9253,D,Ship,257,4,medium,F,8,4780,3,4,0,Heavy,1,Low,3,2,1,0
9254,F,Ship,265,3,low,M,10,4741,4,4,0,Heavy,1,Low,4,2,0,1
9255,A,Ship,258,3,medium,F,7,4068,3,3,1,Heavy,1,Low,0,2,1,0
9256,B,Ship,272,3,low,M,7,5657,3,2,1,Heavy,1,Low,1,2,0,1
9257,C,Ship,273,4,medium,M,1,5119,5,3,0,Heavy,1,Low,2,2,1,1
9258,F,Ship,287,5,high,M,1,5263,3,5,1,Heavy,1,Low,4,2,2,1
9259,D,Ship,176,4,low,F,1,4270,5,1,1,Heavy,0,Low,3,2,0,0
9260,F,Ship,136,3,medium,M,4,5413,5,4,0,Heavy,0,Low,4,2,1,1
9261,A,Ship,204,2,low,F,1,4025,3,5,1,Heavy,0,Low,0,2,0,0
9262,B,Ship,213,3,medium,M,2,5432,4,3,1,Heavy,0,Low,1,2,1,1
9263,C,Ship,160,3,low,M,1,4769,3,3,0,Heavy,0,Low,2,2,0,1
9264,F,Ship,148,2,medium,F,9,5095,3,5,1,Heavy,0,Low,4,2,1,0
9265,D,Ship,255,4,medium,F,10,4740,4,3,0,Heavy,1,Low,3,2,1,0
9266,F,Ship,212,3,medium,M,10,5724,3,3,1,Heavy,0,Low,4,2,1,1
9267,A,Ship,217,3,medium,M,10,5439,3,3,0,Heavy,0,Low,0,2,1,1
9268,B,Ship,145,3,medium,F,7,5823,4,2,0,Heavy,0,Low,1,2,1,0
9269,C,Ship,170,3,high,F,6,5750,3,1,0,Heavy,0,Low,2,2,2,0
9270,F,Ship,244,3,high,F,5,5781,3,2,1,Heavy,0,Low,4,2,2,0
9271,D,Ship,151,4,medium,M,2,5016,3,1,0,Heavy,0,Low,3,2,1,1
9272,F,Ship,202,3,low,M,10,4454,4,1,0,Heavy,0,Low,4,2,0,1
9273,A,Ship,195,3,medium,M,2,4682,4,1,0,Heavy,0,Low,0,2,1,1
9274,B,Ship,150,3,medium,M,9,5852,3,3,0,Heavy,0,Low,1,2,1,1
9275,C,Ship,225,2,medium,F,10,5523,4,3,1,Heavy,0,Low,2,2,1,0
9276,F,Ship,142,4,medium,F,6,5027,4,5,0,Heavy,0,Low,4,2,1,0
9277,D,Ship,262,4,low,M,5,4782,3,3,0,Heavy,1,Low,3,2,0,1
9278,F,Ship,251,6,medium,M,10,4912,3,1,0,Heavy,1,Low,4,2,1,1
9279,A,Ship,221,2,medium,M,10,4255,5,5,1,Heavy,0,Low,0,2,1,1
9280,B,Ship,202,2,medium,F,7,5328,3,2,0,Heavy,0,Low,1,2,1,0
9281,C,Ship,216,4,medium,M,3,4750,4,3,0,Heavy,0,Low,2,2,1,1
9282,F,Ship,239,3,low,F,4,5916,4,2,0,Heavy,0,Low,4,2,0,0
9283,D,Ship,192,3,low,M,4,5524,2,3,0,Heavy,0,Low,3,2,0,1
9284,F,Ship,185,2,medium,M,5,4574,3,4,0,Heavy,0,Low,4,2,1,1
9285,A,Ship,235,3,low,M,3,4411,5,4,1,Heavy,0,Low,0,2,0,1
9286,B,Ship,253,2,low,M,8,5608,3,2,0,Heavy,1,Low,1,2,0,1
9287,C,Ship,180,3,low,M,2,5659,3,4,1,Heavy,0,Low,2,2,0,1
9288,F,Ship,150,2,medium,M,10,5187,3,5,0,Heavy,0,Low,4,2,1,1
9289,D,Ship,168,6,medium,F,9,4030,4,2,0,Heavy,0,Low,3,2,1,0
9290,F,Road,274,3,medium,F,1,4030,5,4,0,Heavy,1,Low,4,1,1,0
9291,A,Road,179,3,medium,M,9,5224,3,2,1,Heavy,0,Low,0,1,1,1
9292,B,Road,237,5,medium,M,3,5299,6,1,1,Heavy,0,Low,1,1,1,1
9293,C,Road,160,3,low,M,10,4602,3,4,0,Heavy,0,Low,2,1,0,1
9294,F,Road,225,2,low,M,4,4102,4,1,0,Heavy,0,Low,4,1,0,1
9295,D,Road,217,2,low,M,4,5539,4,2,0,Heavy,0,Low,3,1,0,1
9296,F,Road,263,3,medium,M,1,4645,3,5,0,Heavy,1,Low,4,1,1,1
9297,A,Road,128,6,medium,F,3,5459,4,4,0,Heavy,0,Low,0,1,1,0
9298,B,Road,167,3,low,F,8,4420,3,3,0,Heavy,0,Low,1,1,0,0
9299,C,Road,221,2,low,F,10,4312,3,2,0,Heavy,0,Low,2,1,0,0
9300,F,Road,173,2,low,M,5,4703,3,3,0,Heavy,0,Low,4,1,0,1
9301,D,Road,149,6,low,F,6,4904,4,2,0,Heavy,0,Low,3,1,0,0
9302,F,Road,234,2,medium,F,8,5241,3,5,1,Heavy,0,Low,4,1,1,0
9303,A,Road,237,3,medium,M,6,4918,3,3,0,Heavy,0,Low,0,1,1,1
9304,B,Road,269,4,low,M,2,4267,2,4,1,Heavy,1,Low,1,1,0,1
9305,C,Road,182,3,high,M,5,4183,3,5,1,Heavy,0,Low,2,1,2,1
9306,F,Road,199,4,medium,F,1,5204,6,3,0,Heavy,0,Low,4,1,1,0
9307,D,Road,264,4,low,F,6,4863,4,1,0,Heavy,1,Low,3,1,0,0
9308,F,Road,167,3,low,F,2,5761,6,5,1,Heavy,0,Low,4,1,0,0
9309,A,Road,155,3,medium,F,6,5778,4,4,1,Heavy,0,Low,0,1,1,0
9310,B,Road,274,2,high,F,8,4647,5,1,1,Heavy,1,Low,1,1,2,0
9311,C,Road,213,5,low,M,10,5492,4,1,0,Heavy,0,Low,2,1,0,1
9312,F,Flight,204,2,high,M,8,4562,3,2,1,Heavy,0,Low,4,0,2,1
9313,D,Flight,259,2,medium,M,7,4764,5,2,0,Heavy,1,Low,3,0,1,1
9314,F,Flight,174,3,medium,F,2,4972,3,1,0,Heavy,0,Low,4,0,1,0
9315,A,Flight,230,2,low,F,4,4387,3,1,1,Heavy,0,Low,0,0,0,0
9316,B,Flight,260,4,low,M,4,5911,5,4,1,Heavy,1,Low,1,0,0,1
9317,C,Flight,176,2,low,F,1,4155,4,5,0,Heavy,0,Low,2,0,0,0
9318,F,Flight,217,2,medium,F,6,4120,5,2,1,Heavy,0,Low,4,0,1,0
9319,D,Flight,219,3,low,F,9,5703,4,2,0,Heavy,0,Low,3,0,0,0
9320,F,Flight,189,3,medium,M,5,4133,4,1,0,Heavy,0,Low,4,0,1,1
9321,A,Flight,252,4,low,F,7,5459,4,1,1,Heavy,1,Low,0,0,0,0
9322,B,Flight,189,3,medium,F,2,4152,3,2,1,Heavy,0,Low,1,0,1,0
9323,C,Flight,159,3,low,M,5,4930,5,2,0,Heavy,0,Low,2,0,0,1
9324,F,Flight,262,3,low,M,6,5381,4,2,0,Heavy,1,Low,4,0,0,1
9325,D,Flight,191,5,low,M,8,5156,6,1,1,Heavy,0,Low,3,0,0,1
9326,F,Flight,271,4,medium,F,2,4133,4,1,1,Heavy,1,Low,4,0,1,0
9327,A,Flight,196,5,low,F,2,5840,4,5,0,Heavy,0,Low,0,0,0,0
9328,B,Flight,261,6,low,F,6,5068,4,3,0,Heavy,1,Low,1,0,0,0
9329,C,Flight,233,6,medium,M,1,5284,4,5,0,Heavy,0,Low,2,0,1,1
9330,F,Flight,235,4,low,M,5,4506,5,4,0,Heavy,0,Low,4,0,0,1
9331,D,Flight,154,3,low,F,8,5149,3,2,1,Heavy,0,Low,3,0,0,0
9332,F,Flight,167,4,low,M,3,4658,4,5,0,Heavy,0,Low,4,0,0,1
9333,A,Flight,144,4,low,F,5,4631,6,4,0,Heavy,0,Low,0,0,0,0
9334,B,Ship,194,4,low,M,9,5851,5,3,0,Heavy,0,Low,1,2,0,1
9335,C,Ship,242,4,medium,F,5,5375,5,4,0,Heavy,0,Low,2,2,1,0
9336,F,Ship,144,3,medium,M,8,5727,3,3,0,Heavy,0,Low,4,2,1,1
9337,D,Ship,157,7,medium,F,9,4272,5,4,0,Heavy,0,Low,3,2,1,0
9338,F,Ship,184,7,medium,M,5,5920,4,3,1,Heavy,0,Low,4,2,1,1
9339,A,Ship,151,3,medium,M,2,4172,5,1,1,Heavy,0,Low,0,2,1,1
9340,B,Ship,175,3,medium,M,2,5861,4,1,0,Heavy,0,Low,1,2,1,1
9341,C,Ship,177,3,low,F,5,5941,3,2,0,Heavy,0,Low,2,2,0,0
9342,F,Ship,141,3,low,F,2,5144,6,1,0,Heavy,0,Low,4,2,0,0
9343,D,Ship,210,3,low,M,5,4746,4,2,0,Heavy,0,Low,3,2,0,1
9344,F,Ship,224,2,low,M,8,4754,2,4,0,Heavy,0,Low,4,2,0,1
9345,A,Ship,253,3,medium,F,9,5502,4,1,1,Heavy,1,Low,0,2,1,0
9346,B,Ship,157,2,medium,F,7,4690,4,1,1,Heavy,0,Low,1,2,1,0
9347,C,Ship,172,3,medium,F,8,4982,3,2,1,Heavy,0,Low,2,2,1,0
9348,F,Ship,193,10,high,M,6,5247,3,5,1,Heavy,0,Low,4,2,2,1
9349,D,Ship,255,4,low,M,9,1157,6,2,0,Light,1,Low,3,2,0,1
9350,F,Ship,255,4,low,F,2,1826,7,5,1,Light,1,Low,4,2,0,0
9351,A,Ship,286,4,medium,F,1,1570,6,4,0,Light,1,Low,0,2,1,0
9352,B,Ship,267,4,medium,M,9,1261,7,1,1,Light,1,Low,1,2,1,1
9353,C,Ship,226,6,low,F,3,1223,5,4,1,Light,0,Low,2,2,0,0
9354,F,Ship,285,4,medium,F,1,1606,6,3,0,Light,1,Low,4,2,1,0
9355,D,Ship,276,4,low,M,4,1662,6,4,1,Light,1,Low,3,2,0,1
9356,F,Ship,257,4,low,F,4,1451,6,4,0,Light,1,Low,4,2,0,0
9357,A,Ship,287,4,medium,M,7,1141,6,4,1,Light,1,Low,0,2,1,1
9358,B,Ship,283,5,low,F,9,1311,6,1,1,Light,1,Low,1,2,0,0
9359,C,Ship,309,4,medium,F,10,1904,6,1,1,Light,1,Low,2,2,1,0
9360,F,Ship,274,5,low,M,7,1225,4,5,0,Light,1,Low,4,2,0,1
9361,D,Ship,244,4,medium,F,8,1477,7,2,1,Light,0,Low,3,2,1,0
9362,F,Ship,222,6,low,F,9,1003,5,4,0,Light,0,Low,4,2,0,0
9363,A,Ship,264,4,low,M,9,1243,6,1,0,Light,1,Low,0,2,0,1
9364,B,Ship,232,5,medium,F,7,1899,4,1,1,Light,0,Low,1,2,1,0
9365,C,Ship,217,2,medium,F,10,4264,5,1,0,Heavy,0,Low,2,2,1,0
9366,F,Ship,219,3,low,F,1,5221,4,5,0,Heavy,0,Low,4,2,0,0
9367,D,Ship,189,3,medium,F,4,5613,4,3,1,Heavy,0,Low,3,2,1,0
9368,F,Ship,252,4,low,M,1,4705,4,2,1,Heavy,1,Low,4,2,0,1
9369,A,Ship,189,3,medium,F,1,5896,3,3,1,Heavy,0,Low,0,2,1,0
9370,B,Ship,159,3,low,M,7,5462,5,3,1,Heavy,0,Low,1,2,0,1
9371,C,Ship,262,3,low,F,3,4176,4,3,0,Heavy,1,Low,2,2,0,0
9372,F,Ship,191,5,low,M,1,4314,6,2,0,Heavy,0,Low,4,2,0,1
9373,D,Ship,271,4,medium,M,9,5057,4,5,0,Heavy,1,Low,3,2,1,1
9374,F,Ship,196,5,low,M,5,4994,4,2,0,Heavy,0,Low,4,2,0,1
9375,A,Ship,261,6,low,F,6,5861,4,1,0,Heavy,1,Low,0,2,0,0
9376,B,Ship,233,6,medium,F,2,5406,4,1,0,Heavy,0,Low,1,2,1,0
9377,C,Ship,235,4,low,M,10,4880,5,4,0,Heavy,0,Low,2,2,0,1
9378,F,Ship,154,3,low,M,5,4720,3,1,1,Heavy,0,Low,4,2,0,1
9379,D,Ship,167,4,low,M,2,5908,4,4,1,Heavy,0,Low,3,2,0,1
9380,F,Ship,144,4,low,F,5,5121,6,1,0,Heavy,0,Low,4,2,0,0
9381,A,Ship,194,4,low,M,8,5650,5,2,1,Heavy,0,Low,0,2,0,1
9382,B,Ship,242,4,medium,F,8,4410,5,3,1,Heavy,0,Low,1,2,1,0
9383,C,Ship,144,3,medium,F,9,5912,3,5,0,Heavy,0,Low,2,2,1,0
9384,F,Ship,157,7,medium,M,3,4723,5,4,0,Heavy,0,Low,4,2,1,1
9385,D,Ship,184,7,medium,F,6,4956,4,1,0,Heavy,0,Low,3,2,1,0
9386,F,Ship,151,3,medium,F,9,5667,5,1,0,Heavy,0,Low,4,2,1,0
9387,A,Ship,175,3,medium,M,2,4004,4,4,0,Heavy,0,Low,0,2,1,1
9388,B,Ship,177,3,low,F,9,5427,3,2,0,Heavy,0,Low,1,2,0,0
9389,C,Ship,141,3,low,M,7,5222,6,3,1,Heavy,0,Low,2,2,0,1
9390,F,Ship,210,3,low,F,9,4102,4,2,1,Heavy,0,Low,4,2,0,0
9391,D,Ship,224,2,low,F,5,5050,2,3,0,Heavy,0,Low,3,2,0,0
9392,F,Ship,253,3,medium,F,4,5236,4,4,0,Heavy,1,Low,4,2,1,0
9393,A,Ship,157,2,medium,F,1,5054,4,5,0,Heavy,0,Low,0,2,1,0
9394,B,Ship,172,3,medium,M,5,5696,3,1,1,Heavy,0,Low,1,2,1,1
9395,C,Ship,193,10,high,F,1,4459,3,1,0,Heavy,0,Low,2,2,2,0
9396,F,Ship,255,4,low,M,6,1654,6,3,1,Light,1,Low,4,2,0,1
9397,D,Ship,255,4,low,M,7,1104,7,5,0,Light,1,Low,3,2,0,1
9398,F,Ship,286,4,medium,F,1,1539,6,4,1,Light,1,Low,4,2,1,0
9399,A,Ship,267,4,medium,F,10,1548,7,3,0,Light,1,Low,0,2,1,0
9400,B,Ship,226,6,low,M,1,1327,5,4,0,Light,0,Low,1,2,0,1
9401,C,Ship,285,4,medium,M,4,1244,6,4,1,Light,1,Low,2,2,1,1
9402,F,Ship,276,4,low,F,8,1754,6,3,1,Light,1,Low,4,2,0,0
9403,D,Ship,257,4,low,F,2,1694,6,3,0,Light,1,Low,3,2,0,0
9404,F,Ship,287,4,medium,M,5,1791,6,1,1,Light,1,Low,4,2,1,1
9405,A,Ship,283,5,low,F,5,1298,6,1,0,Light,1,Low,0,2,0,0
9406,B,Ship,309,4,medium,F,8,1930,6,2,0,Light,1,Low,1,2,1,0
9407,C,Ship,274,5,low,F,5,1581,4,1,1,Light,1,Low,2,2,0,0
9408,F,Ship,244,4,medium,M,10,1629,7,3,0,Light,0,Low,4,2,1,1
9409,D,Ship,222,6,low,M,1,1962,5,5,0,Light,0,Low,3,2,0,1
9410,F,Ship,264,4,medium,F,5,1238,7,1,0,Light,1,Low,4,2,1,0
9411,A,Ship,258,5,low,M,7,1261,4,4,1,Light,1,Low,0,2,0,1
9412,B,Ship,236,5,low,F,7,1137,5,5,0,Light,0,Low,1,2,0,0
9413,C,Ship,304,4,low,F,9,1401,6,3,0,Light,1,Low,2,2,0,0
9414,F,Ship,244,5,medium,F,5,1092,6,3,0,Light,0,Low,4,2,1,0
9415,D,Ship,301,4,low,M,10,1869,7,1,0,Light,1,Low,3,2,0,1
9416,F,Ship,275,5,medium,M,5,1117,4,4,0,Light,1,Low,4,2,1,1
9417,A,Ship,236,5,low,M,6,1829,5,4,1,Light,0,Low,0,2,0,1
9418,B,Ship,286,4,medium,M,4,1169,6,3,0,Light,1,Low,1,2,1,1
9419,C,Ship,238,6,low,M,6,1850,5,4,1,Light,0,Low,2,2,0,1
9420,F,Ship,300,4,medium,F,5,1244,7,3,0,Light,1,Low,4,2,1,0
9421,D,Ship,292,4,medium,M,2,1149,6,2,1,Light,1,Low,3,2,1,1
9422,F,Ship,172,2,low,M,9,1097,5,2,0,Light,0,Low,4,2,0,1
9423,A,Ship,181,5,medium,M,3,1038,2,1,0,Light,0,Low,0,2,1,1
9424,B,Ship,289,4,low,M,9,1904,7,5,0,Light,1,Low,1,2,0,1
9425,C,Ship,256,4,medium,M,4,1139,7,5,1,Light,1,Low,2,2,1,1
9426,F,Ship,251,5,medium,M,10,1683,4,5,1,Light,1,Low,4,2,1,1
9427,D,Road,245,4,low,M,3,1716,6,5,0,Light,0,Low,3,1,0,1
9428,F,Road,266,5,medium,M,8,1367,5,2,0,Light,1,Low,4,1,1,1
9429,A,Road,220,5,low,F,9,1817,4,1,0,Light,0,Low,0,1,0,0
9430,B,Road,274,5,low,F,8,1246,4,2,0,Light,1,Low,1,1,0,0
9431,C,Road,301,4,low,M,9,1660,7,5,1,Light,1,Low,2,1,0,1
9432,F,Road,285,4,low,M,8,1028,6,5,1,Light,1,Low,4,1,0,1
9433,D,Road,271,4,low,F,2,1364,6,3,1,Light,1,Low,3,1,0,0
9434,F,Road,241,5,low,F,2,1442,4,3,0,Light,0,Low,4,1,0,0
9435,A,Road,146,5,low,M,10,1737,3,1,0,Light,0,Low,0,1,0,1
9436,B,Road,256,4,medium,F,9,1791,6,4,0,Light,1,Low,1,1,1,0
9437,C,Road,235,5,low,F,5,1051,6,2,1,Light,0,Low,2,1,0,0
9438,F,Road,275,3,low,F,9,1691,5,5,1,Light,1,Low,4,1,0,0
9439,D,Road,205,4,low,F,10,1974,6,4,1,Light,0,Low,3,1,0,0
9440,F,Road,244,5,medium,F,1,1320,5,4,0,Light,0,Low,4,1,1,0
9441,A,Road,269,6,medium,F,5,1097,5,2,0,Light,1,Low,0,1,1,0
9442,B,Road,238,5,medium,F,3,1913,4,1,0,Light,0,Low,1,1,1,0
9443,C,Road,217,5,low,F,8,1803,5,4,0,Light,0,Low,2,1,0,0
9444,F,Road,258,5,low,M,3,1824,5,2,0,Light,1,Low,4,1,0,1
9445,D,Road,269,5,medium,F,5,1402,7,1,0,Light,1,Low,3,1,1,0
9446,F,Road,259,5,low,M,6,1827,4,2,1,Light,1,Low,4,1,0,1
9447,A,Road,260,4,low,F,8,1347,6,5,1,Light,1,Low,0,1,0,0
9448,B,Road,227,5,medium,F,2,1436,5,5,1,Light,0,Low,1,1,1,0
9449,C,Flight,223,6,low,F,10,1650,4,2,1,Light,0,Low,2,0,0,0
9450,F,Flight,221,5,medium,M,10,1160,5,2,0,Light,0,Low,4,0,1,1
9451,D,Flight,296,4,low,F,10,1033,7,4,0,Light,1,Low,3,0,0,0
9452,F,Flight,228,5,high,M,9,1924,5,3,0,Light,0,Low,4,0,2,1
9453,A,Flight,275,5,medium,M,7,1562,4,4,1,Light,1,Low,0,0,1,1
9454,B,Flight,230,5,medium,M,4,1123,5,3,0,Light,0,Low,1,0,1,1
9455,C,Flight,241,5,medium,M,3,1379,5,1,0,Light,0,Low,2,0,1,1
9456,F,Flight,270,5,low,F,5,1747,4,2,1,Light,1,Low,4,0,0,0
9457,D,Flight,264,5,medium,F,7,1220,6,4,1,Light,1,Low,3,0,1,0
9458,F,Flight,260,5,low,F,5,1178,4,4,1,Light,1,Low,4,0,0,0
9459,A,Flight,271,5,low,M,4,1353,5,1,0,Light,1,Low,0,0,0,1
9460,B,Flight,286,4,high,F,10,1071,5,5,1,Light,1,Low,1,0,2,0
9461,C,Flight,279,4,low,F,4,1263,6,1,1,Light,1,Low,2,0,0,0
9462,F,Flight,271,4,low,F,6,1934,6,3,0,Light,1,Low,4,0,0,0
9463,D,Flight,206,4,low,M,6,5038,3,5,0,Heavy,0,Low,3,0,0,1
9464,F,Flight,205,3,medium,F,1,4351,5,2,0,Heavy,0,Low,4,0,1,0
9465,A,Flight,233,3,medium,F,10,4233,5,2,1,Heavy,0,Low,0,0,1,0
9466,B,Flight,207,3,low,F,1,4112,5,1,0,Heavy,0,Low,1,0,0,0
9467,C,Flight,174,4,low,M,3,5295,4,1,0,Heavy,0,Low,2,0,0,1
9468,F,Flight,191,3,medium,F,10,4667,3,4,0,Heavy,0,Low,4,0,1,0
9469,D,Flight,156,2,medium,F,7,5938,4,4,0,Heavy,0,Low,3,0,1,0
9470,F,Flight,137,3,medium,F,8,4066,4,4,1,Heavy,0,Low,4,0,1,0
9471,A,Ship,251,3,low,M,8,4246,3,3,0,Heavy,1,Low,0,2,0,1
9472,B,Ship,194,3,low,M,7,5545,5,3,0,Heavy,0,Low,1,2,0,1
9473,C,Ship,141,3,low,F,6,5273,4,1,0,Heavy,0,Low,2,2,0,0
9474,F,Ship,137,3,medium,F,10,4641,5,1,0,Heavy,0,Low,4,2,1,0
9475,D,Ship,221,3,medium,M,10,5696,3,1,1,Heavy,0,Low,3,2,1,1
9476,F,Ship,270,2,medium,M,6,4966,3,1,0,Heavy,1,Low,4,2,1,1
9477,A,Ship,133,3,low,F,2,4926,3,3,0,Heavy,0,Low,0,2,0,0
9478,B,Ship,181,3,medium,F,9,4425,4,4,1,Heavy,0,Low,1,2,1,0
9479,C,Ship,147,3,low,M,4,4549,6,4,1,Heavy,0,Low,2,2,0,1
9480,F,Ship,250,2,high,F,10,4885,4,3,1,Heavy,0,Low,4,2,2,0
9481,D,Ship,184,2,high,M,3,4883,3,5,0,Heavy,0,Low,3,2,2,1
9482,F,Ship,234,3,low,F,4,5033,5,1,0,Heavy,0,Low,4,2,0,0
9483,A,Ship,126,6,low,M,8,5084,3,3,1,Heavy,0,Low,0,2,0,1
9484,B,Ship,241,3,medium,F,9,4301,3,2,0,Heavy,0,Low,1,2,1,0
9485,C,Ship,218,2,medium,F,6,4072,3,5,0,Heavy,0,Low,2,2,1,0
9486,F,Ship,98,3,medium,F,3,5553,3,5,1,Heavy,0,Low,4,2,1,0
9487,D,Ship,211,2,medium,F,9,4577,3,5,1,Heavy,0,Low,3,2,1,0
9488,F,Ship,216,3,low,M,2,4750,4,2,1,Heavy,0,Low,4,2,0,1
9489,A,Ship,203,3,medium,F,4,5548,3,3,0,Heavy,0,Low,0,2,1,0
9490,B,Ship,266,3,medium,M,9,5908,3,4,1,Heavy,1,Low,1,2,1,1
9491,C,Ship,155,3,medium,M,9,4443,4,1,0,Heavy,0,Low,2,2,1,1
9492,F,Ship,156,2,medium,F,8,5848,3,5,0,Heavy,0,Low,4,2,1,0
9493,D,Ship,169,5,medium,F,2,4542,5,2,0,Heavy,0,Low,3,2,1,0
9494,F,Ship,241,4,medium,F,10,4126,4,5,1,Heavy,0,Low,4,2,1,0
9495,A,Ship,199,4,medium,M,1,5585,4,5,1,Heavy,0,Low,0,2,1,1
9496,B,Ship,184,3,low,F,9,5602,4,3,0,Heavy,0,Low,1,2,0,0
9497,C,Ship,221,3,low,F,5,4388,3,3,0,Heavy,0,Low,2,2,0,0
9498,F,Ship,258,3,medium,F,7,4887,4,3,1,Heavy,1,Low,4,2,1,0
9499,D,Ship,193,3,medium,M,3,4559,5,4,0,Heavy,0,Low,3,2,1,1
9500,F,Ship,156,4,high,M,9,4184,2,2,1,Heavy,0,Low,4,2,2,1
9501,A,Ship,201,3,medium,F,4,4613,4,2,0,Heavy,0,Low,0,2,1,0
9502,B,Ship,171,3,medium,M,4,5859,4,2,0,Heavy,0,Low,1,2,1,1
9503,C,Ship,193,6,low,M,2,5584,3,4,0,Heavy,0,Low,2,2,0,1
9504,F,Ship,254,2,medium,M,4,4180,5,2,1,Heavy,1,Low,4,2,1,1
9505,D,Ship,251,3,medium,F,9,5350,4,4,1,Heavy,1,Low,3,2,1,0
9506,F,Ship,171,3,low,F,7,4946,5,3,0,Heavy,0,Low,4,2,0,0
9507,A,Ship,243,3,medium,M,10,5832,4,1,0,Heavy,0,Low,0,2,1,1
9508,B,Ship,253,3,medium,M,4,4269,3,4,0,Heavy,1,Low,1,2,1,1
9509,C,Ship,137,3,low,M,3,5497,3,5,1,Heavy,0,Low,2,2,0,1
9510,F,Ship,149,2,low,F,6,4661,5,2,0,Heavy,0,Low,4,2,0,0
9511,D,Ship,183,3,low,M,3,5178,4,1,1,Heavy,0,Low,3,2,0,1
9512,F,Ship,171,3,low,F,10,4752,4,5,1,Heavy,0,Low,4,2,0,0
9513,A,Ship,102,5,low,F,3,5767,4,5,0,Heavy,0,Low,0,2,0,0
9514,B,Ship,249,4,low,M,7,5868,3,3,1,Heavy,0,Low,1,2,0,1
9515,C,Ship,255,3,medium,F,10,5291,3,4,1,Heavy,1,Low,2,2,1,0
9516,F,Ship,150,2,low,F,6,5697,3,1,0,Heavy,0,Low,4,2,0,0
9517,D,Ship,169,4,medium,F,8,5493,4,4,0,Heavy,0,Low,3,2,1,0
9518,F,Ship,208,3,medium,F,8,4890,4,1,1,Heavy,0,Low,4,2,1,0
9519,A,Ship,154,4,high,F,2,4921,3,3,1,Heavy,0,Low,0,2,2,0
9520,B,Ship,101,5,medium,F,6,4196,2,2,0,Heavy,0,Low,1,2,1,0
9521,C,Ship,203,3,low,M,10,4750,5,1,0,Heavy,0,Low,2,2,0,1
9522,F,Ship,234,6,medium,F,8,5003,5,3,0,Heavy,0,Low,4,2,1,0
9523,D,Ship,133,4,medium,F,6,5162,3,1,0,Heavy,0,Low,3,2,1,0
9524,F,Ship,222,4,low,F,6,5284,3,3,1,Heavy,0,Low,4,2,0,0
9525,A,Ship,258,3,low,F,5,4494,3,5,0,Heavy,1,Low,0,2,0,0
9526,B,Ship,251,3,low,M,1,5073,3,5,0,Heavy,1,Low,1,2,0,1
9527,C,Ship,241,6,medium,M,5,4880,4,2,1,Heavy,0,Low,2,2,1,1
9528,F,Ship,164,4,medium,M,3,5318,4,1,1,Heavy,0,Low,4,2,1,1
9529,D,Ship,273,2,low,F,1,5008,5,4,1,Heavy,1,Low,3,2,0,0
9530,F,Ship,266,3,low,M,6,4010,3,1,0,Heavy,1,Low,4,2,0,1
9531,A,Ship,144,5,low,F,3,5807,4,2,1,Heavy,0,Low,0,2,0,0
9532,B,Ship,208,2,low,M,10,4671,2,1,1,Heavy,0,Low,1,2,0,1
9533,C,Ship,178,4,medium,F,8,4620,2,4,0,Heavy,0,Low,2,2,1,0
9534,F,Ship,246,4,low,F,3,4316,3,3,0,Heavy,0,Low,4,2,0,0
9535,D,Ship,131,6,medium,M,8,5352,3,1,0,Heavy,0,Low,3,2,1,1
9536,F,Ship,156,3,low,F,5,4151,2,2,1,Heavy,0,Low,4,2,0,0
9537,A,Ship,222,4,medium,M,10,5720,3,2,0,Heavy,0,Low,0,2,1,1
9538,B,Ship,275,3,medium,M,7,4968,3,3,0,Heavy,1,Low,1,2,1,1
9539,C,Ship,212,3,medium,M,10,4117,3,2,0,Heavy,0,Low,2,2,1,1
9540,F,Ship,275,2,medium,M,7,5292,5,4,0,Heavy,1,Low,4,2,1,1
9541,D,Ship,189,2,medium,M,8,5219,5,1,0,Heavy,0,Low,3,2,1,1
9542,F,Ship,171,3,low,M,10,4839,3,4,0,Heavy,0,Low,4,2,0,1
9543,A,Ship,242,5,low,F,3,4026,3,1,0,Heavy,0,Low,0,2,0,0
9544,B,Ship,247,3,medium,F,7,4966,3,5,0,Heavy,0,Low,1,2,1,0
9545,C,Ship,149,2,low,M,8,4556,3,3,0,Heavy,0,Low,2,2,0,1
9546,F,Ship,190,3,low,F,9,5279,3,3,0,Heavy,0,Low,4,2,0,0
9547,D,Ship,189,2,low,M,6,4488,3,2,1,Heavy,0,Low,3,2,0,1
9548,F,Ship,153,4,high,M,7,4750,3,2,1,Heavy,0,Low,4,2,2,1
9549,A,Ship,173,2,low,M,5,4688,4,1,0,Heavy,0,Low,0,2,0,1
9550,B,Ship,117,4,low,F,3,5078,5,3,0,Heavy,0,Low,1,2,0,0
9551,C,Ship,204,3,medium,M,7,4119,6,5,0,Heavy,0,Low,2,2,1,1
9552,F,Ship,274,4,low,M,3,5979,3,1,0,Heavy,1,Low,4,2,0,1
9553,D,Ship,276,2,low,M,10,5108,6,1,0,Heavy,1,Low,3,2,0,1
9554,F,Ship,189,4,low,F,4,4785,3,1,0,Heavy,0,Low,4,2,0,0
9555,A,Ship,204,2,low,F,2,5033,3,2,1,Heavy,0,Low,0,2,0,0
9556,B,Ship,229,3,medium,F,8,4549,3,3,0,Heavy,0,Low,1,2,1,0
9557,C,Ship,257,2,medium,F,2,5815,3,1,0,Heavy,1,Low,2,2,1,0
9558,F,Ship,184,3,low,M,5,4039,4,5,1,Heavy,0,Low,4,2,0,1
9559,D,Ship,157,4,medium,F,2,4640,3,5,0,Heavy,0,Low,3,2,1,0
9560,F,Ship,173,3,medium,M,5,5331,4,3,1,Heavy,0,Low,4,2,1,1
9561,A,Ship,236,2,medium,M,2,4239,3,2,1,Heavy,0,Low,0,2,1,1
9562,B,Ship,234,3,low,M,2,4282,4,1,0,Heavy,0,Low,1,2,0,1
9563,C,Ship,237,3,medium,M,2,4760,4,4,0,Heavy,0,Low,2,2,1,1
9564,F,Road,191,2,low,M,10,5068,4,5,1,Heavy,0,Low,4,1,0,1
9565,D,Road,222,3,medium,M,2,5140,4,4,0,Heavy,0,Low,3,1,1,1
9566,F,Road,153,2,low,F,8,4248,4,4,0,Heavy,0,Low,4,1,0,0
9567,A,Road,224,2,medium,M,2,4581,4,1,1,Heavy,0,Low,0,1,1,1
9568,B,Road,201,2,low,M,5,5593,5,4,1,Heavy,0,Low,1,1,0,1
9569,C,Road,169,3,low,M,10,4309,4,2,1,Heavy,0,Low,2,1,0,1
9570,F,Road,133,5,medium,M,9,5744,3,2,1,Heavy,0,Low,4,1,1,1
9571,D,Road,146,2,medium,F,5,4356,4,4,0,Heavy,0,Low,3,1,1,0
9572,F,Road,230,3,low,M,8,4107,4,1,1,Heavy,0,Low,4,1,0,1
9573,A,Road,195,5,low,F,4,4034,3,1,0,Heavy,0,Low,0,1,0,0
9574,B,Road,204,3,low,F,9,4757,4,4,0,Heavy,0,Low,1,1,0,0
9575,C,Road,191,6,medium,M,7,5333,6,2,1,Heavy,0,Low,2,1,1,1
9576,F,Road,199,3,high,M,6,5547,5,5,1,Heavy,0,Low,4,1,2,1
9577,D,Road,192,4,medium,M,3,4030,3,4,0,Heavy,0,Low,3,1,1,1
9578,F,Road,187,2,low,F,10,5064,3,1,1,Heavy,0,Low,4,1,0,0
9579,A,Road,236,3,medium,F,8,5341,3,1,1,Heavy,0,Low,0,1,1,0
9580,B,Road,176,3,high,F,1,5096,4,5,1,Heavy,0,Low,1,1,2,0
9581,C,Road,239,4,medium,F,7,4589,6,2,0,Heavy,0,Low,2,1,1,0
9582,F,Road,280,3,medium,M,5,5624,4,4,0,Heavy,1,Low,4,1,1,1
9583,D,Road,184,2,medium,M,9,4649,5,5,1,Heavy,0,Low,3,1,1,1
9584,F,Road,145,2,low,M,3,4409,3,2,0,Heavy,0,Low,4,1,0,1
9585,A,Road,248,3,low,F,3,5709,6,5,1,Heavy,0,Low,0,1,0,0
9586,B,Flight,184,5,medium,M,9,5812,2,4,0,Heavy,0,Low,1,0,1,1
9587,C,Flight,265,2,low,M,9,5040,4,5,0,Heavy,1,Low,2,0,0,1
9588,F,Flight,170,4,medium,M,4,5113,5,1,1,Heavy,0,Low,4,0,1,1
9589,D,Flight,181,4,low,F,2,4747,2,1,0,Heavy,0,Low,3,0,0,0
9590,F,Flight,166,4,low,F,1,5533,3,4,1,Heavy,0,Low,4,0,0,0
9591,A,Flight,137,4,medium,F,5,5095,4,4,0,Heavy,0,Low,0,0,1,0
9592,B,Flight,173,5,low,F,5,5049,4,1,1,Heavy,0,Low,1,0,0,0
9593,C,Flight,249,4,medium,M,10,5614,4,3,0,Heavy,0,Low,2,0,1,1
9594,F,Flight,205,3,low,F,3,4157,5,4,1,Heavy,0,Low,4,0,0,0
9595,D,Flight,251,5,high,M,8,4573,4,5,0,Heavy,1,Low,3,0,2,1
9596,F,Flight,249,3,low,F,7,5509,4,5,0,Heavy,0,Low,4,0,0,0
9597,A,Flight,177,3,low,F,7,4834,4,3,1,Heavy,0,Low,0,0,0,0
9598,B,Flight,268,3,low,M,7,4910,3,5,0,Heavy,1,Low,1,0,0,1
9599,C,Flight,215,4,low,M,1,4581,6,1,1,Heavy,0,Low,2,0,0,1
9600,F,Flight,149,3,low,M,2,4499,4,1,0,Heavy,0,Low,4,0,0,1
9601,D,Flight,132,3,medium,F,5,4613,4,4,0,Heavy,0,Low,3,0,1,0
9602,F,Flight,246,3,low,F,10,4707,3,1,1,Heavy,0,Low,4,0,0,0
9603,A,Flight,155,3,medium,M,9,5718,3,4,1,Heavy,0,Low,0,0,1,1
9604,B,Flight,206,2,medium,M,7,4531,5,3,1,Heavy,0,Low,1,0,1,1
9605,C,Flight,134,3,medium,F,1,4064,4,2,1,Heavy,0,Low,2,0,1,0
9606,F,Flight,255,2,medium,M,9,5609,5,2,0,Heavy,1,Low,4,0,1,1
9607,D,Flight,168,4,medium,F,9,5136,3,1,0,Heavy,0,Low,3,0,1,0
9608,F,Ship,140,2,low,M,8,4926,4,1,0,Heavy,0,Low,4,2,0,1
9609,A,Ship,191,3,high,F,6,4244,5,3,0,Heavy,0,Low,0,2,2,0
9610,B,Ship,231,3,medium,F,8,5069,4,3,1,Heavy,0,Low,1,2,1,0
9611,C,Ship,264,2,low,M,2,4350,3,3,0,Heavy,1,Low,2,2,0,1
9612,F,Ship,137,3,low,M,6,5357,5,3,0,Heavy,0,Low,4,2,0,1
9613,D,Ship,170,3,medium,F,4,4446,5,3,1,Heavy,0,Low,3,2,1,0
9614,F,Ship,256,3,low,F,5,5399,4,4,0,Heavy,1,Low,4,2,0,0
9615,A,Ship,176,6,medium,M,9,4839,5,1,1,Heavy,0,Low,0,2,1,1
9616,B,Ship,198,4,low,F,3,4172,3,2,1,Heavy,0,Low,1,2,0,0
9617,C,Ship,272,2,low,M,1,5666,4,1,0,Heavy,1,Low,2,2,0,1
9618,F,Ship,149,3,medium,F,2,4241,4,4,1,Heavy,0,Low,4,2,1,0
9619,D,Ship,192,7,medium,M,10,5976,5,3,0,Heavy,0,Low,3,2,1,1
9620,F,Ship,117,7,medium,M,6,5529,6,5,1,Heavy,0,Low,4,2,1,1
9621,A,Ship,180,2,low,F,6,5579,2,4,0,Heavy,0,Low,0,2,0,0
9622,B,Ship,158,2,medium,F,8,5907,3,2,0,Heavy,0,Low,1,2,1,0
9623,C,Ship,266,10,high,M,9,4784,5,2,1,Heavy,1,Low,2,2,2,1
9624,F,Ship,304,4,low,M,3,1752,6,3,1,Light,1,Low,4,2,0,1
9625,D,Ship,244,5,medium,F,1,1847,6,3,1,Light,0,Low,3,2,1,0
9626,F,Ship,301,4,low,F,1,1150,7,4,0,Light,1,Low,4,2,0,0
9627,A,Ship,275,5,medium,M,5,1900,4,2,0,Light,1,Low,0,2,1,1
9628,B,Ship,236,5,low,M,3,1933,5,5,1,Light,0,Low,1,2,0,1
9629,C,Ship,286,4,medium,M,10,1177,6,1,1,Light,1,Low,2,2,1,1
9630,F,Ship,238,6,low,M,3,1351,5,5,0,Light,0,Low,4,2,0,1
9631,D,Ship,300,4,medium,F,10,1148,7,1,1,Light,1,Low,3,2,1,0
9632,F,Ship,292,4,medium,M,8,1779,6,4,1,Light,1,Low,4,2,1,1
9633,A,Ship,172,2,low,F,9,1723,5,1,0,Light,0,Low,0,2,0,0
9634,B,Ship,181,5,medium,F,9,1368,2,4,0,Light,0,Low,1,2,1,0
9635,C,Ship,289,4,low,F,3,1037,7,3,1,Light,1,Low,2,2,0,0
9636,F,Ship,256,4,medium,M,4,1628,7,3,0,Light,1,Low,4,2,1,1
9637,D,Ship,251,5,medium,F,2,1329,4,4,1,Light,1,Low,3,2,1,0
9638,F,Ship,245,4,low,M,2,1832,6,5,1,Light,0,Low,4,2,0,1
9639,A,Ship,140,2,low,M,6,4703,4,4,0,Heavy,0,Low,0,2,0,1
9640,B,Ship,191,3,high,F,7,4435,5,4,1,Heavy,0,Low,1,2,2,0
9641,C,Ship,231,3,medium,M,8,4991,4,3,0,Heavy,0,Low,2,2,1,1
9642,F,Ship,264,2,low,M,6,5702,3,2,1,Heavy,1,Low,4,2,0,1
9643,D,Ship,137,3,low,F,1,5242,5,2,0,Heavy,0,Low,3,2,0,0
9644,F,Ship,170,3,medium,M,6,5226,5,3,0,Heavy,0,Low,4,2,1,1
9645,A,Ship,256,3,low,M,6,5818,4,1,0,Heavy,1,Low,0,2,0,1
9646,B,Ship,176,6,medium,M,9,4605,5,4,0,Heavy,0,Low,1,2,1,1
9647,C,Ship,198,4,low,F,10,4829,3,5,0,Heavy,0,Low,2,2,0,0
9648,F,Ship,272,2,low,M,2,5022,4,1,0,Heavy,1,Low,4,2,0,1
9649,D,Ship,149,3,medium,F,5,4031,4,3,0,Heavy,0,Low,3,2,1,0
9650,F,Ship,192,7,medium,M,2,4045,5,2,1,Heavy,0,Low,4,2,1,1
9651,A,Ship,117,7,medium,F,4,4211,6,1,0,Heavy,0,Low,0,2,1,0
9652,B,Ship,180,2,low,F,5,4010,2,4,1,Heavy,0,Low,1,2,0,0
9653,C,Ship,158,2,medium,M,9,4881,3,2,0,Heavy,0,Low,2,2,1,1
9654,F,Ship,266,10,high,F,2,5890,5,5,0,Heavy,1,Low,4,2,2,0
9655,D,Ship,304,4,low,M,5,1215,6,3,1,Light,1,Low,3,2,0,1
9656,F,Ship,244,5,medium,F,4,1121,6,3,1,Light,0,Low,4,2,1,0
9657,A,Ship,301,4,low,M,1,1339,7,2,0,Light,1,Low,0,2,0,1
9658,B,Ship,275,5,medium,M,5,1329,4,3,0,Light,1,Low,1,2,1,1
9659,C,Ship,236,5,low,M,1,1682,5,4,0,Light,0,Low,2,2,0,1
9660,F,Ship,286,4,medium,F,3,1773,6,5,1,Light,1,Low,4,2,1,0
9661,D,Ship,238,6,low,F,9,1192,5,1,0,Light,0,Low,3,2,0,0
9662,F,Ship,300,4,medium,M,3,1070,7,2,1,Light,1,Low,4,2,1,1
9663,A,Ship,292,4,medium,F,1,1372,6,4,1,Light,1,Low,0,2,1,0
9664,B,Ship,172,2,low,F,2,1680,5,2,0,Light,0,Low,1,2,0,0
9665,C,Ship,181,5,medium,F,5,1043,2,5,0,Light,0,Low,2,2,1,0
9666,F,Ship,289,4,low,F,10,1074,7,5,1,Light,1,Low,4,2,0,0
9667,D,Ship,256,4,medium,F,2,1396,7,5,0,Light,1,Low,3,2,1,0
9668,F,Ship,251,5,medium,F,6,1434,4,5,0,Light,1,Low,4,2,1,0
9669,A,Ship,279,4,low,F,1,1621,6,4,0,Light,1,Low,0,2,0,0
9670,B,Ship,271,4,low,M,3,1710,6,5,1,Light,1,Low,1,2,0,1
9671,C,Ship,258,5,medium,M,1,1920,4,2,0,Light,1,Low,2,2,1,1
9672,F,Ship,245,4,low,F,7,1521,6,5,0,Light,0,Low,4,2,0,0
9673,D,Ship,296,4,low,M,7,1969,6,4,0,Light,1,Low,3,2,0,1
9674,F,Ship,267,5,low,F,1,1505,5,3,0,Light,1,Low,4,2,0,0
9675,A,Ship,268,4,medium,M,2,1462,6,5,0,Light,1,Low,0,2,1,1
9676,B,Ship,277,5,low,F,1,1700,7,2,1,Light,1,Low,1,2,0,0
9677,C,Ship,259,4,low,M,5,1771,6,2,1,Light,1,Low,2,2,0,1
9678,F,Ship,275,5,low,F,3,1062,5,1,0,Light,1,Low,4,2,0,0
9679,D,Ship,298,4,low,M,3,1009,6,5,1,Light,1,Low,3,2,0,1
9680,F,Ship,243,5,medium,F,4,1013,5,2,1,Light,0,Low,4,2,1,0
9681,A,Ship,255,4,medium,F,4,1373,7,3,0,Light,1,Low,0,2,1,0
9682,B,Ship,232,5,low,F,9,1856,4,3,0,Light,0,Low,1,2,0,0
9683,C,Ship,254,4,medium,M,4,1887,6,5,1,Light,1,Low,2,2,1,1
9684,F,Ship,234,5,low,M,3,1134,4,1,0,Light,0,Low,4,2,0,1
9685,D,Ship,303,4,low,F,9,1080,6,1,0,Light,1,Low,3,2,0,0
9686,F,Ship,262,4,low,F,5,1563,6,3,0,Light,1,Low,4,2,0,0
9687,A,Ship,218,5,medium,F,7,1692,5,5,0,Light,0,Low,0,2,1,0
9688,B,Ship,241,5,low,M,2,1043,4,5,0,Light,0,Low,1,2,0,1
9689,C,Ship,267,4,medium,M,1,1942,6,3,1,Light,1,Low,2,2,1,1
9690,F,Ship,301,4,low,F,6,1052,7,1,1,Light,1,Low,4,2,0,0
9691,D,Ship,221,5,low,F,8,1927,5,4,1,Light,0,Low,3,2,0,0
9692,F,Ship,275,4,low,M,2,1700,6,5,1,Light,1,Low,4,2,0,1
9693,A,Ship,292,4,medium,M,5,1793,6,4,0,Light,1,Low,0,2,1,1
9694,B,Ship,245,6,medium,M,9,1660,5,4,0,Light,0,Low,1,2,1,1
9695,C,Ship,301,5,low,F,2,1452,6,3,1,Light,1,Low,2,2,0,0
9696,F,Ship,245,4,medium,M,3,1772,6,3,1,Light,0,Low,4,2,1,1
9697,D,Ship,288,4,low,F,1,1269,7,5,1,Light,1,Low,3,2,0,0
9698,F,Ship,274,4,low,F,5,1452,6,3,0,Light,1,Low,4,2,0,0
9699,A,Ship,231,5,low,F,2,1465,4,2,1,Light,0,Low,0,2,0,0
9700,B,Ship,310,5,low,M,6,1139,6,3,0,Light,1,Low,1,2,0,1
9701,C,Road,256,6,medium,M,3,1441,5,3,0,Light,1,Low,2,1,1,1
9702,F,Road,281,4,medium,M,5,1484,6,5,0,Light,1,Low,4,1,1,1
9703,D,Road,264,4,medium,F,3,1498,6,3,1,Light,1,Low,3,1,1,0
9704,F,Road,274,5,low,F,9,1764,7,3,0,Light,1,Low,4,1,0,0
9705,A,Road,272,5,low,M,8,1317,5,2,0,Light,1,Low,0,1,0,1
9706,B,Road,257,5,medium,M,6,1008,4,5,0,Light,1,Low,1,1,1,1
9707,C,Road,310,4,low,F,2,1189,6,3,0,Light,1,Low,2,1,0,0
9708,F,Road,249,6,low,M,8,1170,5,2,1,Light,0,Low,4,1,0,1
9709,D,Road,244,4,low,M,2,1330,7,5,1,Light,0,Low,3,1,0,1
9710,F,Road,219,6,medium,F,2,1634,4,3,0,Light,0,Low,4,1,1,0
9711,A,Road,264,4,medium,F,2,1540,7,1,0,Light,1,Low,0,1,1,0
9712,B,Road,217,5,low,F,3,1572,4,5,1,Light,0,Low,1,1,0,0
9713,C,Road,280,4,low,F,5,1624,6,1,0,Light,1,Low,2,1,0,0
9714,F,Road,247,5,low,M,10,1515,4,2,0,Light,0,Low,4,1,0,1
9715,D,Road,270,6,low,F,7,4098,3,4,1,Heavy,1,Low,3,1,0,0
9716,F,Road,248,3,low,F,2,5310,4,5,1,Heavy,0,Low,4,1,0,0
9717,A,Road,167,2,medium,F,1,5409,4,3,1,Heavy,0,Low,0,1,1,0
9718,B,Road,268,3,medium,M,9,5521,4,5,1,Heavy,1,Low,1,1,1,1
9719,C,Road,257,5,medium,M,10,4901,3,4,1,Heavy,1,Low,2,1,1,1
9720,F,Road,152,3,low,F,4,4770,5,2,1,Heavy,0,Low,4,1,0,0
9721,D,Road,147,3,low,M,3,4152,4,2,1,Heavy,0,Low,3,1,0,1
9722,F,Road,179,2,low,M,5,4882,3,4,1,Heavy,0,Low,4,1,0,1
9723,A,Flight,201,3,medium,M,10,4032,3,4,1,Heavy,0,Low,0,0,1,1
9724,B,Flight,140,3,medium,M,8,5724,3,2,0,Heavy,0,Low,1,0,1,1
9725,C,Flight,139,3,medium,M,2,5632,5,1,0,Heavy,0,Low,2,0,1,1
9726,F,Flight,152,5,medium,M,8,5711,4,1,0,Heavy,0,Low,4,0,1,1
9727,D,Flight,171,5,medium,M,9,4376,6,4,1,Heavy,0,Low,3,0,1,1
9728,F,Flight,97,3,medium,F,8,4577,5,4,0,Heavy,0,Low,4,0,1,0
9729,A,Flight,257,3,medium,M,8,5772,4,2,0,Heavy,1,Low,0,0,1,1
9730,B,Flight,154,4,medium,M,1,5480,4,1,0,Heavy,0,Low,1,0,1,1
9731,C,Flight,138,2,medium,M,1,4881,3,5,1,Heavy,0,Low,2,0,1,1
9732,F,Flight,173,2,low,M,7,4716,5,5,0,Heavy,0,Low,4,0,0,1
9733,D,Flight,252,3,medium,F,8,4557,3,5,1,Heavy,1,Low,3,0,1,0
9734,F,Flight,251,2,low,M,2,4245,5,2,1,Heavy,1,Low,4,0,0,1
9735,A,Flight,223,4,high,F,7,5042,3,5,1,Heavy,0,Low,0,0,2,0
9736,B,Flight,261,3,high,M,3,5303,5,2,1,Heavy,1,Low,1,0,2,1
9737,C,Flight,111,2,high,F,4,5393,4,2,0,Heavy,0,Low,2,0,2,0
9738,F,Flight,210,3,low,F,9,4731,3,2,1,Heavy,0,Low,4,0,0,0
9739,D,Flight,161,3,low,M,1,4789,4,1,0,Heavy,0,Low,3,0,0,1
9740,F,Flight,143,3,low,M,10,5261,3,4,0,Heavy,0,Low,4,0,0,1
9741,A,Flight,170,2,low,M,2,5607,4,3,0,Heavy,0,Low,0,0,0,1
9742,B,Flight,151,3,medium,M,9,4767,2,5,1,Heavy,0,Low,1,0,1,1
9743,C,Flight,154,2,low,M,1,5884,3,3,1,Heavy,0,Low,2,0,0,1
9744,F,Flight,146,3,medium,F,6,4672,4,4,1,Heavy,0,Low,4,0,1,0
9745,D,Ship,238,5,low,F,5,5854,5,1,0,Heavy,0,Low,3,2,0,0
9746,F,Ship,264,2,low,F,9,4490,4,2,0,Heavy,1,Low,4,2,0,0
9747,A,Ship,196,3,low,F,4,5610,4,5,0,Heavy,0,Low,0,2,0,0
9748,B,Ship,164,3,low,M,9,5135,5,4,1,Heavy,0,Low,1,2,0,1
9749,C,Ship,144,4,medium,F,2,4316,4,2,0,Heavy,0,Low,2,2,1,0
9750,F,Ship,147,2,medium,M,6,4350,3,5,0,Heavy,0,Low,4,2,1,1
9751,D,Ship,181,3,high,F,9,5470,3,4,0,Heavy,0,Low,3,2,2,0
9752,F,Ship,212,3,low,F,1,4518,4,3,0,Heavy,0,Low,4,2,0,0
9753,A,Ship,258,2,low,M,4,5052,2,3,1,Heavy,1,Low,0,2,0,1
9754,B,Ship,202,2,medium,F,8,4552,3,5,1,Heavy,0,Low,1,2,1,0
9755,C,Ship,143,3,medium,M,2,5286,4,5,1,Heavy,0,Low,2,2,1,1
9756,F,Ship,175,3,medium,F,7,5047,5,3,1,Heavy,0,Low,4,2,1,0
9757,D,Ship,135,3,low,F,10,5301,5,1,1,Heavy,0,Low,3,2,0,0
9758,F,Ship,249,3,low,F,3,4169,2,5,0,Heavy,0,Low,4,2,0,0
9759,A,Ship,202,3,medium,M,7,5821,4,2,0,Heavy,0,Low,0,2,1,1
9760,B,Ship,135,3,low,F,6,4557,4,5,0,Heavy,0,Low,1,2,0,0
9761,C,Ship,268,4,low,M,6,4415,3,2,0,Heavy,1,Low,2,2,0,1
9762,F,Ship,103,2,low,M,4,5146,4,3,0,Heavy,0,Low,4,2,0,1
9763,D,Ship,225,4,medium,M,10,4723,6,4,0,Heavy,0,Low,3,2,1,1
9764,F,Ship,211,6,low,M,3,4957,6,5,0,Heavy,0,Low,4,2,0,1
9765,A,Ship,161,2,low,F,8,5021,3,5,0,Heavy,0,Low,0,2,0,0
9766,B,Ship,155,2,medium,F,6,5942,4,4,0,Heavy,0,Low,1,2,1,0
9767,C,Ship,182,4,medium,F,9,5159,5,2,0,Heavy,0,Low,2,2,1,0
9768,F,Ship,124,3,low,M,10,4331,5,5,0,Heavy,0,Low,4,2,0,1
9769,D,Ship,167,3,high,F,4,6000,4,3,1,Heavy,0,Low,3,2,2,0
9770,F,Ship,246,3,low,F,7,4090,4,4,0,Heavy,0,Low,4,2,0,0
9771,A,Ship,196,5,medium,F,6,5692,3,2,0,Heavy,0,Low,0,2,1,0
9772,B,Ship,211,2,low,F,5,5877,3,5,1,Heavy,0,Low,1,2,0,0
9773,C,Ship,234,4,medium,F,9,5075,2,1,0,Heavy,0,Low,2,2,1,0
9774,F,Ship,174,6,low,M,6,5713,3,5,0,Heavy,0,Low,4,2,0,1
9775,D,Ship,190,3,medium,F,4,4424,5,4,1,Heavy,0,Low,3,2,1,0
9776,F,Ship,255,3,medium,F,6,4313,4,1,1,Heavy,1,Low,4,2,1,0
9777,A,Ship,192,3,medium,M,4,4997,3,1,1,Heavy,0,Low,0,2,1,1
9778,B,Ship,174,3,low,F,10,5973,5,2,1,Heavy,0,Low,1,2,0,0
9779,C,Ship,263,3,medium,F,4,4208,3,1,0,Heavy,1,Low,2,2,1,0
9780,F,Ship,251,2,high,F,3,4741,5,5,1,Heavy,1,Low,4,2,2,0
9781,D,Ship,223,3,low,F,2,4671,5,3,1,Heavy,0,Low,3,2,0,0
9782,F,Ship,168,2,low,M,1,5097,3,3,1,Heavy,0,Low,4,2,0,1
9783,A,Ship,213,3,high,M,7,5516,3,4,1,Heavy,0,Low,0,2,2,1
9784,B,Ship,99,6,medium,M,9,5903,4,3,0,Heavy,0,Low,1,2,1,1
9785,C,Ship,267,3,medium,M,9,5254,4,4,0,Heavy,1,Low,2,2,1,1
9786,F,Ship,183,3,medium,F,8,4531,5,1,0,Heavy,0,Low,4,2,1,0
9787,D,Ship,180,3,low,M,3,5031,4,4,0,Heavy,0,Low,3,2,0,1
9788,F,Ship,206,2,low,M,7,4721,2,1,0,Heavy,0,Low,4,2,0,1
9789,A,Ship,216,3,low,M,10,4636,4,2,0,Heavy,0,Low,0,2,0,1
9790,B,Ship,167,3,low,M,10,5591,5,5,0,Heavy,0,Low,1,2,0,1
9791,C,Ship,162,3,medium,M,4,4812,3,2,1,Heavy,0,Low,2,2,1,1
9792,F,Ship,250,3,medium,F,6,5832,3,1,0,Heavy,0,Low,4,2,1,0
9793,D,Ship,245,3,medium,M,1,4731,4,2,1,Heavy,0,Low,3,2,1,1
9794,F,Ship,226,3,low,F,7,4411,3,4,1,Heavy,0,Low,4,2,0,0
9795,A,Ship,226,2,medium,M,6,5395,5,1,0,Heavy,0,Low,0,2,1,1
9796,B,Ship,222,2,high,M,8,4996,5,4,1,Heavy,0,Low,1,2,2,1
9797,C,Ship,177,2,low,M,2,5911,4,1,0,Heavy,0,Low,2,2,0,1
9798,F,Ship,223,3,high,F,5,5654,4,4,0,Heavy,0,Low,4,2,2,0
9799,D,Ship,210,6,low,M,3,5051,5,5,0,Heavy,0,Low,3,2,0,1
9800,F,Ship,170,2,low,M,3,4299,4,2,0,Heavy,0,Low,4,2,0,1
9801,A,Ship,135,4,low,M,8,5029,5,5,0,Heavy,0,Low,0,2,0,1
9802,B,Ship,192,4,medium,F,7,4741,3,5,1,Heavy,0,Low,1,2,1,0
9803,C,Ship,204,3,medium,F,3,4001,4,2,0,Heavy,0,Low,2,2,1,0
9804,F,Ship,244,3,medium,M,4,4458,3,4,0,Heavy,0,Low,4,2,1,1
9805,D,Ship,255,4,low,F,8,5511,3,2,0,Heavy,1,Low,3,2,0,0
9806,F,Ship,160,2,medium,F,8,5234,4,5,0,Heavy,0,Low,4,2,1,0
9807,A,Ship,150,2,low,M,5,4133,4,1,0,Heavy,0,Low,0,2,0,1
9808,B,Ship,242,6,medium,F,10,5655,4,2,1,Heavy,0,Low,1,2,1,0
9809,C,Ship,240,6,medium,F,9,5498,4,5,1,Heavy,0,Low,2,2,1,0
9810,F,Ship,246,2,low,M,10,5337,2,4,1,Heavy,0,Low,4,2,0,1
9811,D,Ship,232,2,low,F,3,4562,3,1,1,Heavy,0,Low,3,2,0,0
9812,F,Ship,274,3,low,F,5,4409,4,3,0,Heavy,1,Low,4,2,0,0
9813,A,Ship,253,3,low,F,5,5703,4,3,0,Heavy,1,Low,0,2,0,0
9814,B,Ship,229,4,medium,M,1,4584,5,1,1,Heavy,0,Low,1,2,1,1
9815,C,Ship,131,3,medium,F,10,4625,4,4,0,Heavy,0,Low,2,2,1,0
9816,F,Ship,125,3,low,F,10,5883,4,3,0,Heavy,0,Low,4,2,0,0
9817,D,Ship,201,3,low,F,2,5540,3,3,1,Heavy,0,Low,3,2,0,0
9818,F,Ship,207,3,medium,F,1,4019,4,4,0,Heavy,0,Low,4,2,1,0
9819,A,Ship,144,2,medium,M,8,5378,3,1,1,Heavy,0,Low,0,2,1,1
9820,B,Ship,109,4,medium,F,4,4308,3,5,0,Heavy,0,Low,1,2,1,0
9821,C,Ship,161,2,high,F,8,5654,4,2,1,Heavy,0,Low,2,2,2,0
9822,F,Ship,151,3,medium,M,3,5154,4,2,1,Heavy,0,Low,4,2,1,1
9823,D,Ship,149,4,low,F,2,5282,3,3,0,Heavy,0,Low,3,2,0,0
9824,F,Ship,239,3,low,M,5,4122,5,5,0,Heavy,0,Low,4,2,0,1
9825,A,Ship,287,5,medium,M,6,4376,4,3,1,Heavy,1,Low,0,2,1,1
9826,B,Ship,132,2,medium,F,8,5810,3,3,1,Heavy,0,Low,1,2,1,0
9827,C,Ship,165,5,medium,M,9,5313,5,2,0,Heavy,0,Low,2,2,1,1
9828,F,Ship,143,2,low,M,1,5872,5,4,1,Heavy,0,Low,4,2,0,1
9829,D,Ship,262,3,medium,M,2,5429,4,4,0,Heavy,1,Low,3,2,1,1
9830,F,Ship,201,6,low,F,3,4025,5,3,1,Heavy,0,Low,4,2,0,0
9831,A,Ship,213,4,medium,M,8,4220,4,3,0,Heavy,0,Low,0,2,1,1
9832,B,Ship,269,2,low,M,3,5976,2,3,0,Heavy,1,Low,1,2,0,1
9833,C,Ship,217,4,low,F,2,4073,6,5,0,Heavy,0,Low,2,2,0,0
9834,F,Ship,133,2,low,F,10,4195,4,3,0,Heavy,0,Low,4,2,0,0
9835,D,Ship,248,3,medium,M,7,5299,3,4,0,Heavy,0,Low,3,2,1,1
9836,F,Ship,244,3,low,M,9,5339,4,3,0,Heavy,0,Low,4,2,0,1
9837,A,Ship,197,3,high,M,9,4917,4,1,0,Heavy,0,Low,0,2,2,1
9838,B,Road,268,4,low,F,9,4208,5,5,0,Heavy,1,Low,1,1,0,0
9839,C,Road,203,4,low,M,6,4557,5,5,1,Heavy,0,Low,2,1,0,1
9840,F,Road,224,2,low,F,3,4817,4,4,0,Heavy,0,Low,4,1,0,0
9841,D,Road,212,3,low,M,6,5935,3,4,1,Heavy,0,Low,3,1,0,1
9842,F,Road,208,6,medium,M,8,5098,5,4,0,Heavy,0,Low,4,1,1,1
9843,A,Road,155,3,medium,M,3,5939,4,5,1,Heavy,0,Low,0,1,1,1
9844,B,Road,260,3,low,M,8,4535,5,4,0,Heavy,1,Low,1,1,0,1
9845,C,Road,174,3,low,F,3,5348,2,2,0,Heavy,0,Low,2,1,0,0
9846,F,Road,161,3,medium,M,3,4590,4,1,0,Heavy,0,Low,4,1,1,1
9847,D,Road,246,3,medium,F,7,5167,5,5,0,Heavy,0,Low,3,1,1,0
9848,F,Road,173,4,medium,F,2,4615,5,1,0,Heavy,0,Low,4,1,1,0
9849,A,Road,175,2,low,M,9,4859,3,2,0,Heavy,0,Low,0,1,0,1
9850,B,Road,243,3,medium,F,10,4037,5,1,0,Heavy,0,Low,1,1,1,0
9851,C,Road,122,4,low,F,9,5299,3,2,1,Heavy,0,Low,2,1,0,0
9852,F,Road,219,2,low,F,1,5071,4,2,1,Heavy,0,Low,4,1,0,0
9853,D,Road,217,3,high,M,7,5910,3,2,0,Heavy,0,Low,3,1,2,1
9854,F,Road,250,6,medium,M,2,4246,4,3,0,Heavy,0,Low,4,1,1,1
9855,A,Road,274,3,low,F,5,5981,3,3,1,Heavy,1,Low,0,1,0,0
9856,B,Road,260,3,medium,F,6,4747,2,2,0,Heavy,1,Low,1,1,1,0
9857,C,Road,185,2,medium,F,1,4729,4,4,0,Heavy,0,Low,2,1,1,0
9858,F,Road,270,3,low,M,1,4131,4,5,0,Heavy,1,Low,4,1,0,1
9859,D,Road,166,5,medium,F,3,4596,6,3,1,Heavy,0,Low,3,1,1,0
9860,F,Flight,160,4,low,M,1,5520,4,4,1,Heavy,0,Low,4,0,0,1
9861,A,Flight,247,3,low,M,3,4338,3,2,0,Heavy,0,Low,0,0,0,1
9862,B,Flight,272,2,low,M,1,5703,4,2,1,Heavy,1,Low,1,0,0,1
9863,C,Flight,171,2,medium,F,1,4439,4,5,0,Heavy,0,Low,2,0,1,0
9864,F,Flight,211,3,medium,F,8,4962,5,2,0,Heavy,0,Low,4,0,1,0
9865,D,Flight,271,3,medium,M,1,4444,3,4,1,Heavy,1,Low,3,0,1,1
9866,F,Flight,155,5,medium,F,8,5982,6,4,0,Heavy,0,Low,4,0,1,0
9867,A,Flight,220,3,medium,F,7,4552,4,1,1,Heavy,0,Low,0,0,1,0
9868,B,Flight,220,3,low,F,10,5234,3,3,1,Heavy,0,Low,1,0,0,0
9869,C,Flight,285,3,high,M,6,4427,2,4,1,Heavy,1,Low,2,0,2,1
9870,F,Flight,109,6,low,F,5,4374,3,1,1,Heavy,0,Low,4,0,0,0
9871,D,Flight,194,3,medium,M,7,4565,3,4,0,Heavy,0,Low,3,0,1,1
9872,F,Flight,214,2,medium,F,9,4185,3,3,0,Heavy,0,Low,4,0,1,0
9873,A,Flight,161,3,low,F,4,5629,3,5,0,Heavy,0,Low,0,0,0,0
9874,B,Flight,202,4,medium,F,7,4458,3,5,0,Heavy,0,Low,1,0,1,0
9875,C,Flight,179,8,high,F,3,5429,3,3,1,Heavy,0,Low,2,0,2,0
9876,F,Flight,137,5,low,F,8,4584,5,1,0,Heavy,0,Low,4,0,0,0
9877,D,Flight,173,3,medium,F,2,4892,6,1,0,Heavy,0,Low,3,0,1,0
9878,F,Flight,243,3,medium,M,6,4950,3,4,0,Heavy,0,Low,4,0,1,1
9879,A,Flight,258,5,medium,M,2,1494,4,2,0,Light,1,Low,0,0,1,1
9880,B,Flight,245,4,low,F,3,1982,6,3,1,Light,0,Low,1,0,0,0
9881,C,Flight,296,4,low,F,4,1650,6,3,0,Light,1,Low,2,0,0,0
9882,F,Ship,267,5,low,M,9,1113,5,4,0,Light,1,Low,4,2,0,1
9883,D,Ship,268,4,medium,F,1,1248,6,5,1,Light,1,Low,3,2,1,0
9884,F,Ship,277,5,low,M,4,1373,7,4,0,Light,1,Low,4,2,0,1
9885,A,Ship,259,4,low,F,4,1198,6,1,0,Light,1,Low,0,2,0,0
9886,B,Ship,275,5,low,M,6,1156,5,1,1,Light,1,Low,1,2,0,1
9887,C,Ship,298,4,low,F,9,1515,6,3,1,Light,1,Low,2,2,0,0
9888,F,Ship,243,5,medium,F,4,1385,5,2,0,Light,0,Low,4,2,1,0
9889,D,Ship,255,4,medium,F,10,1372,7,2,0,Light,1,Low,3,2,1,0
9890,F,Ship,232,5,low,F,3,1817,4,5,0,Light,0,Low,4,2,0,0
9891,A,Ship,247,3,low,F,4,5844,3,4,0,Heavy,0,Low,0,2,0,0
9892,B,Ship,272,2,low,M,1,4013,4,4,1,Heavy,1,Low,1,2,0,1
9893,C,Ship,171,2,medium,F,10,4536,4,1,0,Heavy,0,Low,2,2,1,0
9894,F,Ship,211,3,medium,F,7,5983,5,5,1,Heavy,0,Low,4,2,1,0
9895,D,Ship,271,3,medium,M,1,5486,3,1,1,Heavy,1,Low,3,2,1,1
9896,F,Ship,155,5,medium,F,8,4882,6,1,0,Heavy,0,Low,4,2,1,0
9897,A,Ship,220,3,medium,F,1,4912,4,5,1,Heavy,0,Low,0,2,1,0
9898,B,Ship,220,3,low,F,5,4407,3,5,0,Heavy,0,Low,1,2,0,0
9899,C,Ship,285,3,high,F,7,4999,2,1,0,Heavy,1,Low,2,2,2,0
9900,F,Ship,109,6,low,F,6,5457,3,1,1,Heavy,0,Low,4,2,0,0
9901,D,Ship,194,3,medium,F,7,4727,3,2,1,Heavy,0,Low,3,2,1,0
9902,F,Ship,214,2,medium,F,6,4578,3,5,0,Heavy,0,Low,4,2,1,0
9903,A,Ship,161,3,low,F,10,5663,3,5,1,Heavy,0,Low,0,2,0,0
9904,B,Ship,202,4,medium,M,10,5137,3,3,1,Heavy,0,Low,1,2,1,1
9905,C,Ship,179,8,high,M,3,4584,3,2,0,Heavy,0,Low,2,2,2,1
9906,F,Ship,137,5,low,M,4,4586,5,1,1,Heavy,0,Low,4,2,0,1
9907,D,Ship,173,3,medium,F,4,5970,6,2,0,Heavy,0,Low,3,2,1,0
9908,F,Ship,243,3,medium,M,6,5371,3,1,0,Heavy,0,Low,4,2,1,1
9909,A,Ship,258,5,medium,M,2,1481,4,5,0,Light,1,Low,0,2,1,1
9910,B,Ship,245,4,low,F,9,1594,6,2,0,Light,0,Low,1,2,0,0
9911,C,Ship,296,4,low,M,4,1973,6,4,0,Light,1,Low,2,2,0,1
9912,F,Ship,267,5,low,F,1,1352,5,5,1,Light,1,Low,4,2,0,0
9913,D,Ship,268,4,medium,M,10,1958,6,1,0,Light,1,Low,3,2,1,1
9914,F,Ship,277,5,low,F,7,1260,7,2,1,Light,1,Low,4,2,0,0
9915,A,Ship,259,4,low,F,10,2000,6,2,1,Light,1,Low,0,2,0,0
9916,B,Ship,275,5,low,F,2,1816,5,3,0,Light,1,Low,1,2,0,0
9917,C,Ship,298,4,low,M,2,1648,6,2,0,Light,1,Low,2,2,0,1
9918,F,Ship,243,5,medium,M,2,1817,5,5,0,Light,0,Low,4,2,1,1
9919,D,Ship,280,4,low,F,3,1819,6,5,1,Light,1,Low,3,2,0,0
9920,F,Ship,277,4,medium,M,6,1623,6,3,1,Light,1,Low,4,2,1,1
9921,A,Ship,284,4,low,F,7,1518,6,4,1,Light,1,Low,0,2,0,0
9922,B,Ship,258,5,low,M,8,1306,4,1,0,Light,1,Low,1,2,0,1
9923,C,Ship,254,4,low,F,5,1865,7,1,1,Light,1,Low,2,2,0,0
9924,F,Ship,263,5,medium,M,8,1548,5,4,0,Light,1,Low,4,2,1,1
9925,D,Ship,267,4,low,M,10,1580,6,2,0,Light,1,Low,3,2,0,1
9926,F,Ship,247,4,medium,M,7,1626,6,3,1,Light,0,Low,4,2,1,1
9927,A,Ship,233,5,medium,F,6,1631,5,1,1,Light,0,Low,0,2,1,0
9928,B,Ship,254,4,medium,F,9,1788,7,2,0,Light,1,Low,1,2,1,0
9929,C,Ship,289,5,medium,M,7,1223,6,1,0,Light,1,Low,2,2,1,1
9930,F,Ship,282,4,medium,M,6,1674,6,2,0,Light,1,Low,4,2,1,1
9931,D,Ship,243,6,medium,M,10,1729,5,3,1,Light,0,Low,3,2,1,1
9932,F,Ship,243,5,medium,M,8,1223,5,3,1,Light,0,Low,4,2,1,1
9933,A,Ship,228,5,low,F,3,1473,4,2,1,Light,0,Low,0,2,0,0
9934,B,Ship,235,5,low,M,4,1758,5,5,0,Light,0,Low,1,2,0,1
9935,C,Ship,274,6,low,M,10,1355,4,4,1,Light,1,Low,2,2,0,1
9936,F,Ship,254,5,medium,F,10,1435,6,4,0,Light,1,Low,4,2,1,0
9937,D,Ship,251,6,low,F,1,1625,4,5,0,Light,1,Low,3,2,0,0
9938,F,Ship,310,4,medium,F,8,1601,7,1,1,Light,1,Low,4,2,1,0
9939,A,Ship,288,4,medium,M,3,1989,7,3,0,Light,1,Low,0,2,1,1
9940,B,Ship,218,5,medium,F,9,1024,4,3,0,Light,0,Low,1,2,1,0
9941,C,Ship,251,5,medium,F,10,1683,5,5,0,Light,1,Low,2,2,1,0
9942,F,Ship,263,5,medium,F,6,1192,5,3,0,Light,1,Low,4,2,1,0
9943,D,Ship,266,6,low,F,2,1776,4,4,1,Light,1,Low,3,2,0,0
9944,F,Ship,307,4,low,F,9,1674,6,2,0,Light,1,Low,4,2,0,0
9945,A,Ship,268,4,medium,F,9,1754,7,5,1,Light,1,Low,0,2,1,0
9946,B,Ship,157,5,low,F,10,1133,6,5,0,Light,0,Low,1,2,0,0
9947,C,Ship,262,4,low,F,1,1384,7,3,1,Light,1,Low,2,2,0,0
9948,F,Ship,245,5,medium,M,10,1668,4,2,1,Light,0,Low,4,2,1,1
9949,D,Ship,217,6,medium,M,5,1616,5,5,0,Light,0,Low,3,2,1,1
9950,F,Ship,259,4,high,F,7,1208,6,3,0,Light,1,Low,4,2,2,0
9951,A,Ship,238,5,low,F,4,1962,5,2,0,Light,0,Low,0,2,0,0
9952,B,Ship,288,4,medium,F,9,1575,6,4,0,Light,1,Low,1,2,1,0
9953,C,Ship,284,4,low,M,3,1751,7,4,1,Light,1,Low,2,2,0,1
9954,F,Ship,243,5,medium,M,2,1842,4,4,0,Light,0,Low,4,2,1,1
9955,D,Ship,260,4,low,F,8,1522,6,2,0,Light,1,Low,3,2,0,0
9956,F,Ship,264,5,low,F,2,1541,4,3,0,Light,1,Low,4,2,0,0
9957,A,Ship,269,5,medium,F,10,1113,5,2,1,Light,1,Low,0,2,1,0
9958,B,Ship,282,4,low,M,6,1800,7,4,0,Light,1,Low,1,2,0,1
9959,C,Ship,250,6,low,M,1,1296,5,2,1,Light,0,Low,2,2,0,1
9960,F,Ship,230,5,low,F,8,1067,5,5,0,Light,0,Low,4,2,0,0
9961,D,Ship,254,4,high,F,10,1217,6,5,0,Light,1,Low,3,2,2,0
9962,F,Ship,256,5,low,M,2,1723,5,4,1,Light,1,Low,4,2,0,1
9963,A,Ship,255,5,low,F,7,1378,4,2,0,Light,1,Low,0,2,0,0
9964,B,Ship,306,4,low,M,2,1790,7,3,1,Light,1,Low,1,2,0,1
9965,C,Ship,189,2,low,F,2,1837,6,2,0,Light,0,Low,2,2,0,0
9966,F,Ship,280,4,low,M,2,1753,6,3,0,Light,1,Low,4,2,0,1
9967,D,Ship,310,4,medium,F,10,1553,6,5,0,Light,1,Low,3,2,1,0
9968,F,Ship,266,2,medium,M,1,5494,5,4,0,Heavy,1,Low,4,2,1,1
9969,A,Ship,196,3,low,M,4,5622,3,3,0,Heavy,0,Low,0,2,0,1
9970,B,Ship,198,5,medium,F,6,5443,3,2,0,Heavy,0,Low,1,2,1,0
9971,C,Ship,163,2,high,M,6,5253,5,5,1,Heavy,0,Low,2,2,2,1
9972,F,Ship,137,3,low,F,8,4742,3,3,0,Heavy,0,Low,4,2,0,0
9973,D,Ship,167,2,low,F,8,4171,3,1,1,Heavy,0,Low,3,2,0,0
9974,F,Ship,115,2,low,M,10,4200,3,5,0,Heavy,0,Low,4,2,0,1
9975,A,Road,192,2,low,M,5,4046,5,2,0,Heavy,0,Low,0,1,0,1
9976,B,Road,238,5,medium,M,9,4618,4,2,0,Heavy,0,Low,1,1,1,1
9977,C,Road,142,3,low,M,2,4790,4,2,1,Heavy,0,Low,2,1,0,1
9978,F,Road,256,2,low,F,7,5725,3,2,1,Heavy,1,Low,4,1,0,0
9979,D,Road,208,3,medium,F,7,4592,4,1,0,Heavy,0,Low,3,1,1,0
9980,F,Road,257,2,medium,M,8,4242,3,2,1,Heavy,1,Low,4,1,1,1
9981,A,Road,227,3,medium,M,8,5829,4,3,1,Heavy,0,Low,0,1,1,1
9982,B,Road,219,4,low,M,8,5660,4,2,0,Heavy,0,Low,1,1,0,1
9983,C,Road,202,2,low,F,9,5645,5,3,1,Heavy,0,Low,2,1,0,0
9984,F,Road,158,3,medium,F,9,4078,4,2,1,Heavy,0,Low,4,1,1,0
9985,D,Road,235,3,low,F,7,4829,6,3,1,Heavy,0,Low,3,1,0,0
9986,F,Road,233,3,low,M,9,4300,4,4,1,Heavy,0,Low,4,1,0,1
9987,A,Road,244,3,medium,M,3,5857,4,5,1,Heavy,0,Low,0,1,1,1
9988,B,Road,244,5,medium,F,10,4163,3,5,0,Heavy,0,Low,1,1,1,0
9989,C,Road,148,3,low,M,4,5919,3,5,0,Heavy,0,Low,2,1,0,1
9990,F,Road,171,2,high,M,8,4602,5,5,0,Heavy,0,Low,4,1,2,1
9991,D,Road,197,5,low,F,4,4196,5,2,1,Heavy,0,Low,3,1,0,0
9992,F,Road,256,3,low,F,5,5643,3,1,0,Heavy,1,Low,4,1,0,0
9993,A,Road,223,2,medium,M,7,5007,6,3,0,Heavy,0,Low,0,1,1,1
9994,B,Road,271,4,low,F,4,4066,5,2,0,Heavy,1,Low,1,1,0,0
9995,C,Road,135,4,medium,F,8,5001,2,1,1,Heavy,0,Low,2,1,1,0
9996,F,Road,272,2,low,M,7,4145,6,4,0,Heavy,1,Low,4,1,0,1
9997,D,Flight,265,3,medium,F,10,4244,3,1,0,Heavy,1,Low,3,0,1,0
9998,F,Flight,180,2,high,M,5,4585,5,5,1,Heavy,0,Low,4,0,2,1
9999,A,Flight,187,3,low,M,2,5967,5,3,0,Heavy,0,Low,0,0,0,1
10000,B,Flight,158,3,low,M,1,5502,3,3,0,Heavy,0,Low,1,0,0,1
10001,C,Flight,234,2,medium,F,4,5164,4,1,0,Heavy,0,Low,2,0,1,0
10002,F,Flight,224,5,medium,M,10,5602,6,4,0,Heavy,0,Low,4,0,1,1
10003,D,Flight,153,3,medium,M,3,4422,4,4,1,Heavy,0,Low,3,0,1,1
10004,F,Flight,125,2,low,F,2,4182,3,5,1,Heavy,0,Low,4,0,0,0
10005,A,Flight,204,3,medium,M,3,4310,4,1,0,Heavy,0,Low,0,0,1,1
10006,B,Flight,199,3,high,M,3,5127,3,1,0,Heavy,0,Low,1,0,2,1
10007,C,Flight,216,3,low,F,3,5149,3,4,0,Heavy,0,Low,2,0,0,0
10008,F,Flight,183,3,low,F,6,5712,4,3,1,Heavy,0,Low,4,0,0,0
10009,D,Flight,136,3,medium,F,4,5769,4,3,1,Heavy,0,Low,3,0,1,0
10010,F,Flight,269,3,low,F,3,4409,4,1,1,Heavy,1,Low,4,0,0,0
10011,A,Flight,105,4,low,M,6,5135,5,5,1,Heavy,0,Low,0,0,0,1
10012,B,Flight,253,2,low,F,4,4502,4,2,1,Heavy,1,Low,1,0,0,0
10013,C,Flight,263,3,medium,M,4,4616,3,1,0,Heavy,1,Low,2,0,1,1
10014,F,Flight,266,3,low,M,10,4382,4,1,0,Heavy,1,Low,4,0,0,1
10015,D,Flight,185,2,low,M,4,4746,3,3,0,Heavy,0,Low,3,0,0,1
10016,F,Flight,245,2,medium,F,1,4427,3,4,0,Heavy,0,Low,4,0,1,0
10017,A,Flight,184,3,medium,F,9,4969,3,5,0,Heavy,0,Low,0,0,1,0
10018,B,Flight,235,3,medium,F,8,4636,5,4,0,Heavy,0,Low,1,0,1,0
10019,C,Ship,247,3,medium,M,8,5194,3,2,0,Heavy,0,Low,2,2,1,1
10020,F,Ship,145,2,medium,M,9,5070,4,4,0,Heavy,0,Low,4,2,1,1
10021,D,Ship,158,2,low,F,4,5960,3,3,0,Heavy,0,Low,3,2,0,0
10022,F,Ship,268,2,low,M,2,4721,4,5,1,Heavy,1,Low,4,2,0,1
10023,A,Ship,186,3,medium,F,4,5515,3,1,1,Heavy,0,Low,0,2,1,0
10024,B,Ship,226,3,medium,M,8,5106,2,3,1,Heavy,0,Low,1,2,1,1
10025,C,Ship,258,3,medium,M,7,4466,5,1,1,Heavy,1,Low,2,2,1,1
10026,F,Ship,189,3,high,M,2,5464,3,4,0,Heavy,0,Low,4,2,2,1
10027,D,Ship,255,4,medium,F,4,4178,5,3,1,Heavy,1,Low,3,2,1,0
10028,F,Ship,207,4,low,F,1,5035,5,5,0,Heavy,0,Low,4,2,0,0
10029,A,Ship,271,3,low,M,2,5229,3,5,1,Heavy,1,Low,0,2,0,1
10030,B,Ship,239,4,medium,F,10,5455,3,4,1,Heavy,0,Low,1,2,1,0
10031,C,Ship,186,3,low,F,8,4969,4,4,1,Heavy,0,Low,2,2,0,0
10032,F,Ship,139,3,medium,F,7,4275,4,1,0,Heavy,0,Low,4,2,1,0
10033,D,Ship,224,6,medium,M,10,4221,3,3,0,Heavy,0,Low,3,2,1,1
10034,F,Ship,198,2,high,M,2,5662,4,2,0,Heavy,0,Low,4,2,2,1
10035,A,Ship,102,3,high,F,9,5644,4,4,1,Heavy,0,Low,0,2,2,0
10036,B,Ship,219,3,high,M,5,4321,3,3,0,Heavy,0,Low,1,2,2,1
10037,C,Ship,240,5,medium,M,8,4314,4,5,0,Heavy,0,Low,2,2,1,1
10038,F,Ship,222,2,medium,M,1,4021,3,2,1,Heavy,0,Low,4,2,1,1
10039,D,Ship,221,2,medium,F,3,4500,2,2,1,Heavy,0,Low,3,2,1,0
10040,F,Ship,229,2,medium,F,1,5294,5,3,1,Heavy,0,Low,4,2,1,0
10041,A,Ship,146,3,low,F,5,4725,5,2,0,Heavy,0,Low,0,2,0,0
10042,B,Ship,165,2,low,M,1,5661,3,3,0,Heavy,0,Low,1,2,0,1
10043,C,Ship,200,3,low,F,7,5807,4,4,1,Heavy,0,Low,2,2,0,0
10044,F,Ship,232,2,low,M,5,4907,4,2,0,Heavy,0,Low,4,2,0,1
10045,D,Ship,240,2,low,F,2,5655,5,5,0,Heavy,0,Low,3,2,0,0
10046,F,Ship,240,4,medium,M,7,4552,5,4,1,Heavy,0,Low,4,2,1,1
10047,A,Ship,187,3,medium,F,7,5334,3,2,0,Heavy,0,Low,0,2,1,0
10048,B,Ship,239,3,low,F,7,4960,5,4,0,Heavy,0,Low,1,2,0,0
10049,C,Ship,171,4,medium,F,6,5398,3,1,0,Heavy,0,Low,2,2,1,0
10050,F,Ship,239,4,medium,M,8,4039,4,2,0,Heavy,0,Low,4,2,1,1
10051,D,Ship,166,5,low,M,8,4493,4,2,0,Heavy,0,Low,3,2,0,1
10052,F,Ship,113,2,medium,F,7,5234,6,1,1,Heavy,0,Low,4,2,1,0
10053,A,Ship,104,5,low,F,6,4617,4,3,1,Heavy,0,Low,0,2,0,0
10054,B,Ship,270,3,medium,F,10,5417,3,4,0,Heavy,1,Low,1,2,1,0
10055,C,Ship,145,2,medium,M,8,4485,5,1,1,Heavy,0,Low,2,2,1,1
10056,F,Ship,171,3,medium,M,5,4075,3,5,1,Heavy,0,Low,4,2,1,1
10057,D,Ship,160,3,low,F,9,5799,4,5,1,Heavy,0,Low,3,2,0,0
10058,F,Ship,210,2,medium,F,1,5437,4,2,1,Heavy,0,Low,4,2,1,0
10059,A,Ship,256,4,medium,F,3,5324,4,1,0,Heavy,1,Low,0,2,1,0
10060,B,Ship,155,3,low,F,10,5315,4,5,1,Heavy,0,Low,1,2,0,0
10061,C,Ship,126,5,medium,F,2,5659,5,1,1,Heavy,0,Low,2,2,1,0
10062,F,Ship,189,3,low,M,1,4886,3,1,0,Heavy,0,Low,4,2,0,1
10063,D,Ship,206,3,high,M,2,5013,4,1,1,Heavy,0,Low,3,2,2,1
10064,F,Ship,242,2,medium,M,2,5879,4,3,0,Heavy,0,Low,4,2,1,1
10065,A,Ship,258,2,low,F,4,5262,3,1,0,Heavy,1,Low,0,2,0,0
10066,B,Ship,196,4,low,F,10,4871,4,4,1,Heavy,0,Low,1,2,0,0
10067,C,Ship,209,3,low,M,1,5186,3,3,0,Heavy,0,Low,2,2,0,1
10068,F,Ship,259,2,low,M,6,4308,4,4,1,Heavy,1,Low,4,2,0,1
10069,D,Ship,140,2,medium,F,8,4965,2,1,0,Heavy,0,Low,3,2,1,0
10070,F,Ship,141,2,medium,F,10,4651,5,3,0,Heavy,0,Low,4,2,1,0
10071,A,Ship,160,2,medium,M,5,4435,3,1,1,Heavy,0,Low,0,2,1,1
10072,B,Ship,208,4,medium,F,8,4116,5,4,0,Heavy,0,Low,1,2,1,0
10073,C,Ship,198,3,low,F,3,5322,3,4,0,Heavy,0,Low,2,2,0,0
10074,F,Ship,264,3,low,M,6,5959,4,4,1,Heavy,1,Low,4,2,0,1
10075,D,Ship,136,4,low,M,10,5911,4,3,0,Heavy,0,Low,3,2,0,1
10076,F,Ship,221,4,low,F,2,5595,4,4,1,Heavy,0,Low,4,2,0,0
10077,A,Ship,242,3,low,F,10,4889,5,3,1,Heavy,0,Low,0,2,0,0
10078,B,Ship,162,3,low,M,7,5614,4,2,0,Heavy,0,Low,1,2,0,1
10079,C,Ship,258,3,low,F,3,5422,4,5,1,Heavy,1,Low,2,2,0,0
10080,F,Ship,172,3,medium,F,3,4056,5,3,0,Heavy,0,Low,4,2,1,0
10081,D,Ship,222,4,medium,M,6,4733,4,4,0,Heavy,0,Low,3,2,1,1
10082,F,Ship,215,2,low,F,7,4305,3,2,0,Heavy,0,Low,4,2,0,0
10083,A,Ship,164,2,low,M,1,4067,3,4,1,Heavy,0,Low,0,2,0,1
10084,B,Ship,233,3,low,F,6,5560,5,1,0,Heavy,0,Low,1,2,0,0
10085,C,Ship,249,3,medium,F,1,5743,4,4,0,Heavy,0,Low,2,2,1,0
10086,F,Ship,217,3,low,F,3,5380,4,5,1,Heavy,0,Low,4,2,0,0
10087,D,Ship,260,3,low,M,1,4796,4,3,0,Heavy,1,Low,3,2,0,1
10088,F,Ship,219,2,medium,M,6,5314,4,1,0,Heavy,0,Low,4,2,1,1
10089,A,Ship,267,4,medium,M,2,4024,4,1,0,Heavy,1,Low,0,2,1,1
10090,B,Ship,137,4,low,F,9,4754,5,3,0,Heavy,0,Low,1,2,0,0
10091,C,Ship,141,2,low,M,1,4395,4,5,1,Heavy,0,Low,2,2,0,1
10092,F,Ship,201,2,medium,M,6,5729,4,2,0,Heavy,0,Low,4,2,1,1
10093,D,Ship,125,4,medium,M,3,5595,5,1,0,Heavy,0,Low,3,2,1,1
10094,F,Ship,173,2,medium,F,1,5927,3,1,1,Heavy,0,Low,4,2,1,0
10095,A,Ship,271,2,medium,F,6,4020,3,5,1,Heavy,1,Low,0,2,1,0
10096,B,Ship,243,3,low,M,9,5263,4,5,0,Heavy,0,Low,1,2,0,1
10097,C,Ship,151,3,low,F,9,4895,5,1,0,Heavy,0,Low,2,2,0,0
10098,F,Ship,224,4,medium,F,2,4503,4,4,1,Heavy,0,Low,4,2,1,0
10099,D,Ship,141,3,low,M,7,4682,3,2,0,Heavy,0,Low,3,2,0,1
10100,F,Ship,133,3,medium,M,10,5803,3,2,0,Heavy,0,Low,4,2,1,1
10101,A,Ship,239,3,low,M,4,5628,3,2,1,Heavy,0,Low,0,2,0,1
10102,B,Ship,203,2,low,M,8,5597,4,3,0,Heavy,0,Low,1,2,0,1
10103,C,Ship,220,3,low,F,9,5896,4,2,0,Heavy,0,Low,2,2,0,0
10104,F,Ship,212,2,low,M,8,5513,4,3,0,Heavy,0,Low,4,2,0,1
10105,D,Ship,252,4,medium,M,4,4787,2,4,0,Heavy,1,Low,3,2,1,1
10106,F,Ship,265,3,low,M,3,5637,5,5,0,Heavy,1,Low,4,2,0,1
10107,A,Ship,199,3,low,M,7,5342,4,2,0,Heavy,0,Low,0,2,0,1
10108,B,Ship,209,3,high,F,4,5413,3,5,0,Heavy,0,Low,1,2,2,0
10109,C,Ship,254,3,low,F,7,4363,4,5,0,Heavy,1,Low,2,2,0,0
10110,F,Ship,216,3,high,M,9,4032,2,3,1,Heavy,0,Low,4,2,2,1
10111,D,Ship,196,2,medium,M,2,5515,5,4,0,Heavy,0,Low,3,2,1,1
10112,F,Road,258,3,high,M,2,5420,4,4,0,Heavy,1,Low,4,1,2,1
10113,A,Road,137,3,high,M,7,5794,3,3,1,Heavy,0,Low,0,1,2,1
10114,B,Road,282,4,low,M,10,4901,6,5,0,Heavy,1,Low,1,1,0,1
10115,C,Road,156,2,medium,M,10,4276,3,2,0,Heavy,0,Low,2,1,1,1
10116,F,Road,237,5,medium,M,4,4917,4,5,0,Heavy,0,Low,4,1,1,1
10117,D,Road,170,3,medium,M,3,4695,4,5,1,Heavy,0,Low,3,1,1,1
10118,F,Road,243,3,high,F,9,4277,4,1,0,Heavy,0,Low,4,1,2,0
10119,A,Road,163,3,medium,F,2,4887,4,5,0,Heavy,0,Low,0,1,1,0
10120,B,Road,257,3,low,F,4,4883,3,4,0,Heavy,1,Low,1,1,0,0
10121,C,Road,179,6,medium,M,1,5433,5,4,0,Heavy,0,Low,2,1,1,1
10122,F,Road,274,4,medium,F,7,4828,3,3,0,Heavy,1,Low,4,1,1,0
10123,D,Road,174,2,low,F,4,4295,3,4,1,Heavy,0,Low,3,1,0,0
10124,F,Road,162,6,low,F,4,4094,4,2,0,Heavy,0,Low,4,1,0,0
10125,A,Road,269,6,medium,M,4,4423,6,2,0,Heavy,1,Low,0,1,1,1
10126,B,Road,147,2,low,M,8,4600,4,1,1,Heavy,0,Low,1,1,0,1
10127,C,Road,286,4,medium,F,5,4262,6,4,0,Heavy,1,Low,2,1,1,0
10128,F,Road,271,3,low,F,6,5471,2,5,1,Heavy,1,Low,4,1,0,0
10129,D,Road,130,4,high,M,4,4371,5,2,0,Heavy,0,Low,3,1,2,1
10130,F,Road,258,2,medium,F,2,4303,4,5,1,Heavy,1,Low,4,1,1,0
10131,A,Road,151,3,medium,F,1,4981,5,1,0,Heavy,0,Low,0,1,1,0
10132,B,Road,208,8,medium,F,4,5155,5,4,1,Heavy,0,Low,1,1,1,0
10133,C,Road,137,10,low,F,5,4510,6,2,0,Heavy,0,Low,2,1,0,0
10134,F,Flight,250,3,medium,F,8,5509,3,1,0,Heavy,0,Low,4,0,1,0
10135,D,Flight,211,2,low,F,4,4106,4,5,1,Heavy,0,Low,3,0,0,0
10136,F,Flight,196,3,medium,F,9,5216,4,1,1,Heavy,0,Low,4,0,1,0
10137,A,Flight,174,3,low,F,3,5366,3,4,1,Heavy,0,Low,0,0,0,0
10138,B,Flight,277,4,medium,F,5,1845,6,5,1,Light,1,Low,1,0,1,0
10139,C,Flight,284,4,low,F,7,1181,6,2,1,Light,1,Low,2,0,0,0
10140,F,Flight,258,5,low,M,3,1162,4,5,0,Light,1,Low,4,0,0,1
10141,D,Flight,254,4,low,M,9,1876,7,1,0,Light,1,Low,3,0,0,1
10142,F,Flight,263,5,medium,M,10,1789,5,5,1,Light,1,Low,4,0,1,1
10143,A,Flight,267,4,low,M,3,1550,6,5,0,Light,1,Low,0,0,0,1
10144,B,Flight,247,4,medium,M,2,1858,6,4,1,Light,0,Low,1,0,1,1
10145,C,Flight,233,5,medium,M,4,1622,5,1,0,Light,0,Low,2,0,1,1
10146,F,Flight,254,4,medium,F,6,1014,7,5,0,Light,1,Low,4,0,1,0
10147,D,Flight,289,5,medium,F,1,1949,6,3,1,Light,1,Low,3,0,1,0
10148,F,Flight,282,4,medium,F,9,1385,6,2,0,Light,1,Low,4,0,1,0
10149,A,Flight,243,6,medium,F,10,1189,5,3,1,Light,0,Low,0,0,1,0
10150,B,Flight,243,5,medium,M,8,1732,5,1,0,Light,0,Low,1,0,1,1
10151,C,Flight,228,5,low,M,2,1996,4,5,0,Light,0,Low,2,0,0,1
10152,F,Flight,235,5,low,F,8,1549,5,4,0,Light,0,Low,4,0,0,0
10153,D,Flight,274,6,low,M,8,1141,4,1,1,Light,1,Low,3,0,0,1
10154,F,Flight,254,5,medium,F,7,1615,6,3,1,Light,1,Low,4,0,1,0
10155,A,Flight,237,5,medium,F,6,4586,4,4,0,Heavy,0,Low,0,0,1,0
10156,B,Ship,170,3,medium,M,4,4062,4,4,0,Heavy,0,Low,1,2,1,1
10157,C,Ship,243,3,high,F,4,5082,4,4,1,Heavy,0,Low,2,2,2,0
10158,F,Ship,163,3,medium,M,1,4049,4,5,1,Heavy,0,Low,4,2,1,1
10159,D,Ship,257,3,low,M,5,4937,3,3,1,Heavy,1,Low,3,2,0,1
10160,F,Ship,179,6,medium,M,1,4930,5,3,1,Heavy,0,Low,4,2,1,1
10161,A,Ship,274,4,medium,M,4,4057,3,1,0,Heavy,1,Low,0,2,1,1
10162,B,Ship,174,2,low,M,7,4596,3,4,0,Heavy,0,Low,1,2,0,1
10163,C,Ship,162,6,low,M,1,5525,4,1,1,Heavy,0,Low,2,2,0,1
10164,F,Ship,269,6,medium,F,2,5363,6,1,0,Heavy,1,Low,4,2,1,0
10165,D,Ship,147,2,low,M,2,5431,4,3,0,Heavy,0,Low,3,2,0,1
10166,F,Ship,286,4,medium,F,4,4889,6,5,0,Heavy,1,Low,4,2,1,0
10167,A,Ship,271,3,low,M,9,4185,2,5,0,Heavy,1,Low,0,2,0,1
10168,B,Ship,130,4,high,F,9,4946,5,1,1,Heavy,0,Low,1,2,2,0
10169,C,Ship,258,2,medium,F,5,4562,4,4,0,Heavy,1,Low,2,2,1,0
10170,F,Ship,151,3,medium,M,2,5506,5,5,0,Heavy,0,Low,4,2,1,1
10171,D,Ship,208,8,medium,M,5,4751,5,2,0,Heavy,0,Low,3,2,1,1
10172,F,Ship,137,10,low,F,4,4490,6,2,0,Heavy,0,Low,4,2,0,0
10173,A,Ship,250,3,medium,M,6,4636,3,2,0,Heavy,0,Low,0,2,1,1
10174,B,Ship,211,2,low,F,6,5473,4,3,1,Heavy,0,Low,1,2,0,0
10175,C,Ship,196,3,medium,F,2,4320,4,4,1,Heavy,0,Low,2,2,1,0
10176,F,Ship,174,3,low,F,3,5207,3,2,1,Heavy,0,Low,4,2,0,0
10177,D,Ship,277,4,medium,F,6,1433,6,3,0,Light,1,Low,3,2,1,0
10178,F,Ship,284,4,low,F,3,1291,6,3,0,Light,1,Low,4,2,0,0
10179,A,Ship,258,5,low,M,9,1947,4,4,1,Light,1,Low,0,2,0,1
10180,B,Ship,254,4,low,M,6,1006,7,2,0,Light,1,Low,1,2,0,1
10181,C,Ship,263,5,medium,M,2,1417,5,5,0,Light,1,Low,2,2,1,1
10182,F,Ship,267,4,low,M,9,1146,6,1,1,Light,1,Low,4,2,0,1
10183,D,Ship,247,4,medium,M,3,1118,6,2,0,Light,0,Low,3,2,1,1
10184,F,Ship,233,5,medium,F,3,1398,5,3,0,Light,0,Low,4,2,1,0
10185,A,Ship,254,4,medium,F,1,1347,7,5,0,Light,1,Low,0,2,1,0
10186,B,Ship,289,5,medium,F,10,1607,6,2,1,Light,1,Low,1,2,1,0
10187,C,Ship,282,4,medium,F,8,1375,6,3,0,Light,1,Low,2,2,1,0
10188,F,Ship,243,6,medium,M,7,1752,5,2,0,Light,0,Low,4,2,1,1
10189,D,Ship,243,5,medium,F,4,1813,5,4,0,Light,0,Low,3,2,1,0
10190,F,Ship,228,5,low,F,6,1874,4,1,0,Light,0,Low,4,2,0,0
10191,A,Ship,235,5,low,M,8,1332,5,5,1,Light,0,Low,0,2,0,1
10192,B,Ship,306,4,low,F,4,1630,7,3,0,Light,1,Low,1,2,0,0
10193,C,Ship,189,2,low,F,6,1269,6,1,0,Light,0,Low,2,2,0,0
10194,F,Ship,280,4,low,M,4,1831,6,4,1,Light,1,Low,4,2,0,1
10195,D,Ship,310,4,medium,M,1,1494,6,4,1,Light,1,Low,3,2,1,1
10196,F,Ship,264,6,medium,F,10,1962,4,3,1,Light,1,Low,4,2,1,0
10197,A,Ship,243,6,low,M,9,1348,5,5,0,Light,0,Low,0,2,0,1
10198,B,Ship,245,5,low,M,5,1252,5,5,0,Light,0,Low,1,2,0,1
10199,C,Ship,239,6,low,M,1,1384,5,5,0,Light,0,Low,2,2,0,1
10200,F,Ship,248,5,low,F,7,1789,4,3,1,Light,0,Low,4,2,0,0
10201,D,Ship,268,4,low,F,1,1654,6,1,1,Light,1,Low,3,2,0,0
10202,F,Ship,271,4,low,F,6,1503,6,4,0,Light,1,Low,4,2,0,0
10203,A,Ship,233,5,low,F,8,1040,4,5,1,Light,0,Low,0,2,0,0
10204,B,Ship,245,5,low,M,9,1694,5,1,1,Light,0,Low,1,2,0,1
10205,C,Ship,248,5,medium,F,1,1845,5,2,1,Light,0,Low,2,2,1,0
10206,F,Ship,234,5,medium,M,6,1703,5,2,0,Light,0,Low,4,2,1,1
10207,D,Ship,259,5,medium,F,2,1054,4,2,0,Light,1,Low,3,2,1,0
10208,F,Ship,259,6,low,F,2,1876,5,1,0,Light,1,Low,4,2,0,0
10209,A,Ship,263,6,low,M,2,1851,5,2,0,Light,1,Low,0,2,0,1
10210,B,Ship,158,5,low,M,4,1171,3,1,1,Light,0,Low,1,2,0,1
10211,C,Ship,270,5,low,M,5,1852,5,5,1,Light,1,Low,2,2,0,1
10212,F,Ship,271,5,low,M,6,1555,4,3,1,Light,1,Low,4,2,0,1
10213,D,Ship,237,5,medium,F,9,1709,5,5,0,Light,0,Low,3,2,1,0
10214,F,Ship,250,4,medium,M,5,1747,6,1,0,Light,0,Low,4,2,1,1
10215,A,Ship,270,5,low,F,10,1340,4,2,0,Light,1,Low,0,2,0,0
10216,B,Ship,242,6,low,F,9,1858,4,5,0,Light,0,Low,1,2,0,0
10217,C,Ship,271,5,low,F,4,1557,5,1,1,Light,1,Low,2,2,0,0
10218,F,Ship,254,5,low,F,8,1851,4,3,0,Light,1,Low,4,2,0,0
10219,D,Ship,274,5,medium,M,7,1696,5,3,1,Light,1,Low,3,2,1,1
10220,F,Ship,249,5,low,F,10,1067,4,3,1,Light,0,Low,4,2,0,0
10221,A,Ship,245,5,low,M,7,1182,4,3,0,Light,0,Low,0,2,0,1
10222,B,Ship,237,5,low,F,9,1978,4,5,1,Light,0,Low,1,2,0,0
10223,C,Ship,238,6,low,M,2,1898,4,3,0,Light,0,Low,2,2,0,1
10224,F,Ship,242,5,low,F,6,1681,5,3,0,Light,0,Low,4,2,0,0
10225,D,Ship,217,6,medium,M,1,1761,5,5,0,Light,0,Low,3,2,1,1
10226,F,Ship,242,6,low,F,10,1531,4,2,1,Light,0,Low,4,2,0,0
10227,A,Ship,265,4,low,F,1,1345,6,1,1,Light,1,Low,0,2,0,0
10228,B,Ship,267,3,low,F,3,4566,3,4,0,Heavy,1,Low,1,2,0,0
10229,C,Ship,238,2,low,M,9,5158,3,1,0,Heavy,0,Low,2,2,0,1
10230,F,Ship,284,5,medium,F,4,5343,5,3,1,Heavy,1,Low,4,2,1,0
10231,D,Ship,137,3,medium,M,5,4854,4,3,1,Heavy,0,Low,3,2,1,1
10232,F,Ship,232,6,low,F,2,5281,2,1,1,Heavy,0,Low,4,2,0,0
10233,A,Ship,262,2,low,F,10,5951,3,3,1,Heavy,1,Low,0,2,0,0
10234,B,Ship,158,2,medium,M,6,4873,5,1,0,Heavy,0,Low,1,2,1,1
10235,C,Ship,226,4,low,F,10,5676,5,5,1,Heavy,0,Low,2,2,0,0
10236,F,Ship,199,2,low,M,4,5855,4,3,0,Heavy,0,Low,4,2,0,1
10237,D,Ship,175,2,medium,F,10,4927,4,4,0,Heavy,0,Low,3,2,1,0
10238,F,Ship,233,3,low,F,9,5039,5,1,0,Heavy,0,Low,4,2,0,0
10239,A,Ship,111,2,low,F,5,4038,2,5,1,Heavy,0,Low,0,2,0,0
10240,B,Ship,218,3,low,M,4,5363,5,2,1,Heavy,0,Low,1,2,0,1
10241,C,Ship,189,4,low,F,10,4166,5,1,1,Heavy,0,Low,2,2,0,0
10242,F,Ship,257,3,low,M,8,5944,4,3,0,Heavy,1,Low,4,2,0,1
10243,D,Ship,160,3,low,M,5,4492,4,2,0,Heavy,0,Low,3,2,0,1
10244,F,Ship,197,3,low,F,4,4858,3,3,1,Heavy,0,Low,4,2,0,0
10245,A,Ship,283,2,low,M,2,4207,3,5,0,Heavy,1,Low,0,2,0,1
10246,B,Ship,197,4,low,F,7,4141,5,5,1,Heavy,0,Low,1,2,0,0
10247,C,Ship,259,4,low,F,9,4084,3,1,1,Heavy,1,Low,2,2,0,0
10248,F,Ship,195,3,medium,M,5,5863,4,3,0,Heavy,0,Low,4,2,1,1
10249,D,Road,159,2,medium,M,5,4906,3,1,1,Heavy,0,Low,3,1,1,1
10250,F,Road,267,3,medium,F,8,5415,3,1,1,Heavy,1,Low,4,1,1,0
10251,A,Road,155,3,low,F,10,4485,5,2,1,Heavy,0,Low,0,1,0,0
10252,B,Road,267,2,low,F,9,5744,3,1,0,Heavy,1,Low,1,1,0,0
10253,C,Road,239,3,medium,F,9,4930,4,1,1,Heavy,0,Low,2,1,1,0
10254,F,Road,263,3,high,M,10,4911,3,1,0,Heavy,1,Low,4,1,2,1
10255,D,Road,217,3,medium,M,3,5433,3,5,0,Heavy,0,Low,3,1,1,1
10256,F,Road,173,3,low,M,4,4793,4,3,1,Heavy,0,Low,4,1,0,1
10257,A,Road,163,3,low,M,5,5887,2,2,0,Heavy,0,Low,0,1,0,1
10258,B,Road,232,5,low,F,2,5561,5,5,0,Heavy,0,Low,1,1,0,0
10259,C,Road,155,3,medium,M,5,4957,3,3,1,Heavy,0,Low,2,1,1,1
10260,F,Road,160,4,low,M,1,5341,3,4,0,Heavy,0,Low,4,1,0,1
10261,D,Road,200,3,medium,M,3,4225,5,4,0,Heavy,0,Low,3,1,1,1
10262,F,Road,160,2,medium,M,1,5741,4,1,1,Heavy,0,Low,4,1,1,1
10263,A,Road,220,3,low,M,7,5323,3,3,1,Heavy,0,Low,0,1,0,1
10264,B,Road,160,2,medium,F,3,4665,3,3,0,Heavy,0,Low,1,1,1,0
10265,C,Road,136,3,low,F,4,5368,3,4,0,Heavy,0,Low,2,1,0,0
10266,F,Road,252,3,high,F,2,5032,5,1,0,Heavy,1,Low,4,1,2,0
10267,D,Road,138,5,medium,F,5,5690,3,4,0,Heavy,0,Low,3,1,1,0
10268,F,Road,173,3,low,M,10,4616,4,4,0,Heavy,0,Low,4,1,0,1
10269,A,Road,198,3,low,M,2,4272,4,5,0,Heavy,0,Low,0,1,0,1
10270,B,Road,194,2,medium,F,3,5503,4,1,0,Heavy,0,Low,1,1,1,0
10271,C,Flight,157,3,medium,M,10,5898,4,5,1,Heavy,0,Low,2,0,1,1
10272,F,Flight,220,3,low,F,2,5065,3,3,1,Heavy,0,Low,4,0,0,0
10273,D,Flight,160,3,medium,M,5,4440,4,4,0,Heavy,0,Low,3,0,1,1
10274,F,Flight,214,2,low,M,7,5256,3,4,1,Heavy,0,Low,4,0,0,1
10275,A,Flight,213,3,medium,M,5,5247,5,5,0,Heavy,0,Low,0,0,1,1
10276,B,Flight,146,3,medium,M,8,5637,3,5,1,Heavy,0,Low,1,0,1,1
10277,C,Flight,176,5,low,M,2,5751,4,3,1,Heavy,0,Low,2,0,0,1
10278,F,Flight,219,4,low,F,6,4314,3,2,1,Heavy,0,Low,4,0,0,0
10279,D,Flight,164,3,medium,F,4,4495,4,3,0,Heavy,0,Low,3,0,1,0
10280,F,Flight,168,2,medium,F,7,4699,3,4,1,Heavy,0,Low,4,0,1,0
10281,A,Flight,167,3,low,M,9,5026,5,3,0,Heavy,0,Low,0,0,0,1
10282,B,Flight,152,3,medium,F,7,4244,3,2,0,Heavy,0,Low,1,0,1,0
10283,C,Flight,248,3,low,M,7,5335,5,4,1,Heavy,0,Low,2,0,0,1
10284,F,Flight,177,2,low,F,2,4906,3,5,1,Heavy,0,Low,4,0,0,0
10285,D,Flight,148,3,low,M,4,5716,4,4,1,Heavy,0,Low,3,0,0,1
10286,F,Flight,107,2,low,F,8,4460,4,2,0,Heavy,0,Low,4,0,0,0
10287,A,Flight,196,2,low,M,10,5180,6,2,1,Heavy,0,Low,0,0,0,1
10288,B,Flight,215,2,low,F,2,5661,3,3,0,Heavy,0,Low,1,0,0,0
10289,C,Flight,260,3,low,M,10,4331,4,5,0,Heavy,1,Low,2,0,0,1
10290,F,Flight,156,2,low,F,8,4817,5,5,0,Heavy,0,Low,4,0,0,0
10291,D,Flight,266,2,high,M,4,5116,4,1,0,Heavy,1,Low,3,0,2,1
10292,F,Flight,146,3,low,F,1,4831,4,1,1,Heavy,0,Low,4,0,0,0
10293,A,Ship,210,3,medium,F,10,5354,4,2,0,Heavy,0,Low,0,2,1,0
10294,B,Ship,144,2,medium,M,5,5867,2,4,0,Heavy,0,Low,1,2,1,1
10295,C,Ship,181,4,low,F,1,5812,3,5,0,Heavy,0,Low,2,2,0,0
10296,F,Ship,132,4,low,F,8,4339,5,5,1,Heavy,0,Low,4,2,0,0
10297,D,Ship,243,6,medium,F,9,5640,5,3,0,Heavy,0,Low,3,2,1,0
10298,F,Ship,166,4,medium,F,1,4536,4,3,0,Heavy,0,Low,4,2,1,0
10299,A,Ship,148,4,medium,F,4,5909,5,5,0,Heavy,0,Low,0,2,1,0
10300,B,Ship,221,5,low,M,9,4360,6,4,0,Heavy,0,Low,1,2,0,1
10301,C,Ship,207,3,medium,F,5,4702,4,2,1,Heavy,0,Low,2,2,1,0
10302,F,Ship,228,3,medium,M,4,5347,4,1,1,Heavy,0,Low,4,2,1,1
10303,D,Ship,161,3,medium,M,2,4174,3,2,1,Heavy,0,Low,3,2,1,1
10304,F,Ship,259,2,high,F,10,5265,4,2,0,Heavy,1,Low,4,2,2,0
10305,A,Ship,272,2,low,F,10,4962,4,5,0,Heavy,1,Low,0,2,0,0
10306,B,Ship,154,3,low,M,4,5393,4,4,1,Heavy,0,Low,1,2,0,1
10307,C,Ship,174,3,low,M,4,5625,4,2,0,Heavy,0,Low,2,2,0,1
10308,F,Ship,225,2,medium,F,5,5943,4,2,0,Heavy,0,Low,4,2,1,0
10309,D,Ship,209,3,medium,M,8,5591,3,5,0,Heavy,0,Low,3,2,1,1
10310,F,Ship,208,5,low,M,6,4537,6,1,0,Heavy,0,Low,4,2,0,1
10311,A,Ship,163,3,low,M,8,4921,4,4,1,Heavy,0,Low,0,2,0,1
10312,B,Ship,174,3,low,M,7,5672,3,5,1,Heavy,0,Low,1,2,0,1
10313,C,Ship,236,3,medium,F,1,5220,3,5,0,Heavy,0,Low,2,2,1,0
10314,F,Ship,229,6,medium,F,3,5689,3,2,1,Heavy,0,Low,4,2,1,0
10315,D,Ship,195,2,low,F,5,4660,3,4,1,Heavy,0,Low,3,2,0,0
10316,F,Ship,146,3,low,F,9,5871,4,2,1,Heavy,0,Low,4,2,0,0
10317,A,Ship,211,2,low,M,4,4978,3,2,1,Heavy,0,Low,0,2,0,1
10318,B,Ship,161,3,low,F,5,5999,2,2,1,Heavy,0,Low,1,2,0,0
10319,C,Ship,243,3,medium,F,9,4182,2,5,0,Heavy,0,Low,2,2,1,0
10320,F,Ship,169,2,medium,F,8,4281,3,3,1,Heavy,0,Low,4,2,1,0
10321,D,Ship,273,3,high,F,8,4530,3,4,1,Heavy,1,Low,3,2,2,0
10322,F,Ship,137,2,medium,M,3,4622,4,2,1,Heavy,0,Low,4,2,1,1
10323,A,Ship,96,2,high,F,9,4449,2,1,1,Heavy,0,Low,0,2,2,0
10324,B,Ship,177,4,medium,F,2,4873,5,5,0,Heavy,0,Low,1,2,1,0
10325,C,Ship,269,3,low,F,7,5211,4,1,1,Heavy,1,Low,2,2,0,0
10326,F,Ship,188,5,medium,M,7,5673,3,2,0,Heavy,0,Low,4,2,1,1
10327,D,Ship,238,3,low,F,10,4172,4,1,0,Heavy,0,Low,3,2,0,0
10328,F,Ship,172,5,medium,F,5,4805,5,2,0,Heavy,0,Low,4,2,1,0
10329,A,Ship,134,5,medium,M,2,5865,4,4,1,Heavy,0,Low,0,2,1,1
10330,B,Ship,191,2,medium,F,8,4806,4,2,1,Heavy,0,Low,1,2,1,0
10331,C,Ship,210,6,low,M,6,4203,5,3,1,Heavy,0,Low,2,2,0,1
10332,F,Ship,161,3,medium,F,2,5378,4,5,0,Heavy,0,Low,4,2,1,0
10333,D,Ship,161,5,medium,M,1,5779,5,4,1,Heavy,0,Low,3,2,1,1
10334,F,Ship,166,5,low,F,9,4472,4,1,0,Heavy,0,Low,4,2,0,0
10335,A,Ship,170,4,medium,F,9,4375,4,3,0,Heavy,0,Low,0,2,1,0
10336,B,Ship,251,3,medium,F,4,5291,3,1,0,Heavy,1,Low,1,2,1,0
10337,C,Ship,214,3,medium,M,3,4056,3,3,1,Heavy,0,Low,2,2,1,1
10338,F,Ship,197,3,medium,F,6,5395,4,3,0,Heavy,0,Low,4,2,1,0
10339,D,Ship,227,2,high,M,5,4269,3,3,1,Heavy,0,Low,3,2,2,1
10340,F,Ship,265,2,low,F,6,4660,4,5,1,Heavy,1,Low,4,2,0,0
10341,A,Ship,287,5,low,M,2,5611,6,5,1,Heavy,1,Low,0,2,0,1
10342,B,Ship,206,2,low,M,3,5113,3,5,1,Heavy,0,Low,1,2,0,1
10343,C,Ship,192,3,low,F,4,5578,4,2,1,Heavy,0,Low,2,2,0,0
10344,F,Ship,109,4,low,F,3,5264,2,1,1,Heavy,0,Low,4,2,0,0
10345,D,Ship,180,2,medium,M,7,5546,4,3,1,Heavy,0,Low,3,2,1,1
10346,F,Ship,224,3,medium,M,2,4015,3,2,0,Heavy,0,Low,4,2,1,1
10347,A,Ship,259,6,medium,M,1,5873,3,2,0,Heavy,1,Low,0,2,1,1
10348,B,Ship,269,3,medium,M,8,5364,3,4,1,Heavy,1,Low,1,2,1,1
10349,C,Ship,187,4,medium,F,1,4147,5,4,0,Heavy,0,Low,2,2,1,0
10350,F,Ship,185,3,low,F,2,5288,4,4,1,Heavy,0,Low,4,2,0,0
10351,D,Ship,241,2,medium,F,2,5448,5,2,0,Heavy,0,Low,3,2,1,0
10352,F,Ship,228,3,low,M,8,5643,2,5,1,Heavy,0,Low,4,2,0,1
10353,A,Ship,214,2,medium,F,9,4512,3,2,0,Heavy,0,Low,0,2,1,0
10354,B,Ship,196,6,low,M,6,5414,3,2,0,Heavy,0,Low,1,2,0,1
10355,C,Ship,175,3,low,M,6,4695,3,1,0,Heavy,0,Low,2,2,0,1
10356,F,Ship,171,3,medium,F,7,5318,3,5,1,Heavy,0,Low,4,2,1,0
10357,D,Ship,185,2,medium,M,5,4066,4,2,0,Heavy,0,Low,3,2,1,1
10358,F,Ship,226,3,low,M,9,4098,2,4,1,Heavy,0,Low,4,2,0,1
10359,A,Ship,265,3,low,F,4,4249,4,1,0,Heavy,1,Low,0,2,0,0
10360,B,Ship,205,4,medium,F,2,4690,4,4,1,Heavy,0,Low,1,2,1,0
10361,C,Ship,189,3,medium,F,9,4825,4,3,0,Heavy,0,Low,2,2,1,0
10362,F,Ship,141,3,medium,M,2,5512,3,4,0,Heavy,0,Low,4,2,1,1
10363,D,Ship,217,3,low,F,6,4887,3,3,0,Heavy,0,Low,3,2,0,0
10364,F,Ship,198,3,low,F,4,5863,4,2,0,Heavy,0,Low,4,2,0,0
10365,A,Ship,246,3,medium,F,2,4150,4,4,0,Heavy,0,Low,0,2,1,0
10366,B,Ship,261,4,medium,F,7,5731,3,4,0,Heavy,1,Low,1,2,1,0
10367,C,Ship,160,2,low,M,9,5940,4,3,0,Heavy,0,Low,2,2,0,1
10368,F,Ship,135,3,low,F,4,5734,5,5,0,Heavy,0,Low,4,2,0,0
10369,D,Ship,213,3,low,M,9,5526,5,2,0,Heavy,0,Low,3,2,0,1
10370,F,Ship,189,6,low,F,9,4668,3,4,1,Heavy,0,Low,4,2,0,0
10371,A,Ship,259,3,low,M,9,5148,4,1,1,Heavy,1,Low,0,2,0,1
10372,B,Ship,170,3,low,M,2,5671,4,5,0,Heavy,0,Low,1,2,0,1
10373,C,Ship,257,2,medium,M,5,4681,3,3,1,Heavy,1,Low,2,2,1,1
10374,F,Ship,143,2,low,M,8,4754,3,5,1,Heavy,0,Low,4,2,0,1
10375,D,Ship,258,3,low,F,10,4906,4,1,0,Heavy,1,Low,3,2,0,0
10376,F,Ship,216,2,low,M,4,5997,4,3,0,Heavy,0,Low,4,2,0,1
10377,A,Ship,169,3,low,F,8,4613,4,3,0,Heavy,0,Low,0,2,0,0
10378,B,Ship,165,2,low,M,2,5210,4,3,0,Heavy,0,Low,1,2,0,1
10379,C,Ship,245,3,medium,F,7,4480,4,4,1,Heavy,0,Low,2,2,1,0
10380,F,Ship,171,2,low,F,6,5719,4,1,1,Heavy,0,Low,4,2,0,0
10381,D,Ship,238,4,medium,M,9,4086,2,5,0,Heavy,0,Low,3,2,1,1
10382,F,Ship,265,3,medium,F,1,5385,4,2,0,Heavy,1,Low,4,2,1,0
10383,A,Ship,207,2,medium,M,5,4286,4,3,0,Heavy,0,Low,0,2,1,1
10384,B,Ship,257,3,medium,M,10,4670,3,4,1,Heavy,1,Low,1,2,1,1
10385,C,Ship,252,2,high,M,9,4278,3,4,0,Heavy,1,Low,2,2,2,1
10386,F,Road,272,2,low,F,4,5342,5,5,0,Heavy,1,Low,4,1,0,0
10387,D,Road,180,6,medium,M,3,5780,3,2,1,Heavy,0,Low,3,1,1,1
10388,F,Road,217,2,low,F,9,4345,5,1,0,Heavy,0,Low,4,1,0,0
10389,A,Road,149,3,medium,F,9,5952,3,1,1,Heavy,0,Low,0,1,1,0
10390,B,Road,185,2,low,M,6,4610,4,5,0,Heavy,0,Low,1,1,0,1
10391,C,Road,222,3,medium,M,10,5644,5,2,1,Heavy,0,Low,2,1,1,1
10392,F,Road,180,3,medium,M,4,5471,4,3,0,Heavy,0,Low,4,1,1,1
10393,D,Road,156,3,medium,M,1,4097,4,2,1,Heavy,0,Low,3,1,1,1
10394,F,Road,241,3,medium,M,10,5099,3,5,1,Heavy,0,Low,4,1,1,1
10395,A,Road,170,10,medium,F,3,5211,4,1,1,Heavy,0,Low,0,1,1,0
10396,B,Road,286,6,high,F,1,5035,3,2,1,Heavy,1,Low,1,1,2,0
10397,C,Road,232,5,medium,M,7,5653,3,4,1,Heavy,0,Low,2,1,1,1
10398,F,Road,171,3,low,M,6,4656,5,2,1,Heavy,0,Low,4,1,0,1
10399,D,Road,146,10,low,F,3,4152,4,4,1,Heavy,0,Low,3,1,0,0
10400,F,Road,189,10,medium,F,5,5470,4,2,0,Heavy,0,Low,4,1,1,0
10401,A,Road,235,3,high,M,8,4522,2,1,1,Heavy,0,Low,0,1,2,1
10402,B,Road,187,3,high,F,5,4897,4,2,1,Heavy,0,Low,1,1,2,0
10403,C,Road,166,3,high,F,5,5206,3,5,0,Heavy,0,Low,2,1,2,0
10404,F,Road,264,6,medium,F,6,1748,4,4,1,Light,1,Low,4,1,1,0
10405,D,Road,243,6,low,F,1,1856,5,3,0,Light,0,Low,3,1,0,0
10406,F,Road,245,5,low,F,9,1466,5,2,0,Light,0,Low,4,1,0,0
10407,A,Road,239,6,low,F,1,1984,5,5,0,Light,0,Low,0,1,0,0
10408,B,Flight,248,5,low,M,3,1093,4,3,0,Light,0,Low,1,0,0,1
10409,C,Flight,268,4,low,M,9,1793,6,4,0,Light,1,Low,2,0,0,1
10410,F,Flight,271,4,low,F,2,1893,6,2,1,Light,1,Low,4,0,0,0
10411,D,Flight,233,5,low,M,2,1079,4,3,0,Light,0,Low,3,0,0,1
10412,F,Flight,245,5,low,F,7,1092,5,1,0,Light,0,Low,4,0,0,0
10413,A,Flight,248,5,medium,M,8,1881,5,5,1,Light,0,Low,0,0,1,1
10414,B,Flight,234,5,medium,M,2,1030,5,1,1,Light,0,Low,1,0,1,1
10415,C,Flight,259,5,medium,M,2,1066,4,5,1,Light,1,Low,2,0,1,1
10416,F,Flight,259,6,low,M,1,1206,5,4,1,Light,1,Low,4,0,0,1
10417,D,Flight,263,6,low,F,6,1511,5,2,1,Light,1,Low,3,0,0,0
10418,F,Flight,158,5,low,M,9,1537,3,1,1,Light,0,Low,4,0,0,1
10419,A,Flight,270,5,low,F,1,1568,5,3,1,Light,1,Low,0,0,0,0
10420,B,Flight,238,4,medium,F,4,4780,2,1,0,Heavy,0,Low,1,0,1,0
10421,C,Flight,265,3,medium,M,3,5177,4,1,0,Heavy,1,Low,2,0,1,1
10422,F,Flight,207,2,medium,M,4,5227,4,3,1,Heavy,0,Low,4,0,1,1
10423,D,Flight,257,3,medium,M,9,5236,3,2,0,Heavy,1,Low,3,0,1,1
10424,F,Flight,252,2,high,M,1,5707,3,3,1,Heavy,1,Low,4,0,2,1
10425,A,Flight,272,2,low,M,1,4883,5,5,1,Heavy,1,Low,0,0,0,1
10426,B,Flight,180,6,medium,F,3,5605,3,4,0,Heavy,0,Low,1,0,1,0
10427,C,Flight,217,2,low,M,2,5469,5,4,1,Heavy,0,Low,2,0,0,1
10428,F,Flight,149,3,medium,F,3,4540,3,4,0,Heavy,0,Low,4,0,1,0
10429,D,Flight,185,2,low,F,4,5428,4,5,0,Heavy,0,Low,3,0,0,0
10430,F,Ship,222,3,medium,M,8,5559,5,4,1,Heavy,0,Low,4,2,1,1
10431,A,Ship,180,3,medium,M,6,4417,4,2,0,Heavy,0,Low,0,2,1,1
10432,B,Ship,156,3,medium,M,5,4946,4,2,1,Heavy,0,Low,1,2,1,1
10433,C,Ship,241,3,medium,F,10,5275,3,3,1,Heavy,0,Low,2,2,1,0
10434,F,Ship,170,10,medium,F,4,4696,4,2,1,Heavy,0,Low,4,2,1,0
10435,D,Ship,286,6,high,M,8,4777,3,5,0,Heavy,1,Low,3,2,2,1
10436,F,Ship,232,5,medium,M,10,5580,3,3,0,Heavy,0,Low,4,2,1,1
10437,A,Ship,171,3,low,F,1,5011,5,4,0,Heavy,0,Low,0,2,0,0
10438,B,Ship,146,10,low,M,1,4351,4,4,0,Heavy,0,Low,1,2,0,1
10439,C,Ship,189,10,medium,F,2,4505,4,1,1,Heavy,0,Low,2,2,1,0
10440,F,Ship,235,3,high,F,10,5775,2,5,1,Heavy,0,Low,4,2,2,0
10441,D,Ship,187,3,high,M,6,4567,4,4,0,Heavy,0,Low,3,2,2,1
10442,F,Ship,166,3,high,M,6,4247,3,4,0,Heavy,0,Low,4,2,2,1
10443,A,Ship,264,6,medium,F,7,1178,4,3,1,Light,1,Low,0,2,1,0
10444,B,Ship,243,6,low,F,10,1078,5,3,1,Light,0,Low,1,2,0,0
10445,C,Ship,245,5,low,M,8,1528,5,2,0,Light,0,Low,2,2,0,1
10446,F,Ship,239,6,low,M,9,1417,5,5,1,Light,0,Low,4,2,0,1
10447,D,Ship,248,5,low,F,6,1754,4,5,0,Light,0,Low,3,2,0,0
10448,F,Ship,268,4,low,M,7,1600,6,5,1,Light,1,Low,4,2,0,1
10449,A,Ship,271,4,low,F,6,1091,6,4,0,Light,1,Low,0,2,0,0
10450,B,Ship,233,5,low,M,5,1799,4,3,1,Light,0,Low,1,2,0,1
10451,C,Ship,245,5,low,M,7,1038,5,1,0,Light,0,Low,2,2,0,1
10452,F,Ship,248,5,medium,F,1,1945,5,5,1,Light,0,Low,4,2,1,0
10453,D,Ship,234,5,medium,M,9,1812,5,5,0,Light,0,Low,3,2,1,1
10454,F,Ship,259,5,medium,M,2,1574,4,3,0,Light,1,Low,4,2,1,1
10455,A,Ship,259,6,low,M,5,1382,5,5,1,Light,1,Low,0,2,0,1
10456,B,Ship,263,6,low,F,3,1665,5,1,1,Light,1,Low,1,2,0,0
10457,C,Ship,217,6,medium,M,6,1483,5,4,1,Light,0,Low,2,2,1,1
10458,F,Ship,242,6,low,M,5,1411,4,3,0,Light,0,Low,4,2,0,1
10459,D,Ship,255,6,low,F,2,1430,4,4,1,Light,1,Low,3,2,0,0
10460,F,Ship,277,3,medium,F,1,1738,2,3,0,Light,1,Low,4,2,1,0
10461,A,Ship,267,5,low,M,3,1933,4,2,1,Light,1,Low,0,2,0,1
10462,B,Ship,260,5,low,M,5,1370,5,4,0,Light,1,Low,1,2,0,1
10463,C,Ship,259,5,low,F,9,1951,4,5,1,Light,1,Low,2,2,0,0
10464,F,Ship,257,5,medium,F,6,1101,5,5,0,Light,1,Low,4,2,1,0
10465,D,Ship,228,5,low,F,2,1950,5,1,1,Light,0,Low,3,2,0,0
10466,F,Ship,255,6,low,F,3,1014,5,1,0,Light,1,Low,4,2,0,0
10467,A,Ship,262,6,low,M,10,1816,5,5,1,Light,1,Low,0,2,0,1
10468,B,Ship,262,5,medium,M,4,1196,5,1,0,Light,1,Low,1,2,1,1
10469,C,Ship,241,5,low,M,4,1348,5,1,1,Light,0,Low,2,2,0,1
10470,F,Ship,262,6,medium,F,4,1644,4,2,1,Light,1,Low,4,2,1,0
10471,D,Ship,263,6,medium,F,4,1644,4,2,0,Light,1,Low,3,2,1,0
10472,F,Ship,233,5,low,M,4,1668,4,3,0,Light,0,Low,4,2,0,1
10473,A,Ship,221,5,low,F,8,1109,5,3,0,Light,0,Low,0,2,0,0
10474,B,Ship,254,5,low,M,7,1967,5,5,0,Light,1,Low,1,2,0,1
10475,C,Ship,236,4,medium,M,2,1016,3,4,0,Light,0,Low,2,2,1,1
10476,F,Ship,258,5,high,F,9,1856,5,1,1,Light,1,Low,4,2,2,0
10477,D,Ship,223,5,medium,F,8,1559,4,2,1,Light,0,Low,3,2,1,0
10478,F,Ship,248,5,low,M,3,1642,5,1,1,Light,0,Low,4,2,0,1
10479,A,Ship,204,4,low,F,3,1667,4,1,0,Light,0,Low,0,2,0,0
10480,B,Ship,276,5,low,F,2,1246,4,1,0,Light,1,Low,1,2,0,0
10481,C,Ship,241,5,medium,M,1,1924,5,4,1,Light,0,Low,2,2,1,1
10482,F,Ship,263,5,low,M,5,1181,5,4,0,Light,1,Low,4,2,0,1
10483,D,Ship,265,5,medium,F,5,1864,5,2,0,Light,1,Low,3,2,1,0
10484,F,Ship,253,5,medium,F,3,1092,4,2,0,Light,1,Low,4,2,1,0
10485,A,Ship,257,5,high,F,2,1323,5,1,0,Light,1,Low,0,2,2,0
10486,B,Ship,259,6,medium,M,8,1096,4,2,1,Light,1,Low,1,2,1,1
10487,C,Ship,206,5,medium,F,10,1680,6,4,0,Light,0,Low,2,2,1,0
10488,F,Ship,254,5,medium,F,4,1030,5,2,0,Light,1,Low,4,2,1,0
10489,D,Ship,143,3,medium,F,3,4907,5,1,1,Heavy,0,Low,3,2,1,0
10490,F,Ship,169,2,low,M,6,4033,3,2,0,Heavy,0,Low,4,2,0,1
10491,A,Ship,194,4,low,F,8,4308,3,1,0,Heavy,0,Low,0,2,0,0
10492,B,Ship,248,3,low,M,7,5853,4,5,0,Heavy,0,Low,1,2,0,1
10493,C,Ship,153,3,medium,M,5,5952,4,1,0,Heavy,0,Low,2,2,1,1
10494,F,Ship,151,3,low,M,9,5082,3,3,0,Heavy,0,Low,4,2,0,1
10495,D,Ship,148,3,medium,M,7,4531,3,4,0,Heavy,0,Low,3,2,1,1
10496,F,Ship,214,6,medium,M,9,4736,4,2,1,Heavy,0,Low,4,2,1,1
10497,A,Ship,251,2,low,F,2,4839,4,1,1,Heavy,1,Low,0,2,0,0
10498,B,Ship,136,3,low,M,10,4933,2,3,0,Heavy,0,Low,1,2,0,1
10499,C,Ship,247,3,medium,M,8,5792,3,4,0,Heavy,0,Low,2,2,1,1
10500,F,Ship,239,2,low,F,10,5674,3,4,1,Heavy,0,Low,4,2,0,0
10501,D,Ship,247,3,low,M,5,5636,4,1,1,Heavy,0,Low,3,2,0,1
10502,F,Ship,184,2,high,F,3,4331,2,1,0,Heavy,0,Low,4,2,2,0
10503,A,Ship,248,3,medium,M,7,5588,3,1,0,Heavy,0,Low,0,2,1,1
10504,B,Ship,244,3,medium,M,7,4078,5,5,1,Heavy,0,Low,1,2,1,1
10505,C,Ship,252,3,low,M,7,5058,5,2,0,Heavy,1,Low,2,2,0,1
10506,F,Ship,136,4,low,F,3,4190,4,2,0,Heavy,0,Low,4,2,0,0
10507,D,Ship,200,4,low,F,1,4885,4,5,0,Heavy,0,Low,3,2,0,0
10508,F,Ship,187,2,low,M,6,5448,3,1,0,Heavy,0,Low,4,2,0,1
10509,A,Ship,222,2,medium,M,10,5115,4,2,1,Heavy,0,Low,0,2,1,1
10510,B,Ship,247,2,low,M,2,4975,3,4,1,Heavy,0,Low,1,2,0,1
10511,C,Ship,195,2,high,M,2,4669,3,2,1,Heavy,0,Low,2,2,2,1
10512,F,Ship,190,2,low,F,7,5834,4,3,1,Heavy,0,Low,4,2,0,0
10513,D,Ship,226,2,low,M,10,4706,4,5,1,Heavy,0,Low,3,2,0,1
10514,F,Ship,205,3,low,F,7,4490,3,4,0,Heavy,0,Low,4,2,0,0
10515,A,Ship,225,3,medium,M,9,4242,4,1,1,Heavy,0,Low,0,2,1,1
10516,B,Ship,275,3,medium,M,10,4183,2,3,1,Heavy,1,Low,1,2,1,1
10517,C,Ship,154,2,high,F,2,4998,3,4,0,Heavy,0,Low,2,2,2,0
10518,F,Ship,141,3,low,M,4,4534,5,5,0,Heavy,0,Low,4,2,0,1
10519,D,Ship,198,2,medium,M,8,5889,3,2,0,Heavy,0,Low,3,2,1,1
10520,F,Ship,263,2,low,M,9,4210,4,3,0,Heavy,1,Low,4,2,0,1
10521,A,Ship,184,3,medium,F,9,4500,4,4,0,Heavy,0,Low,0,2,1,0
10522,B,Ship,221,2,medium,M,9,4466,3,2,0,Heavy,0,Low,1,2,1,1
10523,C,Road,259,3,medium,M,7,4480,3,5,1,Heavy,1,Low,2,1,1,1
10524,F,Road,238,4,high,M,1,5702,4,4,1,Heavy,0,Low,4,1,2,1
10525,D,Road,188,3,high,F,6,4234,3,5,1,Heavy,0,Low,3,1,2,0
10526,F,Road,164,2,medium,F,3,4666,3,2,0,Heavy,0,Low,4,1,1,0
10527,A,Road,204,6,low,M,1,4943,4,1,0,Heavy,0,Low,0,1,0,1
10528,B,Road,237,3,medium,M,5,4285,5,5,1,Heavy,0,Low,1,1,1,1
10529,C,Road,235,6,medium,M,3,5591,6,1,0,Heavy,0,Low,2,1,1,1
10530,F,Road,235,2,medium,F,9,5116,3,2,0,Heavy,0,Low,4,1,1,0
10531,D,Road,263,3,medium,M,4,4081,3,5,1,Heavy,1,Low,3,1,1,1
10532,F,Road,236,4,medium,M,6,4457,5,4,0,Heavy,0,Low,4,1,1,1
10533,A,Road,146,2,low,M,2,4075,5,2,0,Heavy,0,Low,0,1,0,1
10534,B,Road,188,3,medium,M,8,5709,3,2,0,Heavy,0,Low,1,1,1,1
10535,C,Road,152,3,medium,F,3,5981,5,1,0,Heavy,0,Low,2,1,1,0
10536,F,Road,211,3,medium,F,7,4083,4,1,1,Heavy,0,Low,4,1,1,0
10537,D,Road,195,3,low,M,1,4236,4,3,1,Heavy,0,Low,3,1,0,1
10538,F,Road,180,4,medium,F,7,5609,4,4,1,Heavy,0,Low,4,1,1,0
10539,A,Road,213,6,medium,M,9,5418,3,2,1,Heavy,0,Low,0,1,1,1
10540,B,Road,171,3,medium,M,10,5971,4,1,0,Heavy,0,Low,1,1,1,1
10541,C,Road,253,4,medium,F,5,4761,3,5,1,Heavy,1,Low,2,1,1,0
10542,F,Road,228,4,low,F,8,4831,5,4,1,Heavy,0,Low,4,1,0,0
10543,D,Road,158,2,low,M,8,4086,3,4,0,Heavy,0,Low,3,1,0,1
10544,F,Road,158,3,low,M,10,4861,3,5,0,Heavy,0,Low,4,1,0,1
10545,A,Flight,195,2,low,F,3,4165,4,1,0,Heavy,0,Low,0,0,0,0
10546,B,Flight,202,4,low,F,2,5748,5,1,0,Heavy,0,Low,1,0,0,0
10547,C,Flight,209,3,medium,M,7,4717,4,4,1,Heavy,0,Low,2,0,1,1
10548,F,Flight,156,5,medium,M,7,5780,2,5,0,Heavy,0,Low,4,0,1,1
10549,D,Flight,199,3,medium,M,10,4925,3,4,1,Heavy,0,Low,3,0,1,1
10550,F,Flight,205,5,high,M,6,4756,6,2,0,Heavy,0,Low,4,0,2,1
10551,A,Flight,165,4,low,F,10,5965,6,3,0,Heavy,0,Low,0,0,0,0
10552,B,Flight,119,2,low,M,8,5290,5,3,1,Heavy,0,Low,1,0,0,1
10553,C,Flight,185,2,medium,F,9,4316,3,1,0,Heavy,0,Low,2,0,1,0
10554,F,Flight,178,5,low,F,5,4567,6,3,0,Heavy,0,Low,4,0,0,0
10555,D,Flight,248,3,medium,F,5,4667,4,3,0,Heavy,0,Low,3,0,1,0
10556,F,Flight,190,3,medium,M,4,5069,3,5,0,Heavy,0,Low,4,0,1,1
10557,A,Flight,227,3,high,M,8,4795,4,1,0,Heavy,0,Low,0,0,2,1
10558,B,Flight,255,5,low,F,6,4053,4,2,0,Heavy,1,Low,1,0,0,0
10559,C,Flight,214,2,medium,F,4,4077,3,5,1,Heavy,0,Low,2,0,1,0
10560,F,Flight,134,3,medium,M,3,5000,4,5,1,Heavy,0,Low,4,0,1,1
10561,D,Flight,216,3,low,F,3,5817,3,4,0,Heavy,0,Low,3,0,0,0
10562,F,Flight,183,2,low,M,5,5335,2,4,1,Heavy,0,Low,4,0,0,1
10563,A,Flight,190,5,high,F,7,4457,3,5,0,Heavy,0,Low,0,0,2,0
10564,B,Flight,219,2,low,M,4,4197,4,5,1,Heavy,0,Low,1,0,0,1
10565,C,Flight,207,2,medium,F,10,4070,3,2,1,Heavy,0,Low,2,0,1,0
10566,F,Flight,135,4,medium,M,4,4541,5,4,0,Heavy,0,Low,4,0,1,1
10567,D,Ship,254,2,medium,M,2,5957,3,4,0,Heavy,1,Low,3,2,1,1
10568,F,Ship,233,4,low,F,9,4541,3,5,0,Heavy,0,Low,4,2,0,0
10569,A,Ship,233,3,low,F,5,5421,4,4,0,Heavy,0,Low,0,2,0,0
10570,B,Ship,156,2,low,F,5,5216,4,4,0,Heavy,0,Low,1,2,0,0
10571,C,Ship,262,2,medium,M,4,5761,5,1,0,Heavy,1,Low,2,2,1,1
10572,F,Ship,201,3,medium,F,8,4315,3,1,0,Heavy,0,Low,4,2,1,0
10573,D,Ship,208,2,low,F,9,4887,5,1,0,Heavy,0,Low,3,2,0,0
10574,F,Ship,174,3,low,F,9,4380,3,1,1,Heavy,0,Low,4,2,0,0
10575,A,Ship,144,4,medium,M,8,4867,3,2,1,Heavy,0,Low,0,2,1,1
10576,B,Ship,184,3,low,F,5,4712,4,3,1,Heavy,0,Low,1,2,0,0
10577,C,Ship,196,3,low,F,5,4891,3,5,0,Heavy,0,Low,2,2,0,0
10578,F,Ship,251,4,low,M,10,4889,6,3,1,Heavy,1,Low,4,2,0,1
10579,D,Ship,160,3,low,M,1,4770,4,4,0,Heavy,0,Low,3,2,0,1
10580,F,Ship,176,4,low,M,10,5532,5,2,0,Heavy,0,Low,4,2,0,1
10581,A,Ship,235,3,low,F,9,5735,3,1,0,Heavy,0,Low,0,2,0,0
10582,B,Ship,152,4,medium,F,3,4006,4,2,0,Heavy,0,Low,1,2,1,0
10583,C,Ship,184,4,low,M,4,4030,4,3,1,Heavy,0,Low,2,2,0,1
10584,F,Ship,209,2,low,M,5,5713,3,2,0,Heavy,0,Low,4,2,0,1
10585,D,Ship,187,3,medium,F,5,4613,5,5,0,Heavy,0,Low,3,2,1,0
10586,F,Ship,160,5,low,M,6,4055,4,4,0,Heavy,0,Low,4,2,0,1
10587,A,Ship,258,3,low,F,5,5393,4,2,1,Heavy,1,Low,0,2,0,0
10588,B,Ship,166,3,medium,F,9,5275,3,5,1,Heavy,0,Low,1,2,1,0
10589,C,Ship,193,3,low,F,3,5919,4,1,0,Heavy,0,Low,2,2,0,0
10590,F,Ship,167,2,low,M,3,4722,3,2,1,Heavy,0,Low,4,2,0,1
10591,D,Ship,272,2,medium,M,9,5055,4,5,1,Heavy,1,Low,3,2,1,1
10592,F,Ship,222,2,low,M,1,5028,4,2,1,Heavy,0,Low,4,2,0,1
10593,A,Ship,189,3,low,F,10,5554,5,5,1,Heavy,0,Low,0,2,0,0
10594,B,Ship,188,2,medium,F,9,4610,2,5,0,Heavy,0,Low,1,2,1,0
10595,C,Ship,183,2,medium,F,6,4313,3,2,1,Heavy,0,Low,2,2,1,0
10596,F,Ship,183,2,low,F,1,4741,4,5,0,Heavy,0,Low,4,2,0,0
10597,D,Ship,167,3,low,F,4,5943,3,1,1,Heavy,0,Low,3,2,0,0
10598,F,Ship,258,3,medium,F,3,5365,2,2,1,Heavy,1,Low,4,2,1,0
10599,A,Ship,177,3,medium,M,5,5757,4,2,0,Heavy,0,Low,0,2,1,1
10600,B,Ship,226,3,medium,F,8,5000,3,1,0,Heavy,0,Low,1,2,1,0
10601,C,Ship,240,5,medium,F,5,4144,5,1,0,Heavy,0,Low,2,2,1,0
10602,F,Ship,158,3,low,F,6,5261,3,3,1,Heavy,0,Low,4,2,0,0
10603,D,Ship,176,4,low,M,1,5810,5,2,0,Heavy,0,Low,3,2,0,1
10604,F,Ship,230,4,low,M,3,4736,6,4,1,Heavy,0,Low,4,2,0,1
10605,A,Ship,238,3,low,F,3,5265,4,2,1,Heavy,0,Low,0,2,0,0
10606,B,Ship,254,3,low,F,9,5714,5,2,1,Heavy,1,Low,1,2,0,0
10607,C,Ship,209,3,high,F,5,5979,4,4,0,Heavy,0,Low,2,2,2,0
10608,F,Ship,245,4,medium,F,5,4660,4,3,0,Heavy,0,Low,4,2,1,0
10609,D,Ship,133,3,low,F,10,5640,3,1,0,Heavy,0,Low,3,2,0,0
10610,F,Ship,233,2,high,F,1,5320,4,4,0,Heavy,0,Low,4,2,2,0
10611,A,Ship,257,4,low,M,8,4692,3,1,1,Heavy,1,Low,0,2,0,1
10612,B,Ship,262,5,low,M,7,4157,5,3,0,Heavy,1,Low,1,2,0,1
10613,C,Ship,252,3,low,M,6,4013,5,2,1,Heavy,1,Low,2,2,0,1
10614,F,Ship,231,3,low,F,3,4649,3,3,1,Heavy,0,Low,4,2,0,0
10615,D,Ship,228,4,low,F,7,4068,3,5,1,Heavy,0,Low,3,2,0,0
10616,F,Ship,100,4,low,F,10,5163,3,2,0,Heavy,0,Low,4,2,0,0
10617,A,Ship,253,3,medium,F,7,5813,4,2,1,Heavy,1,Low,0,2,1,0
10618,B,Ship,160,3,medium,M,3,5662,3,4,0,Heavy,0,Low,1,2,1,1
10619,C,Ship,153,6,medium,F,7,4975,6,3,1,Heavy,0,Low,2,2,1,0
10620,F,Ship,270,2,low,M,4,4369,4,1,0,Heavy,1,Low,4,2,0,1
10621,D,Ship,156,3,medium,F,8,4701,4,3,1,Heavy,0,Low,3,2,1,0
10622,F,Ship,132,2,medium,M,1,5025,4,1,1,Heavy,0,Low,4,2,1,1
10623,A,Ship,98,2,medium,M,2,4125,5,5,1,Heavy,0,Low,0,2,1,1
10624,B,Ship,161,3,high,F,7,5338,5,5,1,Heavy,0,Low,1,2,2,0
10625,C,Ship,258,3,medium,M,10,5916,4,1,0,Heavy,1,Low,2,2,1,1
10626,F,Ship,228,2,medium,M,2,5640,3,2,0,Heavy,0,Low,4,2,1,1
10627,D,Ship,180,2,low,F,9,5208,5,4,0,Heavy,0,Low,3,2,0,0
10628,F,Ship,136,3,medium,F,7,4147,3,5,0,Heavy,0,Low,4,2,1,0
10629,A,Ship,228,2,low,M,5,4470,3,3,0,Heavy,0,Low,0,2,0,1
10630,B,Ship,274,4,low,M,3,5145,4,5,0,Heavy,1,Low,1,2,0,1
10631,C,Ship,208,2,low,F,6,5344,3,2,0,Heavy,0,Low,2,2,0,0
10632,F,Ship,230,3,high,F,5,5888,4,2,0,Heavy,0,Low,4,2,2,0
10633,D,Ship,273,4,low,M,3,5079,2,3,0,Heavy,1,Low,3,2,0,1
10634,F,Ship,253,2,medium,M,3,5159,5,1,1,Heavy,1,Low,4,2,1,1
10635,A,Ship,241,3,low,F,10,4120,3,1,0,Heavy,0,Low,0,2,0,0
10636,B,Ship,205,2,medium,M,10,4641,4,2,1,Heavy,0,Low,1,2,1,1
10637,C,Ship,132,3,low,F,2,5552,5,5,0,Heavy,0,Low,2,2,0,0
10638,F,Ship,151,3,low,F,10,4611,5,4,0,Heavy,0,Low,4,2,0,0
10639,D,Ship,163,4,medium,M,5,5593,4,3,0,Heavy,0,Low,3,2,1,1
10640,F,Ship,176,8,medium,F,1,4895,3,3,1,Heavy,0,Low,4,2,1,0
10641,A,Ship,169,3,low,M,1,4636,3,5,1,Heavy,0,Low,0,2,0,1
10642,B,Ship,133,4,low,F,10,4571,3,4,0,Heavy,0,Low,1,2,0,0
10643,C,Ship,184,5,low,M,3,5219,5,3,1,Heavy,0,Low,2,2,0,1
10644,F,Ship,258,3,medium,M,3,4811,2,4,0,Heavy,1,Low,4,2,1,1
10645,D,Ship,237,5,low,F,6,4622,2,2,1,Heavy,0,Low,3,2,0,0
10646,F,Ship,260,3,medium,F,4,5770,4,3,1,Heavy,1,Low,4,2,1,0
10647,A,Ship,159,2,medium,M,8,4326,3,2,0,Heavy,0,Low,0,2,1,1
10648,B,Ship,223,10,low,F,7,4273,3,3,1,Heavy,0,Low,1,2,0,0
10649,C,Ship,207,10,low,F,7,4423,3,3,0,Heavy,0,Low,2,2,0,0
10650,F,Ship,261,10,low,M,7,5208,4,5,0,Heavy,1,Low,4,2,0,1
10651,D,Ship,239,3,medium,F,7,5297,4,4,1,Heavy,0,Low,3,2,1,0
10652,F,Ship,222,3,low,M,6,5819,3,4,0,Heavy,0,Low,4,2,0,1
10653,A,Ship,143,4,low,F,3,5845,3,2,0,Heavy,0,Low,0,2,0,0
10654,B,Ship,157,3,medium,F,9,4547,2,2,1,Heavy,0,Low,1,2,1,0
10655,C,Ship,251,4,low,M,1,5011,5,1,1,Heavy,1,Low,2,2,0,1
10656,F,Ship,255,6,low,M,5,1708,4,4,1,Light,1,Low,4,2,0,1
10657,D,Ship,277,3,medium,M,6,1032,2,5,0,Light,1,Low,3,2,1,1
10658,F,Ship,267,5,low,M,7,1983,4,5,0,Light,1,Low,4,2,0,1
10659,A,Ship,260,5,low,F,2,1178,5,4,1,Light,1,Low,0,2,0,0
10660,B,Road,259,5,low,F,5,1065,4,4,1,Light,1,Low,1,1,0,0
10661,C,Road,257,5,medium,F,8,1128,5,1,1,Light,1,Low,2,1,1,0
10662,F,Road,228,5,low,F,4,1316,5,1,0,Light,0,Low,4,1,0,0
10663,D,Road,255,6,low,M,6,1610,5,2,0,Light,1,Low,3,1,0,1
10664,F,Road,262,6,low,M,3,1700,5,4,0,Light,1,Low,4,1,0,1
10665,A,Road,262,5,medium,M,1,1483,5,2,0,Light,1,Low,0,1,1,1
10666,B,Road,241,5,low,F,1,1146,5,1,0,Light,0,Low,1,1,0,0
10667,C,Road,262,6,medium,M,1,1249,4,5,0,Light,1,Low,2,1,1,1
10668,F,Road,263,6,medium,M,8,1123,4,3,1,Light,1,Low,4,1,1,1
10669,D,Road,233,5,low,F,10,1173,4,4,1,Light,0,Low,3,1,0,0
10670,F,Road,221,5,low,F,2,1855,5,2,0,Light,0,Low,4,1,0,0
10671,A,Road,254,5,low,M,10,1501,5,3,1,Light,1,Low,0,1,0,1
10672,B,Road,236,4,medium,F,10,1551,3,1,0,Light,0,Low,1,1,1,0
10673,C,Road,258,5,high,M,6,1059,5,2,0,Light,1,Low,2,1,2,1
10674,F,Road,223,5,medium,M,3,1395,4,2,1,Light,0,Low,4,1,1,1
10675,D,Road,208,2,low,F,3,5811,3,4,1,Heavy,0,Low,3,1,0,0
10676,F,Road,230,3,high,F,1,5114,4,3,1,Heavy,0,Low,4,1,2,0
10677,A,Road,273,4,low,F,7,4743,2,4,1,Heavy,1,Low,0,1,0,0
10678,B,Road,253,2,medium,F,9,5530,5,2,0,Heavy,1,Low,1,1,1,0
10679,C,Road,241,3,low,F,6,5261,3,3,0,Heavy,0,Low,2,1,0,0
10680,F,Road,205,2,medium,F,8,5876,4,4,0,Heavy,0,Low,4,1,1,0
10681,D,Road,132,3,low,M,7,4462,5,3,1,Heavy,0,Low,3,1,0,1
10682,F,Flight,151,3,low,F,4,5522,5,4,0,Heavy,0,Low,4,0,0,0
10683,A,Flight,163,4,medium,F,5,5751,4,2,0,Heavy,0,Low,0,0,1,0
10684,B,Flight,176,8,medium,M,10,4376,3,3,1,Heavy,0,Low,1,0,1,1
10685,C,Flight,169,3,low,F,4,5659,3,5,0,Heavy,0,Low,2,0,0,0
10686,F,Flight,133,4,low,M,10,4151,3,5,0,Heavy,0,Low,4,0,0,1
10687,D,Flight,184,5,low,F,5,4782,5,4,0,Heavy,0,Low,3,0,0,0
10688,F,Flight,258,3,medium,M,7,5736,2,4,0,Heavy,1,Low,4,0,1,1
10689,A,Flight,237,5,low,M,8,4461,2,2,0,Heavy,0,Low,0,0,0,1
10690,B,Flight,260,3,medium,M,6,4816,4,1,0,Heavy,1,Low,1,0,1,1
10691,C,Flight,159,2,medium,F,6,5269,3,3,0,Heavy,0,Low,2,0,1,0
10692,F,Flight,223,10,low,F,9,4337,3,4,0,Heavy,0,Low,4,0,0,0
10693,D,Flight,207,10,low,F,6,5856,3,4,0,Heavy,0,Low,3,0,0,0
10694,F,Flight,261,10,low,F,6,4347,4,3,1,Heavy,1,Low,4,0,0,0
10695,A,Flight,239,3,medium,M,7,5511,4,3,1,Heavy,0,Low,0,0,1,1
10696,B,Flight,222,3,low,F,10,5185,3,5,1,Heavy,0,Low,1,0,0,0
10697,C,Flight,143,4,low,M,6,5474,3,1,0,Heavy,0,Low,2,0,0,1
10698,F,Flight,157,3,medium,F,4,4888,2,5,0,Heavy,0,Low,4,0,1,0
10699,D,Flight,251,4,low,M,8,4190,5,4,1,Heavy,1,Low,3,0,0,1
10700,F,Flight,255,6,low,F,9,1322,4,4,0,Light,1,Low,4,0,0,0
10701,A,Flight,277,3,medium,F,6,1057,2,5,0,Light,1,Low,0,0,1,0
10702,B,Flight,267,5,low,F,2,1876,4,2,0,Light,1,Low,1,0,0,0
10703,C,Flight,260,5,low,F,2,1128,5,5,0,Light,1,Low,2,0,0,0
10704,F,Ship,259,5,low,M,6,1867,4,3,1,Light,1,Low,4,2,0,1
10705,D,Ship,257,5,medium,M,1,1619,5,1,0,Light,1,Low,3,2,1,1
10706,F,Ship,228,5,low,M,9,1044,5,4,0,Light,0,Low,4,2,0,1
10707,A,Ship,255,6,low,M,4,1255,5,4,1,Light,1,Low,0,2,0,1
10708,B,Ship,262,6,low,F,7,1774,5,2,0,Light,1,Low,1,2,0,0
10709,C,Ship,262,5,medium,F,9,1893,5,1,0,Light,1,Low,2,2,1,0
10710,F,Ship,241,5,low,F,5,1116,5,1,1,Light,0,Low,4,2,0,0
10711,D,Ship,262,6,medium,F,2,1069,4,2,0,Light,1,Low,3,2,1,0
10712,F,Ship,263,6,medium,M,10,1345,4,3,1,Light,1,Low,4,2,1,1
10713,A,Ship,233,5,low,F,8,1097,4,2,0,Light,0,Low,0,2,0,0
10714,B,Ship,221,5,low,F,8,1123,5,5,1,Light,0,Low,1,2,0,0
10715,C,Ship,254,5,low,M,10,1350,5,4,0,Light,1,Low,2,2,0,1
10716,F,Ship,254,5,medium,F,4,1926,5,2,0,Light,1,Low,4,2,1,0
10717,D,Ship,224,5,low,F,2,1022,5,2,0,Light,0,Low,3,2,0,0
10718,F,Ship,225,5,low,F,10,1310,4,3,0,Light,0,Low,4,2,0,0
10719,A,Ship,246,5,low,F,4,1072,5,2,1,Light,0,Low,0,2,0,0
10720,B,Ship,221,6,medium,M,6,1429,5,5,0,Light,0,Low,1,2,1,1
10721,C,Ship,257,5,medium,F,9,1080,4,3,0,Light,1,Low,2,2,1,0
10722,F,Ship,234,5,medium,M,8,1837,5,1,0,Light,0,Low,4,2,1,1
10723,D,Ship,216,6,low,M,9,1678,4,1,1,Light,0,Low,3,2,0,1
10724,F,Ship,221,5,low,M,7,1958,5,5,1,Light,0,Low,4,2,0,1
10725,A,Ship,249,5,low,M,2,1195,4,2,0,Light,0,Low,0,2,0,1
10726,B,Ship,240,5,low,M,8,1750,5,5,1,Light,0,Low,1,2,0,1
10727,C,Ship,219,5,low,M,8,1419,5,1,1,Light,0,Low,2,2,0,1
10728,F,Ship,219,5,low,M,10,1363,5,4,1,Light,0,Low,4,2,0,1
10729,D,Ship,278,4,medium,M,7,1879,3,2,0,Light,1,Low,3,2,1,1
10730,F,Ship,232,5,medium,M,5,1861,5,4,0,Light,0,Low,4,2,1,1
10731,A,Ship,253,5,low,F,1,1235,4,1,0,Light,1,Low,0,2,0,0
10732,B,Ship,253,5,low,F,10,1464,4,3,0,Light,1,Low,1,2,0,0
10733,C,Ship,261,5,low,F,6,1129,4,1,0,Light,1,Low,2,2,0,0
10734,F,Ship,251,6,low,F,5,1827,5,1,0,Light,1,Low,4,2,0,0
10735,D,Ship,275,5,low,M,4,1646,5,5,0,Light,1,Low,3,2,0,1
10736,F,Ship,229,6,medium,F,8,1175,4,4,0,Light,0,Low,4,2,1,0
10737,A,Ship,257,5,medium,F,10,1812,5,3,0,Light,1,Low,0,2,1,0
10738,B,Ship,229,5,low,F,1,1424,5,3,0,Light,0,Low,1,2,0,0
10739,C,Ship,255,5,medium,F,1,1918,4,1,1,Light,1,Low,2,2,1,0
10740,F,Ship,242,5,low,F,9,1716,5,3,0,Light,0,Low,4,2,0,0
10741,D,Ship,192,4,low,F,3,1406,4,3,1,Light,0,Low,3,2,0,0
10742,F,Ship,218,5,medium,F,4,1433,5,3,0,Light,0,Low,4,2,1,0
10743,A,Ship,219,6,low,F,9,1019,5,3,0,Light,0,Low,0,2,0,0
10744,B,Ship,261,5,medium,M,3,1644,5,1,1,Light,1,Low,1,2,1,1
10745,C,Ship,236,5,medium,F,7,1017,5,4,0,Light,0,Low,2,2,1,0
10746,F,Ship,257,6,low,M,2,1258,5,1,1,Light,1,Low,4,2,0,1
10747,D,Ship,252,5,medium,M,1,1539,4,4,1,Light,1,Low,3,2,1,1
10748,F,Ship,232,5,medium,F,3,1500,4,2,0,Light,0,Low,4,2,1,0
10749,A,Ship,229,5,low,M,9,1069,5,4,1,Light,0,Low,0,2,0,1
10750,B,Ship,202,3,medium,M,5,1556,3,1,1,Light,0,Low,1,2,1,1
10751,C,Ship,228,5,medium,F,4,1618,4,5,0,Light,0,Low,2,2,1,0
10752,F,Ship,244,6,low,F,1,1222,5,5,0,Light,0,Low,4,2,0,0
10753,D,Ship,260,5,low,M,4,1257,5,1,0,Light,1,Low,3,2,0,1
10754,F,Ship,245,5,low,M,8,1841,4,5,0,Light,0,Low,4,2,0,1
10755,A,Ship,227,5,medium,M,5,1186,5,5,0,Light,0,Low,0,2,1,1
10756,B,Ship,300,5,medium,M,6,1027,4,1,0,Light,1,Low,1,2,1,1
10757,C,Ship,160,5,low,F,3,1645,2,4,0,Light,0,Low,2,2,0,0
10758,F,Ship,274,5,low,M,6,1969,5,4,0,Light,1,Low,4,2,0,1
10759,D,Ship,260,5,low,F,5,1952,4,4,1,Light,1,Low,3,2,0,0
10760,F,Ship,253,5,low,M,6,1367,4,3,1,Light,1,Low,4,2,0,1
10761,A,Ship,218,5,low,M,8,1574,4,5,1,Light,0,Low,0,2,0,1
10762,B,Ship,220,5,low,F,4,1156,5,1,1,Light,0,Low,1,2,0,0
10763,C,Ship,253,5,medium,M,6,1326,5,2,0,Light,1,Low,2,2,1,1
10764,F,Ship,259,5,low,F,7,1871,5,1,1,Light,1,Low,4,2,0,0
10765,D,Ship,235,5,low,M,4,1259,5,1,1,Light,0,Low,3,2,0,1
10766,F,Ship,274,5,low,F,2,1558,5,1,1,Light,1,Low,4,2,0,0
10767,A,Ship,264,5,medium,M,4,1318,5,2,0,Light,1,Low,0,2,1,1
10768,B,Ship,258,5,medium,F,1,1010,4,2,0,Light,1,Low,1,2,1,0
10769,C,Ship,237,5,medium,M,5,1154,4,1,1,Light,0,Low,2,2,1,1
10770,F,Ship,273,6,medium,M,1,1826,4,1,0,Light,1,Low,4,2,1,1
10771,D,Ship,249,6,medium,M,7,1415,4,1,1,Light,0,Low,3,2,1,1
10772,F,Ship,250,6,medium,F,7,1292,4,1,0,Light,0,Low,4,2,1,0
10773,A,Ship,229,5,medium,F,7,1716,4,4,1,Light,0,Low,0,2,1,0
10774,B,Ship,223,5,low,F,2,1713,5,4,0,Light,0,Low,1,2,0,0
10775,C,Ship,272,5,medium,F,1,1149,4,1,0,Light,1,Low,2,2,1,0
10776,F,Ship,230,5,low,M,7,1996,5,3,0,Light,0,Low,4,2,0,1
10777,D,Ship,226,6,low,F,5,1981,5,2,1,Light,0,Low,3,2,0,0
10778,F,Ship,263,5,medium,F,1,1114,5,5,1,Light,1,Low,4,2,1,0
10779,A,Ship,243,5,low,M,7,1243,4,5,1,Light,0,Low,0,2,0,1
10780,B,Ship,269,5,medium,F,9,1165,5,2,0,Light,1,Low,1,2,1,0
10781,C,Ship,234,5,low,M,7,1871,4,4,0,Light,0,Low,2,2,0,1
10782,F,Ship,267,5,medium,F,2,1307,4,2,1,Light,1,Low,4,2,1,0
10783,D,Ship,240,2,low,M,8,1144,2,1,1,Light,0,Low,3,2,0,1
10784,F,Ship,247,5,medium,F,8,1842,5,1,1,Light,0,Low,4,2,1,0
10785,A,Ship,137,4,low,F,2,1034,5,3,0,Light,0,Low,0,2,0,0
10786,B,Ship,248,5,medium,F,5,1861,5,1,0,Light,0,Low,1,2,1,0
10787,C,Ship,222,6,low,F,3,1861,5,5,0,Light,0,Low,2,2,0,0
10788,F,Ship,169,3,medium,F,7,1897,4,2,0,Light,0,Low,4,2,1,0
10789,D,Ship,241,5,low,M,6,1324,4,3,0,Light,0,Low,3,2,0,1
10790,F,Ship,136,3,low,F,10,1826,6,3,0,Light,0,Low,4,2,0,0
10791,A,Ship,224,5,medium,F,5,1184,4,4,0,Light,0,Low,0,2,1,0
10792,B,Ship,259,5,medium,M,7,1042,4,2,1,Light,1,Low,1,2,1,1
10793,C,Ship,260,3,low,F,4,1338,6,1,1,Light,1,Low,2,2,0,0
10794,F,Ship,217,5,medium,M,10,1744,4,2,0,Light,0,Low,4,2,1,1
10795,D,Ship,224,5,low,F,7,1505,5,5,0,Light,0,Low,3,2,0,0
10796,F,Ship,232,5,medium,F,8,1265,4,3,0,Light,0,Low,4,2,1,0
10797,A,Road,156,4,low,F,6,1015,3,5,0,Light,0,Low,0,1,0,0
10798,B,Road,251,6,low,F,3,1297,4,2,0,Light,1,Low,1,1,0,0
10799,C,Road,253,5,medium,F,9,1438,4,2,0,Light,1,Low,2,1,1,0
10800,F,Road,245,6,medium,M,2,1727,4,3,1,Light,0,Low,4,1,1,1
10801,D,Road,253,6,low,F,1,1300,5,5,0,Light,1,Low,3,1,0,0
10802,F,Road,234,5,low,M,7,1691,5,3,1,Light,0,Low,4,1,0,1
10803,A,Road,229,5,low,F,3,1954,4,5,0,Light,0,Low,0,1,0,0
10804,B,Road,250,5,low,F,9,1897,5,2,0,Light,0,Low,1,1,0,0
10805,C,Road,268,5,medium,M,7,1932,4,3,1,Light,1,Low,2,1,1,1
10806,F,Road,269,5,medium,F,3,1120,5,5,0,Light,1,Low,4,1,1,0
10807,D,Road,242,5,low,M,3,1276,5,3,1,Light,0,Low,3,1,0,1
10808,F,Road,223,6,medium,F,10,1711,5,5,0,Light,0,Low,4,1,1,0
10809,A,Road,155,5,low,M,9,1740,2,4,1,Light,0,Low,0,1,0,1
10810,B,Road,220,6,medium,M,10,1878,4,2,1,Light,0,Low,1,1,1,1
10811,C,Road,256,3,medium,M,3,4480,4,3,0,Heavy,1,Low,2,1,1,1
10812,F,Road,162,3,low,F,4,5869,5,1,1,Heavy,0,Low,4,1,0,0
10813,D,Road,139,3,low,F,7,5199,3,3,1,Heavy,0,Low,3,1,0,0
10814,F,Road,207,3,medium,F,5,4847,4,3,1,Heavy,0,Low,4,1,1,0
10815,A,Road,174,5,medium,F,6,4677,5,1,0,Heavy,0,Low,0,1,1,0
10816,B,Road,216,2,low,F,1,4350,3,2,1,Heavy,0,Low,1,1,0,0
10817,C,Road,176,3,medium,M,9,5575,3,3,0,Heavy,0,Low,2,1,1,1
10818,F,Road,223,2,low,F,3,5765,4,3,1,Heavy,0,Low,4,1,0,0
10819,D,Flight,135,4,low,F,5,5934,4,1,0,Heavy,0,Low,3,0,0,0
10820,F,Flight,249,3,medium,F,4,5809,4,4,1,Heavy,0,Low,4,0,1,0
10821,A,Flight,157,5,low,M,10,4871,4,1,0,Heavy,0,Low,0,0,0,1
10822,B,Flight,102,3,medium,M,9,4459,3,1,1,Heavy,0,Low,1,0,1,1
10823,C,Flight,197,3,medium,M,8,4568,3,3,0,Heavy,0,Low,2,0,1,1
10824,F,Flight,203,2,low,M,10,4790,5,5,1,Heavy,0,Low,4,0,0,1
10825,D,Flight,244,2,medium,M,6,5217,5,1,0,Heavy,0,Low,3,0,1,1
10826,F,Flight,258,3,medium,M,8,5324,4,4,1,Heavy,1,Low,4,0,1,1
10827,A,Flight,167,2,low,F,10,5067,4,5,0,Heavy,0,Low,0,0,0,0
10828,B,Flight,225,3,medium,M,10,4972,6,5,0,Heavy,0,Low,1,0,1,1
10829,C,Flight,192,3,high,F,4,4339,3,3,1,Heavy,0,Low,2,0,2,0
10830,F,Flight,199,4,high,M,1,4163,4,4,1,Heavy,0,Low,4,0,2,1
10831,D,Flight,142,4,low,M,5,5749,5,5,0,Heavy,0,Low,3,0,0,1
10832,F,Flight,145,2,low,M,2,4753,5,4,0,Heavy,0,Low,4,0,0,1
10833,A,Flight,148,4,low,M,9,5536,3,1,0,Heavy,0,Low,0,0,0,1
10834,B,Flight,258,5,low,F,1,5376,6,5,0,Heavy,1,Low,1,0,0,0
10835,C,Flight,114,5,high,M,3,4423,2,4,0,Heavy,0,Low,2,0,2,1
10836,F,Flight,143,2,low,F,8,5291,5,4,0,Heavy,0,Low,4,0,0,0
10837,D,Flight,186,2,low,M,5,4851,6,4,1,Heavy,0,Low,3,0,0,1
10838,F,Flight,212,2,low,M,7,4742,3,4,0,Heavy,0,Low,4,0,0,1
10839,A,Flight,145,3,medium,M,1,5400,4,2,0,Heavy,0,Low,0,0,1,1
10840,B,Flight,148,3,medium,M,8,4240,4,3,1,Heavy,0,Low,1,0,1,1
10841,C,Ship,139,2,medium,M,2,4534,3,1,0,Heavy,0,Low,2,2,1,1
10842,F,Ship,169,2,medium,F,4,4466,3,5,1,Heavy,0,Low,4,2,1,0
10843,D,Ship,251,2,medium,F,5,5178,5,5,1,Heavy,1,Low,3,2,1,0
10844,F,Ship,154,2,low,M,1,5578,4,1,0,Heavy,0,Low,4,2,0,1
10845,A,Ship,150,3,medium,F,7,5980,5,2,0,Heavy,0,Low,0,2,1,0
10846,B,Ship,272,4,medium,F,9,5034,4,5,1,Heavy,1,Low,1,2,1,0
10847,C,Ship,197,2,low,F,7,4684,4,4,0,Heavy,0,Low,2,2,0,0
10848,F,Ship,169,2,low,M,2,5702,4,1,1,Heavy,0,Low,4,2,0,1
10849,D,Ship,201,4,medium,M,10,5565,3,2,0,Heavy,0,Low,3,2,1,1
10850,F,Ship,168,3,medium,F,3,5303,3,4,1,Heavy,0,Low,4,2,1,0
10851,A,Ship,202,3,low,M,7,4788,4,1,0,Heavy,0,Low,0,2,0,1
10852,B,Ship,241,4,medium,M,7,5519,5,1,1,Heavy,0,Low,1,2,1,1
10853,C,Ship,152,4,low,F,10,5913,5,5,1,Heavy,0,Low,2,2,0,0
10854,F,Ship,139,2,medium,F,3,5261,5,3,0,Heavy,0,Low,4,2,1,0
10855,D,Ship,204,5,medium,F,10,4251,5,5,0,Heavy,0,Low,3,2,1,0
10856,F,Ship,198,2,low,M,7,4996,3,3,1,Heavy,0,Low,4,2,0,1
10857,A,Ship,206,2,low,F,6,5646,6,5,1,Heavy,0,Low,0,2,0,0
10858,B,Ship,231,6,medium,F,3,5910,3,4,1,Heavy,0,Low,1,2,1,0
10859,C,Ship,166,3,medium,M,4,4716,3,1,0,Heavy,0,Low,2,2,1,1
10860,F,Ship,125,3,medium,M,9,5489,3,1,0,Heavy,0,Low,4,2,1,1
10861,D,Ship,237,3,high,M,7,4208,5,3,1,Heavy,0,Low,3,2,2,1
10862,F,Ship,145,3,medium,F,7,4386,4,1,1,Heavy,0,Low,4,2,1,0
10863,A,Ship,242,3,medium,M,9,5920,6,4,0,Heavy,0,Low,0,2,1,1
10864,B,Ship,261,3,low,M,4,5345,4,2,1,Heavy,1,Low,1,2,0,1
10865,C,Ship,148,3,low,M,7,4714,5,3,0,Heavy,0,Low,2,2,0,1
10866,F,Ship,148,4,low,F,2,5557,3,3,0,Heavy,0,Low,4,2,0,0
10867,D,Ship,185,2,low,M,3,5914,4,3,1,Heavy,0,Low,3,2,0,1
10868,F,Ship,195,3,low,M,7,4915,4,3,1,Heavy,0,Low,4,2,0,1
10869,A,Ship,219,3,medium,M,10,4947,4,4,0,Heavy,0,Low,0,2,1,1
10870,B,Ship,146,3,medium,M,7,4381,4,2,1,Heavy,0,Low,1,2,1,1
10871,C,Ship,125,4,medium,M,7,4203,4,3,1,Heavy,0,Low,2,2,1,1
10872,F,Ship,205,4,low,F,9,4819,3,5,1,Heavy,0,Low,4,2,0,0
10873,D,Ship,177,2,medium,M,3,4240,3,4,1,Heavy,0,Low,3,2,1,1
10874,F,Ship,190,2,low,M,9,5226,5,1,0,Heavy,0,Low,4,2,0,1
10875,A,Ship,137,4,low,M,6,4803,3,3,1,Heavy,0,Low,0,2,0,1
10876,B,Ship,255,3,medium,F,8,4471,3,2,0,Heavy,1,Low,1,2,1,0
10877,C,Ship,141,2,low,M,2,5923,3,3,0,Heavy,0,Low,2,2,0,1
10878,F,Ship,151,2,low,M,8,5724,4,4,0,Heavy,0,Low,4,2,0,1
10879,D,Ship,272,2,medium,M,6,4652,3,5,0,Heavy,1,Low,3,2,1,1
10880,F,Ship,265,2,low,F,4,4641,5,3,1,Heavy,1,Low,4,2,0,0
10881,A,Ship,148,3,low,M,1,4387,3,4,0,Heavy,0,Low,0,2,0,1
10882,B,Ship,123,4,low,F,10,5891,3,2,0,Heavy,0,Low,1,2,0,0
10883,C,Ship,244,2,medium,F,4,4992,5,2,1,Heavy,0,Low,2,2,1,0
10884,F,Ship,181,4,medium,F,3,5163,3,4,1,Heavy,0,Low,4,2,1,0
10885,D,Ship,221,3,medium,M,5,4024,4,4,0,Heavy,0,Low,3,2,1,1
10886,F,Ship,177,5,medium,M,7,4070,4,4,1,Heavy,0,Low,4,2,1,1
10887,A,Ship,226,2,low,F,2,4332,4,2,0,Heavy,0,Low,0,2,0,0
10888,B,Ship,275,3,medium,F,7,5382,4,1,1,Heavy,1,Low,1,2,1,0
10889,C,Ship,192,2,low,M,1,4429,4,4,0,Heavy,0,Low,2,2,0,1
10890,F,Ship,243,2,medium,F,5,4709,5,5,0,Heavy,0,Low,4,2,1,0
10891,D,Ship,188,4,medium,M,7,4024,4,3,1,Heavy,0,Low,3,2,1,1
10892,F,Ship,149,2,medium,F,2,5311,3,3,0,Heavy,0,Low,4,2,1,0
10893,A,Ship,167,2,low,F,7,5800,4,5,0,Heavy,0,Low,0,2,0,0
10894,B,Ship,211,3,low,M,4,5989,4,2,0,Heavy,0,Low,1,2,0,1
10895,C,Ship,248,3,medium,M,8,5171,3,2,0,Heavy,0,Low,2,2,1,1
10896,F,Ship,244,3,medium,M,4,5277,6,3,1,Heavy,0,Low,4,2,1,1
10897,D,Ship,133,4,low,F,10,5258,4,1,0,Heavy,0,Low,3,2,0,0
10898,F,Ship,242,2,low,M,9,4876,4,3,0,Heavy,0,Low,4,2,0,1
10899,A,Ship,222,2,high,M,3,5665,4,1,1,Heavy,0,Low,0,2,2,1
10900,B,Ship,229,3,medium,M,9,5075,2,1,0,Heavy,0,Low,1,2,1,1
10901,C,Ship,196,4,medium,M,8,4604,5,5,1,Heavy,0,Low,2,2,1,1
10902,F,Ship,201,2,medium,M,7,4320,4,4,0,Heavy,0,Low,4,2,1,1
10903,D,Ship,210,3,medium,M,9,5912,5,3,0,Heavy,0,Low,3,2,1,1
10904,F,Ship,241,4,low,F,9,5526,3,5,1,Heavy,0,Low,4,2,0,0
10905,A,Ship,218,2,low,M,4,4299,4,2,1,Heavy,0,Low,0,2,0,1
10906,B,Ship,210,3,medium,F,10,4324,2,2,1,Heavy,0,Low,1,2,1,0
10907,C,Ship,261,3,low,F,3,4673,4,1,1,Heavy,1,Low,2,2,0,0
10908,F,Ship,125,4,low,M,1,4097,2,1,1,Heavy,0,Low,4,2,0,1
10909,D,Ship,192,4,high,M,10,4570,4,1,1,Heavy,0,Low,3,2,2,1
10910,F,Ship,229,4,low,M,8,5385,4,2,0,Heavy,0,Low,4,2,0,1
10911,A,Ship,264,8,high,F,10,5759,5,5,1,Heavy,1,Low,0,2,2,0
10912,B,Ship,227,10,low,M,7,4403,4,5,0,Heavy,0,Low,1,2,0,1
10913,C,Ship,258,3,medium,F,9,4977,4,2,1,Heavy,1,Low,2,2,1,0
10914,F,Ship,164,4,medium,F,10,4560,3,2,1,Heavy,0,Low,4,2,1,0
10915,D,Ship,261,4,medium,F,6,4888,4,1,0,Heavy,1,Low,3,2,1,0
10916,F,Ship,220,10,medium,F,7,4598,4,4,0,Heavy,0,Low,4,2,1,0
10917,A,Ship,224,5,low,M,1,1600,5,1,0,Light,0,Low,0,2,0,1
10918,B,Ship,225,5,low,M,3,1488,4,1,0,Light,0,Low,1,2,0,1
10919,C,Ship,246,5,low,M,2,1185,5,3,0,Light,0,Low,2,2,0,1
10920,F,Ship,221,6,medium,F,7,1841,5,1,1,Light,0,Low,4,2,1,0
10921,D,Ship,257,5,medium,F,9,1869,4,4,1,Light,1,Low,3,2,1,0
10922,F,Ship,234,5,medium,F,9,1932,5,1,1,Light,0,Low,4,2,1,0
10923,A,Ship,216,6,low,M,10,1255,4,4,0,Light,0,Low,0,2,0,1
10924,B,Ship,221,5,low,F,3,1220,5,5,0,Light,0,Low,1,2,0,0
10925,C,Ship,249,5,low,M,1,1200,4,2,0,Light,0,Low,2,2,0,1
10926,F,Ship,240,5,low,M,10,1373,5,1,1,Light,0,Low,4,2,0,1
10927,D,Ship,219,5,low,F,6,1553,5,3,0,Light,0,Low,3,2,0,0
10928,F,Ship,219,5,low,M,7,1993,5,3,1,Light,0,Low,4,2,0,1
10929,A,Ship,278,4,medium,F,8,1785,3,5,0,Light,1,Low,0,2,1,0
10930,B,Ship,232,5,medium,M,5,1337,5,4,0,Light,0,Low,1,2,1,1
10931,C,Ship,253,5,low,F,2,1709,4,4,0,Light,1,Low,2,2,0,0
10932,F,Ship,253,5,low,M,6,1366,4,3,1,Light,1,Low,4,2,0,1
10933,D,Ship,261,5,low,F,8,1235,4,2,1,Light,1,Low,3,2,0,0
10934,F,Road,251,6,low,F,3,1562,5,1,0,Light,1,Low,4,1,0,0
10935,A,Road,275,5,low,M,4,1522,5,4,1,Light,1,Low,0,1,0,1
10936,B,Road,229,6,medium,F,5,1689,4,2,0,Light,0,Low,1,1,1,0
10937,C,Road,257,5,medium,M,8,1981,5,3,1,Light,1,Low,2,1,1,1
10938,F,Road,229,5,low,F,10,1951,5,3,0,Light,0,Low,4,1,0,0
10939,D,Road,255,5,medium,M,2,1186,4,2,1,Light,1,Low,3,1,1,1
10940,F,Road,242,5,low,F,10,1365,5,4,0,Light,0,Low,4,1,0,0
10941,A,Road,192,4,low,M,3,1689,4,1,0,Light,0,Low,0,1,0,1
10942,B,Road,218,5,medium,M,8,1651,5,1,1,Light,0,Low,1,1,1,1
10943,C,Road,219,6,low,F,2,1650,5,1,1,Light,0,Low,2,1,0,0
10944,F,Road,261,5,medium,M,10,1434,5,3,1,Light,1,Low,4,1,1,1
10945,D,Road,236,5,medium,F,4,1948,5,4,0,Light,0,Low,3,1,1,0
10946,F,Road,257,6,low,M,3,1379,5,2,1,Light,1,Low,4,1,0,1
10947,A,Road,252,5,medium,M,7,1134,4,2,1,Light,1,Low,0,1,1,1
10948,B,Road,232,5,medium,M,9,1145,4,1,0,Light,0,Low,1,1,1,1
10949,C,Road,229,5,low,F,3,1861,5,4,1,Light,0,Low,2,1,0,0
10950,F,Road,202,3,medium,M,7,1946,3,4,0,Light,0,Low,4,1,1,1
10951,D,Road,228,5,medium,M,8,1753,4,3,1,Light,0,Low,3,1,1,1
10952,F,Road,244,6,low,M,1,1199,5,2,0,Light,0,Low,4,1,0,1
10953,A,Road,260,5,low,F,3,1705,5,1,0,Light,1,Low,0,1,0,0
10954,B,Road,245,5,low,M,3,1496,4,1,1,Light,0,Low,1,1,0,1
10955,C,Road,261,3,low,F,8,5206,4,1,1,Heavy,1,Low,2,1,0,0
10956,F,Flight,125,4,low,M,5,5866,2,5,0,Heavy,0,Low,4,0,0,1
10957,D,Flight,192,4,high,M,7,4949,4,3,0,Heavy,0,Low,3,0,2,1
10958,F,Flight,229,4,low,F,7,4829,4,3,0,Heavy,0,Low,4,0,0,0
10959,A,Flight,264,8,high,M,2,5252,5,2,1,Heavy,1,Low,0,0,2,1
10960,B,Flight,227,10,low,F,10,4619,4,2,0,Heavy,0,Low,1,0,0,0
10961,C,Flight,258,3,medium,M,4,4578,4,4,0,Heavy,1,Low,2,0,1,1
10962,F,Flight,164,4,medium,M,6,5761,3,2,0,Heavy,0,Low,4,0,1,1
10963,D,Flight,261,4,medium,F,7,5600,4,1,1,Heavy,1,Low,3,0,1,0
10964,F,Flight,220,10,medium,M,8,4100,4,5,1,Heavy,0,Low,4,0,1,1
10965,A,Flight,224,5,low,M,5,1842,5,3,0,Light,0,Low,0,0,0,1
10966,B,Flight,225,5,low,M,1,1755,4,3,0,Light,0,Low,1,0,0,1
10967,C,Flight,246,5,low,F,6,1300,5,5,0,Light,0,Low,2,0,0,0
10968,F,Flight,221,6,medium,M,5,1944,5,4,0,Light,0,Low,4,0,1,1
10969,D,Flight,257,5,medium,F,4,1668,4,4,0,Light,1,Low,3,0,1,0
10970,F,Flight,234,5,medium,M,7,1524,5,2,0,Light,0,Low,4,0,1,1
10971,A,Flight,216,6,low,M,5,1272,4,4,0,Light,0,Low,0,0,0,1
10972,B,Flight,221,5,low,M,8,1718,5,5,0,Light,0,Low,1,0,0,1
10973,C,Flight,249,5,low,F,10,1762,4,1,1,Light,0,Low,2,0,0,0
10974,F,Flight,240,5,low,F,7,1923,5,2,0,Light,0,Low,4,0,0,0
10975,D,Flight,219,5,low,F,9,1505,5,2,0,Light,0,Low,3,0,0,0
10976,F,Flight,219,5,low,M,10,1276,5,2,0,Light,0,Low,4,0,0,1
10977,A,Flight,278,4,medium,M,9,1631,3,2,0,Light,1,Low,0,0,1,1
10978,B,Ship,232,5,medium,F,4,1561,5,4,0,Light,0,Low,1,2,1,0
10979,C,Ship,253,5,low,F,2,1362,4,1,0,Light,1,Low,2,2,0,0
10980,F,Ship,253,5,low,F,3,1086,4,2,1,Light,1,Low,4,2,0,0
10981,D,Ship,261,5,low,F,4,1649,4,4,1,Light,1,Low,3,2,0,0
10982,F,Ship,251,6,low,M,10,1196,5,2,0,Light,1,Low,4,2,0,1
10983,A,Ship,275,5,low,M,7,1623,5,1,1,Light,1,Low,0,2,0,1
10984,B,Ship,229,6,medium,M,1,1235,4,3,1,Light,0,Low,1,2,1,1
10985,C,Ship,257,5,medium,M,1,1102,5,1,1,Light,1,Low,2,2,1,1
10986,F,Ship,229,5,low,F,10,1040,5,1,1,Light,0,Low,4,2,0,0
10987,D,Ship,255,5,medium,M,5,1458,4,5,1,Light,1,Low,3,2,1,1
10988,F,Ship,242,5,low,F,10,1846,5,3,1,Light,0,Low,4,2,0,0
10989,A,Ship,192,4,low,F,2,1830,4,3,0,Light,0,Low,0,2,0,0
10990,B,Ship,218,5,medium,F,9,1603,5,1,0,Light,0,Low,1,2,1,0
10991,C,Ship,219,6,low,M,3,1098,5,4,0,Light,0,Low,2,2,0,1
10992,F,Ship,261,5,medium,M,9,1227,5,2,1,Light,1,Low,4,2,1,1
10993,D,Ship,236,5,medium,M,3,1906,5,1,0,Light,0,Low,3,2,1,1
10994,F,Ship,257,6,low,F,1,1150,5,1,0,Light,1,Low,4,2,0,0
10995,A,Ship,252,5,medium,F,1,1538,4,1,1,Light,1,Low,0,2,1,0
10996,B,Ship,232,5,medium,F,6,1247,4,1,0,Light,0,Low,1,2,1,0
10997,C,Ship,242,5,low,F,4,1155,5,4,0,Light,0,Low,2,2,0,0
10998,F,Ship,223,6,medium,M,2,1210,5,2,0,Light,0,Low,4,2,1,1
10999,D,Ship,155,5,low,F,6,1639,2,5,0,Light,0,Low,3,2,0,0
